2025-05-27 00:00:56 | INFO     | app.utils.file_utils:create_upload_directory:61 - Ensured upload directory exists: ./uploads
2025-05-27 00:00:56 | INFO     | app.utils.document_validator:_load_config:35 - Loaded document patterns: ['CRS_Property_Report_*', 'Zoning_*', 'MLS_*', 'Property_Tax_*', 'Flood_Map_*', 'Title_Search_*', 'Appraisal_*']
2025-05-27 00:00:56 | INFO     | app.utils.document_validator:_load_existing_checksums:60 - Loaded 23 existing checksums
2025-05-27 00:00:56 | INFO     | app.agents.ocr_normalization_agent:__init__:60 - Found Tesseract at: C:\Program Files\Tesseract-OCR\tesseract.exe
2025-05-27 00:00:57 | INFO     | app.agents.ocr_normalization_agent:__init__:97 - OCR & Normalization Agent initialized with Tesseract OCR support
2025-05-27 00:00:57 | INFO     | app.agents.ocr_normalization_agent:__init__:60 - Found Tesseract at: C:\Program Files\Tesseract-OCR\tesseract.exe
2025-05-27 00:00:57 | INFO     | app.agents.ocr_normalization_agent:__init__:97 - OCR & Normalization Agent initialized with Tesseract OCR support
2025-05-27 00:00:58 | INFO     | app.agents.nlu_extraction_agent:__init__:30 - Loaded spaCy model: en_core_web_sm
2025-05-27 00:00:58 | INFO     | app.agents.embedding_agent:__init__:31 - Embedding Agent initialized successfully
2025-05-27 00:00:58 | INFO     | app.agents.rag_agent:_get_connection:114 - Attempting to connect to database panoramascore as user asad_user...
2025-05-27 00:00:58 | INFO     | app.agents.rag_agent:_get_connection:123 - Database connection successful with PG_* parameters
2025-05-27 00:00:58 | INFO     | app.agents.rag_agent:__init__:66 - Vector extension already exists
2025-05-27 00:00:58 | INFO     | app.agents.rag_agent:__init__:86 - Successfully created or confirmed table public.real_estate_documents
2025-05-27 00:00:58 | INFO     | app.agents.rag_agent:__init__:96 - RAG Agent initialized with full vector search capabilities
2025-05-27 00:00:58 | INFO     | app.services.risk_scoring_service:_load_config:28 - Loaded risk scoring configuration for 11 fields
2025-05-27 00:00:58 | INFO     | app.services.field_validation_service:_load_config:25 - Loaded critical fields: ['parcel_id', 'tax_value', 'property_address', 'MLS_number']
2025-05-27 00:00:58 | INFO     | main:startup_event:606 - Starting PanoramaScore API
2025-05-27 00:00:58 | INFO     | main:startup_event:607 - Configuration: Upload folder=./uploads, Max file size=10MB
2025-05-27 00:00:58 | INFO     | main:startup_event:624 - Starting PanoramaScore API
2025-05-27 00:00:58 | INFO     | main:startup_event:625 - Configuration: Upload folder=./uploads, Max file size=10MB
2025-05-27 00:01:31 | WARNING  | app.utils.document_validator:is_valid_real_estate_document:95 - File HBFC-REPORT-JUNE-2024.pdf does not match any real estate document patterns
2025-05-27 00:01:31 | WARNING  | app.agents.document_ingest_agent:ingest_document:82 - File does not match standard naming patterns: HBFC-REPORT-JUNE-2024.pdf
2025-05-27 00:01:31 | INFO     | app.agents.document_ingest_agent:ingest_document:110 - File saved: ./uploads\a4326f7b-6160-4961-968a-d7b54f9fc049.pdf
2025-05-27 00:01:32 | WARNING  | app.agents.document_ingest_agent:ingest_document:138 - File integrity check failed: Duplicate content detected: This document has already been processed as HBFC-REPORT-JUNE-2024.pdf
2025-05-27 00:01:32 | INFO     | app.agents.document_ingest_agent:ingest_document:152 - Document type detected: digital_pdf, needs OCR: False, rotation: 0°
2025-05-27 00:01:32 | INFO     | app.agents.ocr_normalization_agent:process_document:276 - Detected document type: digital_pdf, needs OCR: False, rotation: 0°
2025-05-27 00:01:32 | INFO     | app.agents.ocr_normalization_agent:process_document:323 - Successfully extracted text from a4326f7b-6160-4961-968a-d7b54f9fc049.pdf
2025-05-27 00:01:33 | INFO     | app.agents.document_ingest_agent:ingest_document:169 - Updated YAML config with 4 extracted fields
2025-05-27 00:05:37 | WARNING  | app.utils.document_validator:is_valid_real_estate_document:95 - File Real Estate Table Creation.pdf does not match any real estate document patterns
2025-05-27 00:05:37 | WARNING  | app.agents.document_ingest_agent:ingest_document:82 - File does not match standard naming patterns: Real Estate Table Creation.pdf
2025-05-27 00:05:37 | INFO     | app.agents.document_ingest_agent:ingest_document:110 - File saved: ./uploads\168d055f-2d51-4780-b334-c4f343d0fc3a.pdf
2025-05-27 00:05:37 | WARNING  | app.agents.document_ingest_agent:ingest_document:138 - File integrity check failed: Duplicate content detected: This document has already been processed as Real Estate Table Creation.pdf
2025-05-27 00:05:37 | INFO     | app.agents.document_ingest_agent:ingest_document:152 - Document type detected: digital_pdf, needs OCR: False, rotation: 0°
2025-05-27 00:05:37 | INFO     | app.agents.ocr_normalization_agent:process_document:276 - Detected document type: digital_pdf, needs OCR: False, rotation: 0°
2025-05-27 00:05:37 | INFO     | app.agents.ocr_normalization_agent:process_document:323 - Successfully extracted text from 168d055f-2d51-4780-b334-c4f343d0fc3a.pdf
2025-05-27 00:05:38 | INFO     | app.agents.document_ingest_agent:ingest_document:169 - Updated YAML config with 9 extracted fields
2025-05-27 00:09:24 | INFO     | app.utils.document_validator:is_valid_real_estate_document:92 - File MLS_New_Property_Report.pdf matches pattern MLS_*
2025-05-27 00:09:24 | INFO     | app.agents.document_ingest_agent:ingest_document:110 - File saved: ./uploads\d9f4a76c-b70d-4fe2-b437-c64c77462c2e.pdf
2025-05-27 00:09:24 | INFO     | app.agents.document_ingest_agent:ingest_document:152 - Document type detected: digital_pdf, needs OCR: False, rotation: 0°
2025-05-27 00:09:24 | INFO     | app.agents.ocr_normalization_agent:process_document:276 - Detected document type: digital_pdf, needs OCR: False, rotation: 0°
2025-05-27 00:09:24 | INFO     | app.agents.ocr_normalization_agent:process_document:323 - Successfully extracted text from d9f4a76c-b70d-4fe2-b437-c64c77462c2e.pdf
2025-05-27 00:09:25 | INFO     | app.agents.document_ingest_agent:ingest_document:169 - Updated YAML config with 8 extracted fields
2025-05-27 00:09:25 | INFO     | app.agents.metadata_hashing_agent:process_document:38 - Generated metadata for MLS_New_Property_Report.pdf
2025-05-27 00:09:25 | INFO     | app.agents.ocr_normalization_agent:process_document:276 - Detected document type: digital_pdf, needs OCR: False, rotation: 0°
2025-05-27 00:09:25 | INFO     | app.agents.ocr_normalization_agent:process_document:323 - Successfully extracted text from d9f4a76c-b70d-4fe2-b437-c64c77462c2e.pdf
2025-05-27 00:09:32 | INFO     | app.agents.nlu_extraction_agent:extract_fields:104 - Extracted 4 fields from document
2025-05-27 00:09:32 | INFO     | main:process_document:467 - Calculated risk score: 30 based on extracted fields
2025-05-27 00:09:34 | INFO     | app.agents.embedding_agent:generate_embedding:95 - Successfully generated embedding of dimension 1536
2025-05-27 00:09:34 | INFO     | app.agents.embedding_agent:process_document:126 - Successfully processed document and generated embedding
2025-05-27 00:09:34 | INFO     | app.agents.rag_agent:_get_connection:114 - Attempting to connect to database panoramascore as user asad_user...
2025-05-27 00:09:34 | INFO     | app.agents.rag_agent:_get_connection:123 - Database connection successful with PG_* parameters
2025-05-27 00:09:34 | INFO     | app.agents.rag_agent:_get_connection:114 - Attempting to connect to database panoramascore as user asad_user...
2025-05-27 00:09:34 | INFO     | app.agents.rag_agent:_get_connection:123 - Database connection successful with PG_* parameters
2025-05-27 00:09:34 | INFO     | app.agents.rag_agent:_get_connection:114 - Attempting to connect to database panoramascore as user asad_user...
2025-05-27 00:09:34 | INFO     | app.agents.rag_agent:_get_connection:123 - Database connection successful with PG_* parameters
2025-05-27 00:09:34 | INFO     | app.agents.rag_agent:_get_connection:114 - Attempting to connect to database panoramascore as user asad_user...
2025-05-27 00:09:34 | INFO     | app.agents.rag_agent:_get_connection:123 - Database connection successful with PG_* parameters
2025-05-27 00:09:34 | WARNING  | app.agents.rag_agent:store_embedding:250 - No checksum available for document_5cb060be-7081-45ff-ae40-5549ed7f2667.pdf, using generated default
2025-05-27 00:09:34 | INFO     | app.agents.rag_agent:store_embedding:289 - Successfully stored embedding with ID: 5cb060be-7081-45ff-ae40-5549ed7f2667
2025-05-27 00:09:34 | INFO     | app.agents.rag_agent:_get_connection:114 - Attempting to connect to database panoramascore as user asad_user...
2025-05-27 00:09:34 | INFO     | app.agents.rag_agent:_get_connection:123 - Database connection successful with PG_* parameters
2025-05-27 00:09:34 | INFO     | app.agents.rag_agent:_get_connection:114 - Attempting to connect to database panoramascore as user asad_user...
2025-05-27 00:09:34 | INFO     | app.agents.rag_agent:_get_connection:123 - Database connection successful with PG_* parameters
2025-05-27 00:09:34 | INFO     | app.agents.rag_agent:find_similar_documents:360 - Found 1 similar documents
2025-05-27 00:09:34 | INFO     | app.agents.rag_agent:process_document:466 - Successfully processed document through RAG pipeline
2025-05-27 00:09:34 | INFO     | main:process_document:529 - Successfully processed document: MLS_New_Property_Report.pdf
2025-05-27 00:34:49 | INFO     | app.utils.document_validator:is_valid_real_estate_document:92 - File MLS_Property_3.pdf matches pattern MLS_*
2025-05-27 00:34:49 | INFO     | app.agents.document_ingest_agent:ingest_document:110 - File saved: ./uploads\7652b8bd-0082-4409-a7d4-b115fdc173e3.pdf
2025-05-27 00:34:49 | INFO     | app.agents.document_ingest_agent:ingest_document:152 - Document type detected: digital_pdf, needs OCR: False, rotation: 0°
2025-05-27 00:34:49 | INFO     | app.agents.ocr_normalization_agent:process_document:276 - Detected document type: digital_pdf, needs OCR: False, rotation: 0°
2025-05-27 00:34:49 | INFO     | app.agents.ocr_normalization_agent:process_document:323 - Successfully extracted text from 7652b8bd-0082-4409-a7d4-b115fdc173e3.pdf
2025-05-27 00:34:50 | INFO     | app.agents.document_ingest_agent:ingest_document:169 - Updated YAML config with 8 extracted fields
2025-05-27 00:34:50 | INFO     | app.agents.metadata_hashing_agent:process_document:38 - Generated metadata for MLS_Property_3.pdf
2025-05-27 00:34:50 | INFO     | app.agents.ocr_normalization_agent:process_document:276 - Detected document type: digital_pdf, needs OCR: False, rotation: 0°
2025-05-27 00:34:50 | INFO     | app.agents.ocr_normalization_agent:process_document:323 - Successfully extracted text from 7652b8bd-0082-4409-a7d4-b115fdc173e3.pdf
2025-05-27 00:34:50 | INFO     | app.agents.nlu_extraction_agent:extract_fields:104 - Extracted 4 fields from document
2025-05-27 00:34:50 | INFO     | main:process_document:467 - Calculated risk score: 30 based on extracted fields
2025-05-27 00:34:52 | INFO     | app.agents.embedding_agent:generate_embedding:95 - Successfully generated embedding of dimension 1536
2025-05-27 00:34:52 | INFO     | app.agents.embedding_agent:process_document:126 - Successfully processed document and generated embedding
2025-05-27 00:34:52 | INFO     | app.agents.rag_agent:_get_connection:114 - Attempting to connect to database panoramascore as user asad_user...
2025-05-27 00:34:52 | INFO     | app.agents.rag_agent:_get_connection:123 - Database connection successful with PG_* parameters
2025-05-27 00:34:52 | INFO     | app.agents.rag_agent:_get_connection:114 - Attempting to connect to database panoramascore as user asad_user...
2025-05-27 00:34:52 | INFO     | app.agents.rag_agent:_get_connection:123 - Database connection successful with PG_* parameters
2025-05-27 00:34:52 | INFO     | app.agents.rag_agent:_get_connection:114 - Attempting to connect to database panoramascore as user asad_user...
2025-05-27 00:34:52 | INFO     | app.agents.rag_agent:_get_connection:123 - Database connection successful with PG_* parameters
2025-05-27 00:34:52 | INFO     | app.agents.rag_agent:_get_connection:114 - Attempting to connect to database panoramascore as user asad_user...
2025-05-27 00:34:52 | INFO     | app.agents.rag_agent:_get_connection:123 - Database connection successful with PG_* parameters
2025-05-27 00:34:52 | WARNING  | app.agents.rag_agent:store_embedding:250 - No checksum available for document_6db4c1d9-5fbd-4268-9b21-a1f56b099aae.pdf, using generated default
2025-05-27 00:34:52 | INFO     | app.agents.rag_agent:store_embedding:289 - Successfully stored embedding with ID: 6db4c1d9-5fbd-4268-9b21-a1f56b099aae
2025-05-27 00:34:52 | INFO     | app.agents.rag_agent:_get_connection:114 - Attempting to connect to database panoramascore as user asad_user...
2025-05-27 00:34:52 | INFO     | app.agents.rag_agent:_get_connection:123 - Database connection successful with PG_* parameters
2025-05-27 00:34:52 | INFO     | app.agents.rag_agent:_get_connection:114 - Attempting to connect to database panoramascore as user asad_user...
2025-05-27 00:34:52 | INFO     | app.agents.rag_agent:_get_connection:123 - Database connection successful with PG_* parameters
2025-05-27 00:34:52 | INFO     | app.agents.rag_agent:find_similar_documents:360 - Found 2 similar documents
2025-05-27 00:34:52 | INFO     | app.agents.rag_agent:process_document:466 - Successfully processed document through RAG pipeline
2025-05-27 00:34:52 | INFO     | main:process_document:529 - Successfully processed document: MLS_Property_3.pdf
2025-05-27 00:39:07 | WARNING  | app.utils.document_validator:is_valid_real_estate_document:95 - File Listing-2-Scanned.jpg does not match any real estate document patterns
2025-05-27 00:39:07 | WARNING  | app.agents.document_ingest_agent:ingest_document:82 - File does not match standard naming patterns: Listing-2-Scanned.jpg
2025-05-27 00:39:07 | INFO     | app.agents.document_ingest_agent:ingest_document:110 - File saved: ./uploads\7effebc0-9852-4e99-a144-32057aa58800.jpg
2025-05-27 00:39:11 | INFO     | app.agents.document_ingest_agent:ingest_document:152 - Document type detected: scanned_image, needs OCR: True, rotation: 0°
2025-05-27 00:39:14 | INFO     | app.agents.ocr_normalization_agent:process_document:276 - Detected document type: scanned_image, needs OCR: True, rotation: 0°
2025-05-27 00:39:16 | INFO     | app.utils.ocr_preprocessor:preprocess_image:58 - Image preprocessed successfully: C:\Users\GSC-057\AppData\Local\Temp\7effebc0-9852-4e99-a144-32057aa58800_preprocessed.jpg
2025-05-27 00:41:43 | ERROR    | app.agents.ocr_normalization_agent:_process_image:639 - Error processing image ./uploads\7effebc0-9852-4e99-a144-32057aa58800.jpg: (3221225786, 'ObjectCache(00007ffd88a56600)::~ObjectCache(): WARNING! LEAK! object 000001af9ebded40 still has count 1 (id C:\\Program Files\\Tesseract-OCR/tessdata/eng.traineddatalstm-punc-dawg) ObjectCache(00007ffd88a56600)::~ObjectCache(): WARNING! LEAK! object 000001af9f573840 still has count 1 (id C:\\Program Files\\Tesseract-OCR/tessdata/eng.traineddatalstm-word-dawg) ObjectCache(00007ffd88a56600)::~ObjectCache(): WARNING! LEAK! object 000001af9f5737d0 still has count 1 (id C:\\Program Files\\Tesseract-OCR/tessdata/eng.traineddatalstm-number-dawg)')
2025-05-27 00:41:43 | ERROR    | app.agents.ocr_normalization_agent:process_document:327 - Error processing document ./uploads\7effebc0-9852-4e99-a144-32057aa58800.jpg: (3221225786, 'ObjectCache(00007ffd88a56600)::~ObjectCache(): WARNING! LEAK! object 000001af9ebded40 still has count 1 (id C:\\Program Files\\Tesseract-OCR/tessdata/eng.traineddatalstm-punc-dawg) ObjectCache(00007ffd88a56600)::~ObjectCache(): WARNING! LEAK! object 000001af9f573840 still has count 1 (id C:\\Program Files\\Tesseract-OCR/tessdata/eng.traineddatalstm-word-dawg) ObjectCache(00007ffd88a56600)::~ObjectCache(): WARNING! LEAK! object 000001af9f5737d0 still has count 1 (id C:\\Program Files\\Tesseract-OCR/tessdata/eng.traineddatalstm-number-dawg)')
2025-05-27 00:41:43 | ERROR    | app.agents.document_ingest_agent:_process_document_with_ocr:196 - Error processing document with OCR: (3221225786, 'ObjectCache(00007ffd88a56600)::~ObjectCache(): WARNING! LEAK! object 000001af9ebded40 still has count 1 (id C:\\Program Files\\Tesseract-OCR/tessdata/eng.traineddatalstm-punc-dawg) ObjectCache(00007ffd88a56600)::~ObjectCache(): WARNING! LEAK! object 000001af9f573840 still has count 1 (id C:\\Program Files\\Tesseract-OCR/tessdata/eng.traineddatalstm-word-dawg) ObjectCache(00007ffd88a56600)::~ObjectCache(): WARNING! LEAK! object 000001af9f5737d0 still has count 1 (id C:\\Program Files\\Tesseract-OCR/tessdata/eng.traineddatalstm-number-dawg)')
2025-05-27 00:41:43 | INFO     | app.agents.metadata_hashing_agent:process_document:38 - Generated metadata for Listing-2-Scanned.jpg
2025-05-27 00:41:45 | INFO     | app.agents.ocr_normalization_agent:process_document:276 - Detected document type: scanned_image, needs OCR: True, rotation: 0°
2025-05-27 00:41:46 | INFO     | app.utils.ocr_preprocessor:preprocess_image:58 - Image preprocessed successfully: C:\Users\GSC-057\AppData\Local\Temp\7effebc0-9852-4e99-a144-32057aa58800_preprocessed.jpg
2025-05-27 00:41:47 | ERROR    | app.agents.ocr_normalization_agent:_process_image:639 - Error processing image ./uploads\7effebc0-9852-4e99-a144-32057aa58800.jpg: (3221225786, 'ObjectCache(00007ffd88a86600)::~ObjectCache(): WARNING! LEAK! object 00000218bb870ab0 still has count 1 (id C:\\Program Files\\Tesseract-OCR/tessdata/eng.traineddatalstm-punc-dawg) ObjectCache(00007ffd88a86600)::~ObjectCache(): WARNING! LEAK! object 00000218bc143950 still has count 1 (id C:\\Program Files\\Tesseract-OCR/tessdata/eng.traineddatalstm-word-dawg) ObjectCache(00007ffd88a86600)::~ObjectCache(): WARNING! LEAK! object 00000218bc202f50 still has count 1 (id C:\\Program Files\\Tesseract-OCR/tessdata/eng.traineddatalstm-number-dawg)')
2025-05-27 00:41:47 | ERROR    | app.agents.ocr_normalization_agent:process_document:327 - Error processing document ./uploads\7effebc0-9852-4e99-a144-32057aa58800.jpg: (3221225786, 'ObjectCache(00007ffd88a86600)::~ObjectCache(): WARNING! LEAK! object 00000218bb870ab0 still has count 1 (id C:\\Program Files\\Tesseract-OCR/tessdata/eng.traineddatalstm-punc-dawg) ObjectCache(00007ffd88a86600)::~ObjectCache(): WARNING! LEAK! object 00000218bc143950 still has count 1 (id C:\\Program Files\\Tesseract-OCR/tessdata/eng.traineddatalstm-word-dawg) ObjectCache(00007ffd88a86600)::~ObjectCache(): WARNING! LEAK! object 00000218bc202f50 still has count 1 (id C:\\Program Files\\Tesseract-OCR/tessdata/eng.traineddatalstm-number-dawg)')
2025-05-27 00:41:47 | ERROR    | main:process_document:431 - Error during OCR & text extraction: (3221225786, 'ObjectCache(00007ffd88a86600)::~ObjectCache(): WARNING! LEAK! object 00000218bb870ab0 still has count 1 (id C:\\Program Files\\Tesseract-OCR/tessdata/eng.traineddatalstm-punc-dawg) ObjectCache(00007ffd88a86600)::~ObjectCache(): WARNING! LEAK! object 00000218bc143950 still has count 1 (id C:\\Program Files\\Tesseract-OCR/tessdata/eng.traineddatalstm-word-dawg) ObjectCache(00007ffd88a86600)::~ObjectCache(): WARNING! LEAK! object 00000218bc202f50 still has count 1 (id C:\\Program Files\\Tesseract-OCR/tessdata/eng.traineddatalstm-number-dawg)')
2025-05-27 00:41:47 | INFO     | app.agents.nlu_extraction_agent:extract_fields:104 - Extracted 4 fields from document
2025-05-27 00:41:47 | INFO     | main:process_document:467 - Calculated risk score: 30 based on extracted fields
2025-05-27 00:41:49 | INFO     | app.agents.embedding_agent:generate_embedding:95 - Successfully generated embedding of dimension 1536
2025-05-27 00:41:49 | INFO     | app.agents.embedding_agent:process_document:126 - Successfully processed document and generated embedding
2025-05-27 00:41:49 | INFO     | app.agents.rag_agent:_get_connection:114 - Attempting to connect to database panoramascore as user asad_user...
2025-05-27 00:41:50 | INFO     | app.agents.rag_agent:_get_connection:123 - Database connection successful with PG_* parameters
2025-05-27 00:41:50 | INFO     | app.agents.rag_agent:_get_connection:114 - Attempting to connect to database panoramascore as user asad_user...
2025-05-27 00:41:50 | INFO     | app.agents.rag_agent:_get_connection:123 - Database connection successful with PG_* parameters
2025-05-27 00:41:50 | INFO     | app.agents.rag_agent:_get_connection:114 - Attempting to connect to database panoramascore as user asad_user...
2025-05-27 00:41:50 | INFO     | app.agents.rag_agent:_get_connection:123 - Database connection successful with PG_* parameters
2025-05-27 00:41:50 | INFO     | app.agents.rag_agent:_get_connection:114 - Attempting to connect to database panoramascore as user asad_user...
2025-05-27 00:41:50 | INFO     | app.agents.rag_agent:_get_connection:123 - Database connection successful with PG_* parameters
2025-05-27 00:41:50 | WARNING  | app.agents.rag_agent:store_embedding:250 - No checksum available for document_ac5a888e-58a8-498f-8a4f-004aa84f5173.pdf, using generated default
2025-05-27 00:41:50 | INFO     | app.agents.rag_agent:store_embedding:289 - Successfully stored embedding with ID: ac5a888e-58a8-498f-8a4f-004aa84f5173
2025-05-27 00:41:50 | INFO     | app.agents.rag_agent:_get_connection:114 - Attempting to connect to database panoramascore as user asad_user...
2025-05-27 00:41:50 | INFO     | app.agents.rag_agent:_get_connection:123 - Database connection successful with PG_* parameters
2025-05-27 00:41:50 | INFO     | app.agents.rag_agent:_get_connection:114 - Attempting to connect to database panoramascore as user asad_user...
2025-05-27 00:41:50 | INFO     | app.agents.rag_agent:_get_connection:123 - Database connection successful with PG_* parameters
2025-05-27 00:41:50 | INFO     | app.agents.rag_agent:find_similar_documents:360 - Found 3 similar documents
2025-05-27 00:41:50 | INFO     | app.agents.rag_agent:process_document:466 - Successfully processed document through RAG pipeline
2025-05-27 00:41:50 | INFO     | main:process_document:529 - Successfully processed document: Listing-2-Scanned.jpg
2025-05-27 00:41:58 | INFO     | app.utils.file_utils:create_upload_directory:61 - Ensured upload directory exists: ./uploads
2025-05-27 00:41:58 | INFO     | app.utils.document_validator:_load_config:35 - Loaded document patterns: ['CRS_Property_Report_*', 'Zoning_*', 'MLS_*', 'Property_Tax_*', 'Flood_Map_*', 'Title_Search_*', 'Appraisal_*']
2025-05-27 00:41:58 | INFO     | app.utils.document_validator:_load_existing_checksums:60 - Loaded 26 existing checksums
2025-05-27 00:41:58 | INFO     | app.agents.ocr_normalization_agent:__init__:60 - Found Tesseract at: C:\Program Files\Tesseract-OCR\tesseract.exe
2025-05-27 00:41:58 | INFO     | app.agents.ocr_normalization_agent:__init__:97 - OCR & Normalization Agent initialized with Tesseract OCR support
2025-05-27 00:41:58 | INFO     | app.agents.ocr_normalization_agent:__init__:60 - Found Tesseract at: C:\Program Files\Tesseract-OCR\tesseract.exe
2025-05-27 00:41:58 | INFO     | app.agents.ocr_normalization_agent:__init__:97 - OCR & Normalization Agent initialized with Tesseract OCR support
2025-05-27 00:41:59 | INFO     | app.agents.nlu_extraction_agent:__init__:30 - Loaded spaCy model: en_core_web_sm
2025-05-27 00:41:59 | INFO     | app.agents.embedding_agent:__init__:31 - Embedding Agent initialized successfully
2025-05-27 00:41:59 | INFO     | app.agents.rag_agent:_get_connection:114 - Attempting to connect to database panoramascore as user asad_user...
2025-05-27 00:41:59 | INFO     | app.agents.rag_agent:_get_connection:123 - Database connection successful with PG_* parameters
2025-05-27 00:41:59 | INFO     | app.agents.rag_agent:__init__:66 - Vector extension already exists
2025-05-27 00:41:59 | INFO     | app.agents.rag_agent:__init__:86 - Successfully created or confirmed table public.real_estate_documents
2025-05-27 00:41:59 | INFO     | app.agents.rag_agent:__init__:96 - RAG Agent initialized with full vector search capabilities
2025-05-27 00:41:59 | INFO     | app.services.risk_scoring_service:_load_config:28 - Loaded risk scoring configuration for 11 fields
2025-05-27 00:41:59 | INFO     | app.services.field_validation_service:_load_config:25 - Loaded critical fields: ['parcel_id', 'tax_value', 'property_address', 'MLS_number']
2025-05-27 00:41:59 | INFO     | main:startup_event:606 - Starting PanoramaScore API
2025-05-27 00:41:59 | INFO     | main:startup_event:607 - Configuration: Upload folder=./uploads, Max file size=10MB
2025-05-27 00:41:59 | INFO     | main:startup_event:624 - Starting PanoramaScore API
2025-05-27 00:41:59 | INFO     | main:startup_event:625 - Configuration: Upload folder=./uploads, Max file size=10MB
2025-05-27 00:42:32 | WARNING  | app.utils.document_validator:is_valid_real_estate_document:95 - File Seller-Report-3-Scanned.jpg does not match any real estate document patterns
2025-05-27 00:42:32 | WARNING  | app.agents.document_ingest_agent:ingest_document:82 - File does not match standard naming patterns: Seller-Report-3-Scanned.jpg
2025-05-27 00:42:32 | INFO     | app.agents.document_ingest_agent:ingest_document:110 - File saved: ./uploads\50e06002-88fc-4241-a56c-01d473c5444e.jpg
2025-05-27 00:42:36 | INFO     | app.agents.document_ingest_agent:ingest_document:152 - Document type detected: scanned_image, needs OCR: True, rotation: 0°
2025-05-27 00:42:39 | INFO     | app.agents.ocr_normalization_agent:process_document:276 - Detected document type: scanned_image, needs OCR: True, rotation: 0°
2025-05-27 00:42:41 | INFO     | app.utils.ocr_preprocessor:preprocess_image:58 - Image preprocessed successfully: C:\Users\GSC-057\AppData\Local\Temp\50e06002-88fc-4241-a56c-01d473c5444e_preprocessed.jpg
2025-05-27 00:44:30 | ERROR    | app.agents.ocr_normalization_agent:_process_image:639 - Error processing image ./uploads\50e06002-88fc-4241-a56c-01d473c5444e.jpg: name 'img' is not defined
2025-05-27 00:44:30 | ERROR    | app.agents.ocr_normalization_agent:process_document:327 - Error processing document ./uploads\50e06002-88fc-4241-a56c-01d473c5444e.jpg: name 'img' is not defined
2025-05-27 00:44:30 | ERROR    | app.agents.document_ingest_agent:_process_document_with_ocr:196 - Error processing document with OCR: name 'img' is not defined
2025-05-27 00:44:30 | INFO     | app.agents.metadata_hashing_agent:process_document:38 - Generated metadata for Seller-Report-3-Scanned.jpg
2025-05-27 00:44:31 | INFO     | app.agents.ocr_normalization_agent:process_document:276 - Detected document type: scanned_image, needs OCR: True, rotation: 0°
2025-05-27 00:44:32 | INFO     | app.utils.ocr_preprocessor:preprocess_image:58 - Image preprocessed successfully: C:\Users\GSC-057\AppData\Local\Temp\50e06002-88fc-4241-a56c-01d473c5444e_preprocessed.jpg
2025-05-27 00:46:09 | ERROR    | app.agents.ocr_normalization_agent:_process_image:639 - Error processing image ./uploads\50e06002-88fc-4241-a56c-01d473c5444e.jpg: name 'img' is not defined
2025-05-27 00:46:09 | ERROR    | app.agents.ocr_normalization_agent:process_document:327 - Error processing document ./uploads\50e06002-88fc-4241-a56c-01d473c5444e.jpg: name 'img' is not defined
2025-05-27 00:46:09 | ERROR    | main:process_document:431 - Error during OCR & text extraction: name 'img' is not defined
2025-05-27 00:46:09 | INFO     | app.agents.nlu_extraction_agent:extract_fields:104 - Extracted 3 fields from document
2025-05-27 00:46:09 | INFO     | main:process_document:467 - Calculated risk score: 30 based on extracted fields
2025-05-27 00:46:36 | INFO     | app.agents.embedding_agent:generate_embedding:95 - Successfully generated embedding of dimension 1536
2025-05-27 00:46:36 | INFO     | app.agents.embedding_agent:process_document:126 - Successfully processed document and generated embedding
2025-05-27 00:46:36 | INFO     | app.agents.rag_agent:_get_connection:114 - Attempting to connect to database panoramascore as user asad_user...
2025-05-27 00:46:36 | INFO     | app.agents.rag_agent:_get_connection:123 - Database connection successful with PG_* parameters
2025-05-27 00:46:36 | INFO     | app.agents.rag_agent:_get_connection:114 - Attempting to connect to database panoramascore as user asad_user...
2025-05-27 00:46:36 | INFO     | app.agents.rag_agent:_get_connection:123 - Database connection successful with PG_* parameters
2025-05-27 00:46:36 | INFO     | app.agents.rag_agent:_get_connection:114 - Attempting to connect to database panoramascore as user asad_user...
2025-05-27 00:46:36 | INFO     | app.agents.rag_agent:_get_connection:123 - Database connection successful with PG_* parameters
2025-05-27 00:46:36 | INFO     | app.agents.rag_agent:_get_connection:114 - Attempting to connect to database panoramascore as user asad_user...
2025-05-27 00:46:36 | INFO     | app.agents.rag_agent:_get_connection:123 - Database connection successful with PG_* parameters
2025-05-27 00:46:36 | WARNING  | app.agents.rag_agent:store_embedding:250 - No checksum available for document_2bb005fe-18ea-425d-8b51-55b2414d30d7.pdf, using generated default
2025-05-27 00:46:36 | INFO     | app.agents.rag_agent:store_embedding:289 - Successfully stored embedding with ID: 2bb005fe-18ea-425d-8b51-55b2414d30d7
2025-05-27 00:46:36 | INFO     | app.agents.rag_agent:_get_connection:114 - Attempting to connect to database panoramascore as user asad_user...
2025-05-27 00:46:36 | INFO     | app.agents.rag_agent:_get_connection:123 - Database connection successful with PG_* parameters
2025-05-27 00:46:36 | INFO     | app.agents.rag_agent:_get_connection:114 - Attempting to connect to database panoramascore as user asad_user...
2025-05-27 00:46:37 | INFO     | app.agents.rag_agent:_get_connection:123 - Database connection successful with PG_* parameters
2025-05-27 00:46:37 | INFO     | app.agents.rag_agent:find_similar_documents:360 - Found 3 similar documents
2025-05-27 00:46:37 | INFO     | app.agents.rag_agent:process_document:466 - Successfully processed document through RAG pipeline
2025-05-27 00:46:37 | INFO     | main:process_document:529 - Successfully processed document: Seller-Report-3-Scanned.jpg
2025-05-27 00:47:43 | WARNING  | app.utils.document_validator:is_valid_real_estate_document:95 - File Seller-Report-5-Scanned.jpg does not match any real estate document patterns
2025-05-27 00:47:43 | WARNING  | app.agents.document_ingest_agent:ingest_document:82 - File does not match standard naming patterns: Seller-Report-5-Scanned.jpg
2025-05-27 00:47:43 | INFO     | app.agents.document_ingest_agent:ingest_document:110 - File saved: ./uploads\df372e07-ea4c-4ca5-ac00-2d1f8834a70a.jpg
2025-05-27 00:47:44 | INFO     | app.agents.document_ingest_agent:ingest_document:152 - Document type detected: scanned_image, needs OCR: True, rotation: 0°
2025-05-27 00:47:44 | INFO     | app.agents.ocr_normalization_agent:process_document:276 - Detected document type: scanned_image, needs OCR: True, rotation: 0°
2025-05-27 00:47:46 | INFO     | app.utils.ocr_preprocessor:preprocess_image:58 - Image preprocessed successfully: C:\Users\GSC-057\AppData\Local\Temp\df372e07-ea4c-4ca5-ac00-2d1f8834a70a_preprocessed.jpg
2025-05-27 00:49:43 | ERROR    | app.agents.ocr_normalization_agent:_process_image:639 - Error processing image ./uploads\df372e07-ea4c-4ca5-ac00-2d1f8834a70a.jpg: name 'img' is not defined
2025-05-27 00:49:43 | ERROR    | app.agents.ocr_normalization_agent:process_document:327 - Error processing document ./uploads\df372e07-ea4c-4ca5-ac00-2d1f8834a70a.jpg: name 'img' is not defined
2025-05-27 00:49:43 | ERROR    | app.agents.document_ingest_agent:_process_document_with_ocr:196 - Error processing document with OCR: name 'img' is not defined
2025-05-27 00:49:43 | INFO     | app.agents.metadata_hashing_agent:process_document:38 - Generated metadata for Seller-Report-5-Scanned.jpg
2025-05-27 00:49:43 | INFO     | app.agents.ocr_normalization_agent:process_document:276 - Detected document type: scanned_image, needs OCR: True, rotation: 0°
2025-05-27 00:49:45 | INFO     | app.utils.ocr_preprocessor:preprocess_image:58 - Image preprocessed successfully: C:\Users\GSC-057\AppData\Local\Temp\df372e07-ea4c-4ca5-ac00-2d1f8834a70a_preprocessed.jpg
2025-05-27 00:53:01 | ERROR    | app.agents.ocr_normalization_agent:_process_image:639 - Error processing image ./uploads\df372e07-ea4c-4ca5-ac00-2d1f8834a70a.jpg: name 'img' is not defined
2025-05-27 00:53:01 | ERROR    | app.agents.ocr_normalization_agent:process_document:327 - Error processing document ./uploads\df372e07-ea4c-4ca5-ac00-2d1f8834a70a.jpg: name 'img' is not defined
2025-05-27 00:53:01 | ERROR    | main:process_document:431 - Error during OCR & text extraction: name 'img' is not defined
2025-05-27 00:53:01 | INFO     | app.agents.nlu_extraction_agent:extract_fields:104 - Extracted 3 fields from document
2025-05-27 00:53:01 | INFO     | main:process_document:467 - Calculated risk score: 30 based on extracted fields
2025-05-27 00:53:03 | INFO     | app.agents.embedding_agent:generate_embedding:95 - Successfully generated embedding of dimension 1536
2025-05-27 00:53:03 | INFO     | app.agents.embedding_agent:process_document:126 - Successfully processed document and generated embedding
2025-05-27 00:53:03 | INFO     | app.agents.rag_agent:_get_connection:114 - Attempting to connect to database panoramascore as user asad_user...
2025-05-27 00:53:03 | INFO     | app.agents.rag_agent:_get_connection:123 - Database connection successful with PG_* parameters
2025-05-27 00:53:03 | INFO     | app.agents.rag_agent:_get_connection:114 - Attempting to connect to database panoramascore as user asad_user...
2025-05-27 00:53:03 | INFO     | app.agents.rag_agent:_get_connection:123 - Database connection successful with PG_* parameters
2025-05-27 00:53:03 | INFO     | app.agents.rag_agent:_get_connection:114 - Attempting to connect to database panoramascore as user asad_user...
2025-05-27 00:53:03 | INFO     | app.agents.rag_agent:_get_connection:123 - Database connection successful with PG_* parameters
2025-05-27 00:53:03 | INFO     | app.agents.rag_agent:_get_connection:114 - Attempting to connect to database panoramascore as user asad_user...
2025-05-27 00:53:03 | INFO     | app.agents.rag_agent:_get_connection:123 - Database connection successful with PG_* parameters
2025-05-27 00:53:03 | WARNING  | app.agents.rag_agent:store_embedding:250 - No checksum available for document_55e2a5b6-46ef-4eca-a86b-da39b6b64a7b.pdf, using generated default
2025-05-27 00:53:03 | INFO     | app.agents.rag_agent:store_embedding:289 - Successfully stored embedding with ID: 55e2a5b6-46ef-4eca-a86b-da39b6b64a7b
2025-05-27 00:53:03 | INFO     | app.agents.rag_agent:_get_connection:114 - Attempting to connect to database panoramascore as user asad_user...
2025-05-27 00:53:03 | INFO     | app.agents.rag_agent:_get_connection:123 - Database connection successful with PG_* parameters
2025-05-27 00:53:03 | INFO     | app.agents.rag_agent:_get_connection:114 - Attempting to connect to database panoramascore as user asad_user...
2025-05-27 00:53:03 | INFO     | app.agents.rag_agent:_get_connection:123 - Database connection successful with PG_* parameters
2025-05-27 00:53:03 | INFO     | app.agents.rag_agent:find_similar_documents:360 - Found 3 similar documents
2025-05-27 00:53:03 | INFO     | app.agents.rag_agent:process_document:466 - Successfully processed document through RAG pipeline
2025-05-27 00:53:03 | INFO     | main:process_document:529 - Successfully processed document: Seller-Report-5-Scanned.jpg
2025-05-27 15:22:43 | INFO     | app.utils.file_utils:create_upload_directory:61 - Ensured upload directory exists: ./uploads
2025-05-27 15:22:44 | INFO     | app.utils.document_validator:_load_config:35 - Loaded document patterns: ['CRS_Property_Report_*', 'Zoning_*', 'MLS_*', 'Property_Tax_*', 'Flood_Map_*', 'Title_Search_*', 'Appraisal_*']
2025-05-27 15:22:44 | INFO     | app.utils.document_validator:_load_existing_checksums:60 - Loaded 28 existing checksums
2025-05-27 15:22:44 | INFO     | app.agents.ocr_normalization_agent:__init__:60 - Found Tesseract at: C:\Program Files\Tesseract-OCR\tesseract.exe
2025-05-27 15:22:45 | INFO     | app.agents.ocr_normalization_agent:__init__:97 - OCR & Normalization Agent initialized with Tesseract OCR support
2025-05-27 15:22:45 | INFO     | app.agents.ocr_normalization_agent:__init__:60 - Found Tesseract at: C:\Program Files\Tesseract-OCR\tesseract.exe
2025-05-27 15:22:45 | INFO     | app.agents.ocr_normalization_agent:__init__:97 - OCR & Normalization Agent initialized with Tesseract OCR support
2025-05-27 15:22:46 | INFO     | app.agents.nlu_extraction_agent:__init__:30 - Loaded spaCy model: en_core_web_sm
2025-05-27 15:22:46 | INFO     | app.agents.embedding_agent:__init__:31 - Embedding Agent initialized successfully
2025-05-27 15:22:46 | INFO     | app.agents.rag_agent:_get_connection:114 - Attempting to connect to database postgres as user postgres...
2025-05-27 15:22:46 | INFO     | app.agents.rag_agent:_get_connection:123 - Database connection successful with PG_* parameters
2025-05-27 15:22:46 | INFO     | app.agents.rag_agent:__init__:66 - Vector extension already exists
2025-05-27 15:22:46 | INFO     | app.agents.rag_agent:__init__:86 - Successfully created or confirmed table public.real_estate_documents
2025-05-27 15:22:46 | INFO     | app.agents.rag_agent:__init__:96 - RAG Agent initialized with full vector search capabilities
2025-05-27 15:22:46 | INFO     | app.services.risk_scoring_service:_load_config:28 - Loaded risk scoring configuration for 11 fields
2025-05-27 15:22:46 | INFO     | app.services.field_validation_service:_load_config:25 - Loaded critical fields: ['parcel_id', 'tax_value', 'property_address', 'MLS_number']
2025-05-27 15:22:46 | INFO     | main:startup_event:606 - Starting PanoramaScore API
2025-05-27 15:22:46 | INFO     | main:startup_event:607 - Configuration: Upload folder=./uploads, Max file size=10MB
2025-05-27 15:22:46 | INFO     | main:startup_event:624 - Starting PanoramaScore API
2025-05-27 15:22:46 | INFO     | main:startup_event:625 - Configuration: Upload folder=./uploads, Max file size=10MB
2025-05-27 15:23:09 | INFO     | app.utils.document_validator:is_valid_real_estate_document:92 - File MLS_Property_3.pdf matches pattern MLS_*
2025-05-27 15:23:09 | INFO     | app.agents.document_ingest_agent:ingest_document:110 - File saved: ./uploads\fbee7869-f41d-4bb3-b106-088e9d122187.pdf
2025-05-27 15:23:09 | WARNING  | app.agents.document_ingest_agent:ingest_document:138 - File integrity check failed: Duplicate content detected: This document has already been processed as MLS_Property_3.pdf
2025-05-27 15:23:09 | INFO     | app.agents.document_ingest_agent:ingest_document:152 - Document type detected: digital_pdf, needs OCR: False, rotation: 0°
2025-05-27 15:23:09 | INFO     | app.agents.ocr_normalization_agent:process_document:276 - Detected document type: digital_pdf, needs OCR: False, rotation: 0°
2025-05-27 15:23:09 | INFO     | app.agents.ocr_normalization_agent:process_document:323 - Successfully extracted text from fbee7869-f41d-4bb3-b106-088e9d122187.pdf
2025-05-27 15:23:10 | INFO     | app.agents.document_ingest_agent:ingest_document:169 - Updated YAML config with 8 extracted fields
2025-05-27 15:23:39 | WARNING  | app.utils.document_validator:is_valid_real_estate_document:95 - File Seller-Report-6-Scanned.jpg does not match any real estate document patterns
2025-05-27 15:23:39 | WARNING  | app.agents.document_ingest_agent:ingest_document:82 - File does not match standard naming patterns: Seller-Report-6-Scanned.jpg
2025-05-27 15:23:39 | INFO     | app.agents.document_ingest_agent:ingest_document:110 - File saved: ./uploads\f386b29f-68d2-4208-a986-2fa4dc4ec00b.jpg
2025-05-27 15:23:42 | INFO     | app.agents.document_ingest_agent:ingest_document:152 - Document type detected: scanned_image, needs OCR: True, rotation: 0°
2025-05-27 15:23:46 | INFO     | app.agents.ocr_normalization_agent:process_document:276 - Detected document type: scanned_image, needs OCR: True, rotation: 0°
2025-05-27 15:23:47 | INFO     | app.utils.ocr_preprocessor:preprocess_image:58 - Image preprocessed successfully: C:\Users\GSC-057\AppData\Local\Temp\f386b29f-68d2-4208-a986-2fa4dc4ec00b_preprocessed.jpg
2025-05-27 15:25:15 | ERROR    | app.agents.ocr_normalization_agent:_process_image:639 - Error processing image ./uploads\f386b29f-68d2-4208-a986-2fa4dc4ec00b.jpg: name 'img' is not defined
2025-05-27 15:25:15 | ERROR    | app.agents.ocr_normalization_agent:process_document:327 - Error processing document ./uploads\f386b29f-68d2-4208-a986-2fa4dc4ec00b.jpg: name 'img' is not defined
2025-05-27 15:25:15 | ERROR    | app.agents.document_ingest_agent:_process_document_with_ocr:196 - Error processing document with OCR: name 'img' is not defined
2025-05-27 15:25:15 | INFO     | app.agents.metadata_hashing_agent:process_document:38 - Generated metadata for Seller-Report-6-Scanned.jpg
2025-05-27 15:25:19 | INFO     | app.agents.ocr_normalization_agent:process_document:276 - Detected document type: scanned_image, needs OCR: True, rotation: 0°
2025-05-27 15:25:21 | INFO     | app.utils.ocr_preprocessor:preprocess_image:58 - Image preprocessed successfully: C:\Users\GSC-057\AppData\Local\Temp\f386b29f-68d2-4208-a986-2fa4dc4ec00b_preprocessed.jpg
2025-05-27 15:26:06 | ERROR    | app.agents.ocr_normalization_agent:_process_image:639 - Error processing image ./uploads\f386b29f-68d2-4208-a986-2fa4dc4ec00b.jpg: (3221225786, 'ObjectCache(00007ffbe91f6600)::~ObjectCache(): WARNING! LEAK! object 000002cea97e5b70 still has count 1 (id C:\\Program Files\\Tesseract-OCR/tessdata/eng.traineddatalstm-punc-dawg) ObjectCache(00007ffbe91f6600)::~ObjectCache(): WARNING! LEAK! object 000002cea97e5c50 still has count 1 (id C:\\Program Files\\Tesseract-OCR/tessdata/eng.traineddatalstm-word-dawg) ObjectCache(00007ffbe91f6600)::~ObjectCache(): WARNING! LEAK! object 000002cea97e5be0 still has count 1 (id C:\\Program Files\\Tesseract-OCR/tessdata/eng.traineddatalstm-number-dawg)')
2025-05-27 15:26:06 | ERROR    | app.agents.ocr_normalization_agent:process_document:327 - Error processing document ./uploads\f386b29f-68d2-4208-a986-2fa4dc4ec00b.jpg: (3221225786, 'ObjectCache(00007ffbe91f6600)::~ObjectCache(): WARNING! LEAK! object 000002cea97e5b70 still has count 1 (id C:\\Program Files\\Tesseract-OCR/tessdata/eng.traineddatalstm-punc-dawg) ObjectCache(00007ffbe91f6600)::~ObjectCache(): WARNING! LEAK! object 000002cea97e5c50 still has count 1 (id C:\\Program Files\\Tesseract-OCR/tessdata/eng.traineddatalstm-word-dawg) ObjectCache(00007ffbe91f6600)::~ObjectCache(): WARNING! LEAK! object 000002cea97e5be0 still has count 1 (id C:\\Program Files\\Tesseract-OCR/tessdata/eng.traineddatalstm-number-dawg)')
2025-05-27 15:26:06 | ERROR    | main:process_document:431 - Error during OCR & text extraction: (3221225786, 'ObjectCache(00007ffbe91f6600)::~ObjectCache(): WARNING! LEAK! object 000002cea97e5b70 still has count 1 (id C:\\Program Files\\Tesseract-OCR/tessdata/eng.traineddatalstm-punc-dawg) ObjectCache(00007ffbe91f6600)::~ObjectCache(): WARNING! LEAK! object 000002cea97e5c50 still has count 1 (id C:\\Program Files\\Tesseract-OCR/tessdata/eng.traineddatalstm-word-dawg) ObjectCache(00007ffbe91f6600)::~ObjectCache(): WARNING! LEAK! object 000002cea97e5be0 still has count 1 (id C:\\Program Files\\Tesseract-OCR/tessdata/eng.traineddatalstm-number-dawg)')
2025-05-27 15:26:06 | INFO     | app.agents.nlu_extraction_agent:extract_fields:104 - Extracted 4 fields from document
2025-05-27 15:26:06 | INFO     | main:process_document:467 - Calculated risk score: 30 based on extracted fields
2025-05-27 15:26:08 | INFO     | app.agents.embedding_agent:generate_embedding:95 - Successfully generated embedding of dimension 1536
2025-05-27 15:26:08 | INFO     | app.agents.embedding_agent:process_document:126 - Successfully processed document and generated embedding
2025-05-27 15:26:08 | INFO     | app.agents.rag_agent:_get_connection:114 - Attempting to connect to database postgres as user postgres...
2025-05-27 15:26:08 | INFO     | app.agents.rag_agent:_get_connection:123 - Database connection successful with PG_* parameters
2025-05-27 15:26:08 | INFO     | app.agents.rag_agent:_get_connection:114 - Attempting to connect to database postgres as user postgres...
2025-05-27 15:26:08 | INFO     | app.agents.rag_agent:_get_connection:123 - Database connection successful with PG_* parameters
2025-05-27 15:26:08 | INFO     | app.agents.rag_agent:_get_connection:114 - Attempting to connect to database postgres as user postgres...
2025-05-27 15:26:08 | INFO     | app.agents.rag_agent:_get_connection:123 - Database connection successful with PG_* parameters
2025-05-27 15:26:09 | INFO     | app.agents.rag_agent:_get_connection:114 - Attempting to connect to database postgres as user postgres...
2025-05-27 15:26:09 | INFO     | app.agents.rag_agent:_get_connection:123 - Database connection successful with PG_* parameters
2025-05-27 15:26:09 | WARNING  | app.agents.rag_agent:store_embedding:250 - No checksum available for document_9a561f9e-ffa6-444d-b026-28addc48c1b5.pdf, using generated default
2025-05-27 15:26:09 | INFO     | app.agents.rag_agent:store_embedding:289 - Successfully stored embedding with ID: 9a561f9e-ffa6-444d-b026-28addc48c1b5
2025-05-27 15:26:09 | INFO     | app.agents.rag_agent:_get_connection:114 - Attempting to connect to database postgres as user postgres...
2025-05-27 15:26:09 | INFO     | app.agents.rag_agent:_get_connection:123 - Database connection successful with PG_* parameters
2025-05-27 15:26:09 | INFO     | app.agents.rag_agent:_get_connection:114 - Attempting to connect to database postgres as user postgres...
2025-05-27 15:26:09 | INFO     | app.agents.rag_agent:_get_connection:123 - Database connection successful with PG_* parameters
2025-05-27 15:26:09 | INFO     | app.agents.rag_agent:find_similar_documents:360 - Found 1 similar documents
2025-05-27 15:26:09 | INFO     | app.agents.rag_agent:process_document:466 - Successfully processed document through RAG pipeline
2025-05-27 15:26:09 | INFO     | main:process_document:529 - Successfully processed document: Seller-Report-6-Scanned.jpg
2025-05-27 15:26:15 | INFO     | app.utils.file_utils:create_upload_directory:61 - Ensured upload directory exists: ./uploads
2025-05-27 15:26:16 | INFO     | app.utils.document_validator:_load_config:35 - Loaded document patterns: ['CRS_Property_Report_*', 'Zoning_*', 'MLS_*', 'Property_Tax_*', 'Flood_Map_*', 'Title_Search_*', 'Appraisal_*']
2025-05-27 15:26:16 | INFO     | app.utils.document_validator:_load_existing_checksums:60 - Loaded 29 existing checksums
2025-05-27 15:26:16 | INFO     | app.agents.ocr_normalization_agent:__init__:60 - Found Tesseract at: C:\Program Files\Tesseract-OCR\tesseract.exe
2025-05-27 15:26:16 | INFO     | app.agents.ocr_normalization_agent:__init__:97 - OCR & Normalization Agent initialized with Tesseract OCR support
2025-05-27 15:26:16 | INFO     | app.agents.ocr_normalization_agent:__init__:60 - Found Tesseract at: C:\Program Files\Tesseract-OCR\tesseract.exe
2025-05-27 15:26:16 | INFO     | app.agents.ocr_normalization_agent:__init__:97 - OCR & Normalization Agent initialized with Tesseract OCR support
2025-05-27 15:26:16 | INFO     | app.agents.nlu_extraction_agent:__init__:30 - Loaded spaCy model: en_core_web_sm
2025-05-27 15:26:16 | INFO     | app.agents.embedding_agent:__init__:31 - Embedding Agent initialized successfully
2025-05-27 15:26:16 | INFO     | app.agents.rag_agent:_get_connection:114 - Attempting to connect to database postgres as user postgres...
2025-05-27 15:26:16 | INFO     | app.agents.rag_agent:_get_connection:123 - Database connection successful with PG_* parameters
2025-05-27 15:26:16 | INFO     | app.agents.rag_agent:__init__:66 - Vector extension already exists
2025-05-27 15:26:16 | INFO     | app.agents.rag_agent:__init__:86 - Successfully created or confirmed table public.real_estate_documents
2025-05-27 15:26:16 | INFO     | app.agents.rag_agent:__init__:96 - RAG Agent initialized with full vector search capabilities
2025-05-27 15:26:16 | INFO     | app.services.risk_scoring_service:_load_config:28 - Loaded risk scoring configuration for 11 fields
2025-05-27 15:26:17 | INFO     | app.services.field_validation_service:_load_config:25 - Loaded critical fields: ['parcel_id', 'tax_value', 'property_address', 'MLS_number']
2025-05-27 15:26:17 | INFO     | main:startup_event:606 - Starting PanoramaScore API
2025-05-27 15:26:17 | INFO     | main:startup_event:607 - Configuration: Upload folder=./uploads, Max file size=10MB
2025-05-27 15:26:17 | INFO     | main:startup_event:624 - Starting PanoramaScore API
2025-05-27 15:26:17 | INFO     | main:startup_event:625 - Configuration: Upload folder=./uploads, Max file size=10MB
2025-05-27 15:27:28 | WARNING  | app.utils.document_validator:is_valid_real_estate_document:95 - File Seller-Report-7-Scanned.pdf does not match any real estate document patterns
2025-05-27 15:27:28 | WARNING  | app.agents.document_ingest_agent:ingest_document:82 - File does not match standard naming patterns: Seller-Report-7-Scanned.pdf
2025-05-27 15:27:28 | WARNING  | app.agents.document_ingest_agent:ingest_document:92 - File too large: 12.55MB (max: 10MB)
2025-05-27 15:27:28 | ERROR    | main:process_document:562 - Validation error: File too large. Maximum size: 10MB
2025-05-27 15:31:27 | INFO     | app.utils.file_utils:create_upload_directory:61 - Ensured upload directory exists: ./uploads
2025-05-27 15:31:27 | INFO     | app.utils.document_validator:_load_config:35 - Loaded document patterns: ['CRS_Property_Report_*', 'Zoning_*', 'MLS_*', 'Property_Tax_*', 'Flood_Map_*', 'Title_Search_*', 'Appraisal_*']
2025-05-27 15:31:27 | INFO     | app.utils.document_validator:_load_existing_checksums:60 - Loaded 29 existing checksums
2025-05-27 15:31:27 | INFO     | app.agents.ocr_normalization_agent:__init__:60 - Found Tesseract at: C:\Program Files\Tesseract-OCR\tesseract.exe
2025-05-27 15:31:27 | INFO     | app.agents.ocr_normalization_agent:__init__:97 - OCR & Normalization Agent initialized with Tesseract OCR support
2025-05-27 15:31:27 | INFO     | app.agents.ocr_normalization_agent:__init__:60 - Found Tesseract at: C:\Program Files\Tesseract-OCR\tesseract.exe
2025-05-27 15:31:27 | INFO     | app.agents.ocr_normalization_agent:__init__:97 - OCR & Normalization Agent initialized with Tesseract OCR support
2025-05-27 15:31:27 | INFO     | app.agents.nlu_extraction_agent:__init__:30 - Loaded spaCy model: en_core_web_sm
2025-05-27 15:31:27 | INFO     | app.agents.embedding_agent:__init__:31 - Embedding Agent initialized successfully
2025-05-27 15:31:27 | INFO     | app.agents.rag_agent:_get_connection:114 - Attempting to connect to database postgres as user postgres...
2025-05-27 15:31:28 | INFO     | app.agents.rag_agent:_get_connection:123 - Database connection successful with PG_* parameters
2025-05-27 15:31:28 | INFO     | app.agents.rag_agent:__init__:66 - Vector extension already exists
2025-05-27 15:31:28 | INFO     | app.agents.rag_agent:__init__:86 - Successfully created or confirmed table public.real_estate_documents
2025-05-27 15:31:28 | INFO     | app.agents.rag_agent:__init__:96 - RAG Agent initialized with full vector search capabilities
2025-05-27 15:31:28 | INFO     | app.services.risk_scoring_service:_load_config:28 - Loaded risk scoring configuration for 11 fields
2025-05-27 15:31:28 | INFO     | app.services.field_validation_service:_load_config:25 - Loaded critical fields: ['parcel_id', 'tax_value', 'property_address', 'MLS_number']
2025-05-27 15:31:28 | INFO     | main:startup_event:606 - Starting PanoramaScore API
2025-05-27 15:31:28 | INFO     | main:startup_event:607 - Configuration: Upload folder=./uploads, Max file size=10MB
2025-05-27 15:31:28 | INFO     | main:startup_event:624 - Starting PanoramaScore API
2025-05-27 15:31:28 | INFO     | main:startup_event:625 - Configuration: Upload folder=./uploads, Max file size=10MB
2025-05-27 15:32:13 | INFO     | app.utils.document_validator:is_valid_real_estate_document:92 - File MLS_Report_Chicago_IL.pdf matches pattern MLS_*
2025-05-27 15:32:13 | INFO     | app.agents.document_ingest_agent:ingest_document:110 - File saved: ./uploads\222b4648-3f59-443c-be48-48b7c15cef5d.pdf
2025-05-27 15:32:13 | WARNING  | app.agents.document_ingest_agent:ingest_document:138 - File integrity check failed: Duplicate content detected: This document has already been processed as MLS_Report_Chicago_IL.pdf
2025-05-27 15:32:13 | INFO     | app.agents.document_ingest_agent:ingest_document:152 - Document type detected: digital_pdf, needs OCR: False, rotation: 0°
2025-05-27 15:32:13 | INFO     | app.agents.ocr_normalization_agent:process_document:276 - Detected document type: digital_pdf, needs OCR: False, rotation: 0°
2025-05-27 15:32:14 | INFO     | app.agents.ocr_normalization_agent:process_document:323 - Successfully extracted text from 222b4648-3f59-443c-be48-48b7c15cef5d.pdf
2025-05-27 15:32:14 | INFO     | app.agents.document_ingest_agent:ingest_document:169 - Updated YAML config with 9 extracted fields
2025-05-27 15:32:32 | WARNING  | app.utils.document_validator:is_valid_real_estate_document:95 - File Seller-Report-5-Scanned.jpg does not match any real estate document patterns
2025-05-27 15:32:32 | WARNING  | app.agents.document_ingest_agent:ingest_document:82 - File does not match standard naming patterns: Seller-Report-5-Scanned.jpg
2025-05-27 15:32:32 | INFO     | app.agents.document_ingest_agent:ingest_document:110 - File saved: ./uploads\46e6a217-faef-4394-87f3-140275b41bef.jpg
2025-05-27 15:32:32 | WARNING  | app.agents.document_ingest_agent:ingest_document:138 - File integrity check failed: Duplicate content detected: This document has already been processed as Seller-Report-5-Scanned.jpg
2025-05-27 15:32:33 | INFO     | app.agents.document_ingest_agent:ingest_document:152 - Document type detected: scanned_image, needs OCR: True, rotation: 0°
2025-05-27 15:32:33 | INFO     | app.agents.ocr_normalization_agent:process_document:276 - Detected document type: scanned_image, needs OCR: True, rotation: 0°
2025-05-27 15:32:35 | INFO     | app.utils.ocr_preprocessor:preprocess_image:58 - Image preprocessed successfully: C:\Users\GSC-057\AppData\Local\Temp\46e6a217-faef-4394-87f3-140275b41bef_preprocessed.jpg
2025-05-27 15:33:38 | ERROR    | app.agents.ocr_normalization_agent:_process_image:639 - Error processing image ./uploads\46e6a217-faef-4394-87f3-140275b41bef.jpg: name 'img' is not defined
2025-05-27 15:33:38 | ERROR    | app.agents.ocr_normalization_agent:process_document:327 - Error processing document ./uploads\46e6a217-faef-4394-87f3-140275b41bef.jpg: name 'img' is not defined
2025-05-27 15:33:38 | ERROR    | app.agents.document_ingest_agent:_process_document_with_ocr:196 - Error processing document with OCR: name 'img' is not defined
2025-05-27 15:44:08 | INFO     | app.utils.file_utils:create_upload_directory:61 - Ensured upload directory exists: ./uploads
2025-05-27 15:44:08 | INFO     | app.utils.document_validator:_load_config:35 - Loaded document patterns: ['CRS_Property_Report_*', 'Zoning_*', 'MLS_*', 'Property_Tax_*', 'Flood_Map_*', 'Title_Search_*', 'Appraisal_*']
2025-05-27 15:44:08 | INFO     | app.utils.document_validator:_load_existing_checksums:60 - Loaded 29 existing checksums
2025-05-27 15:44:08 | INFO     | app.agents.ocr_normalization_agent:__init__:60 - Found Tesseract at: C:\Program Files\Tesseract-OCR\tesseract.exe
2025-05-27 15:44:08 | INFO     | app.agents.ocr_normalization_agent:__init__:97 - OCR & Normalization Agent initialized with Tesseract OCR support
2025-05-27 15:44:08 | INFO     | app.agents.ocr_normalization_agent:__init__:60 - Found Tesseract at: C:\Program Files\Tesseract-OCR\tesseract.exe
2025-05-27 15:44:08 | INFO     | app.agents.ocr_normalization_agent:__init__:97 - OCR & Normalization Agent initialized with Tesseract OCR support
2025-05-27 15:44:09 | INFO     | app.agents.nlu_extraction_agent:__init__:30 - Loaded spaCy model: en_core_web_sm
2025-05-27 15:44:09 | INFO     | app.agents.embedding_agent:__init__:31 - Embedding Agent initialized successfully
2025-05-27 15:44:09 | INFO     | app.agents.rag_agent:_get_connection:114 - Attempting to connect to database postgres as user postgres...
2025-05-27 15:44:09 | INFO     | app.agents.rag_agent:_get_connection:123 - Database connection successful with PG_* parameters
2025-05-27 15:44:09 | INFO     | app.agents.rag_agent:__init__:66 - Vector extension already exists
2025-05-27 15:44:09 | INFO     | app.agents.rag_agent:__init__:86 - Successfully created or confirmed table public.real_estate_documents
2025-05-27 15:44:09 | INFO     | app.agents.rag_agent:__init__:96 - RAG Agent initialized with full vector search capabilities
2025-05-27 15:44:09 | INFO     | app.services.risk_scoring_service:_load_config:28 - Loaded risk scoring configuration for 11 fields
2025-05-27 15:44:09 | INFO     | app.services.field_validation_service:_load_config:25 - Loaded critical fields: ['parcel_id', 'tax_value', 'property_address', 'MLS_number']
2025-05-27 15:44:09 | INFO     | main:startup_event:606 - Starting PanoramaScore API
2025-05-27 15:44:09 | INFO     | main:startup_event:607 - Configuration: Upload folder=./uploads, Max file size=10MB
2025-05-27 15:44:09 | INFO     | main:startup_event:624 - Starting PanoramaScore API
2025-05-27 15:44:09 | INFO     | main:startup_event:625 - Configuration: Upload folder=./uploads, Max file size=10MB
2025-05-27 15:44:47 | WARNING  | app.utils.document_validator:is_valid_real_estate_document:95 - File Seller-Report-3-Scanned.jpg does not match any real estate document patterns
2025-05-27 15:44:47 | WARNING  | app.agents.document_ingest_agent:ingest_document:82 - File does not match standard naming patterns: Seller-Report-3-Scanned.jpg
2025-05-27 15:44:47 | INFO     | app.agents.document_ingest_agent:ingest_document:110 - File saved: ./uploads\83c53654-9337-4163-b232-c51c9256c599.jpg
2025-05-27 15:44:47 | WARNING  | app.agents.document_ingest_agent:ingest_document:138 - File integrity check failed: Duplicate content detected: This document has already been processed as Seller-Report-3-Scanned.jpg
2025-05-27 15:44:48 | INFO     | app.agents.document_ingest_agent:ingest_document:152 - Document type detected: scanned_image, needs OCR: True, rotation: 0°
2025-05-27 15:44:50 | INFO     | app.agents.ocr_normalization_agent:process_document:276 - Detected document type: scanned_image, needs OCR: True, rotation: 0°
2025-05-27 15:44:51 | INFO     | app.utils.ocr_preprocessor:preprocess_image:58 - Image preprocessed successfully: C:\Users\GSC-057\AppData\Local\Temp\83c53654-9337-4163-b232-c51c9256c599_preprocessed.jpg
2025-05-27 15:45:46 | ERROR    | app.agents.ocr_normalization_agent:_process_image:639 - Error processing image ./uploads\83c53654-9337-4163-b232-c51c9256c599.jpg: (1, 'Error, cannot read input file C:\\Users\\GSC-057\\AppData\\Local\\Temp\\83c53654-9337-4163-b232-c51c9256c599_preprocessed.jpg: No such file or directory Error during processing.')
2025-05-27 15:45:46 | ERROR    | app.agents.ocr_normalization_agent:process_document:327 - Error processing document ./uploads\83c53654-9337-4163-b232-c51c9256c599.jpg: (1, 'Error, cannot read input file C:\\Users\\GSC-057\\AppData\\Local\\Temp\\83c53654-9337-4163-b232-c51c9256c599_preprocessed.jpg: No such file or directory Error during processing.')
2025-05-27 15:45:46 | ERROR    | app.agents.document_ingest_agent:_process_document_with_ocr:196 - Error processing document with OCR: (1, 'Error, cannot read input file C:\\Users\\GSC-057\\AppData\\Local\\Temp\\83c53654-9337-4163-b232-c51c9256c599_preprocessed.jpg: No such file or directory Error during processing.')
2025-05-27 16:04:56 | INFO     | app.utils.file_utils:create_upload_directory:61 - Ensured upload directory exists: ./uploads
2025-05-27 16:04:56 | INFO     | app.utils.document_validator:_load_config:35 - Loaded document patterns: ['CRS_Property_Report_*', 'Zoning_*', 'MLS_*', 'Property_Tax_*', 'Flood_Map_*', 'Title_Search_*', 'Appraisal_*']
2025-05-27 16:04:56 | INFO     | app.utils.document_validator:_load_existing_checksums:60 - Loaded 29 existing checksums
2025-05-27 16:04:56 | INFO     | app.agents.ocr_normalization_agent:__init__:60 - Found Tesseract at: C:\Program Files\Tesseract-OCR\tesseract.exe
2025-05-27 16:04:56 | INFO     | app.agents.ocr_normalization_agent:__init__:97 - OCR & Normalization Agent initialized with Tesseract OCR support
2025-05-27 16:04:56 | INFO     | app.agents.ocr_normalization_agent:__init__:60 - Found Tesseract at: C:\Program Files\Tesseract-OCR\tesseract.exe
2025-05-27 16:04:56 | INFO     | app.agents.ocr_normalization_agent:__init__:97 - OCR & Normalization Agent initialized with Tesseract OCR support
2025-05-27 16:04:57 | INFO     | app.agents.nlu_extraction_agent:__init__:30 - Loaded spaCy model: en_core_web_sm
2025-05-27 16:04:57 | INFO     | app.agents.embedding_agent:__init__:31 - Embedding Agent initialized successfully
2025-05-27 16:04:57 | INFO     | app.agents.rag_agent:_get_connection:114 - Attempting to connect to database postgres as user postgres...
2025-05-27 16:04:57 | INFO     | app.agents.rag_agent:_get_connection:123 - Database connection successful with PG_* parameters
2025-05-27 16:04:57 | INFO     | app.agents.rag_agent:__init__:66 - Vector extension already exists
2025-05-27 16:04:57 | INFO     | app.agents.rag_agent:__init__:86 - Successfully created or confirmed table public.real_estate_documents
2025-05-27 16:04:57 | INFO     | app.agents.rag_agent:__init__:96 - RAG Agent initialized with full vector search capabilities
2025-05-27 16:04:57 | INFO     | app.services.risk_scoring_service:_load_config:28 - Loaded risk scoring configuration for 11 fields
2025-05-27 16:04:57 | INFO     | app.services.field_validation_service:_load_config:25 - Loaded critical fields: ['parcel_id', 'tax_value', 'property_address', 'MLS_number']
2025-05-27 16:04:57 | INFO     | main:startup_event:606 - Starting PanoramaScore API
2025-05-27 16:04:57 | INFO     | main:startup_event:607 - Configuration: Upload folder=./uploads, Max file size=10MB
2025-05-27 16:04:57 | INFO     | main:startup_event:624 - Starting PanoramaScore API
2025-05-27 16:04:57 | INFO     | main:startup_event:625 - Configuration: Upload folder=./uploads, Max file size=10MB
2025-05-27 16:05:20 | INFO     | app.utils.file_utils:create_upload_directory:61 - Ensured upload directory exists: ./uploads
2025-05-27 16:05:21 | INFO     | app.utils.document_validator:_load_config:35 - Loaded document patterns: ['CRS_Property_Report_*', 'Zoning_*', 'MLS_*', 'Property_Tax_*', 'Flood_Map_*', 'Title_Search_*', 'Appraisal_*']
2025-05-27 16:05:21 | INFO     | app.utils.document_validator:_load_existing_checksums:60 - Loaded 29 existing checksums
2025-05-27 16:05:21 | INFO     | app.agents.ocr_normalization_agent:__init__:60 - Found Tesseract at: C:\Program Files\Tesseract-OCR\tesseract.exe
2025-05-27 16:05:21 | INFO     | app.agents.ocr_normalization_agent:__init__:97 - OCR & Normalization Agent initialized with Tesseract OCR support
2025-05-27 16:05:21 | INFO     | app.agents.ocr_normalization_agent:__init__:60 - Found Tesseract at: C:\Program Files\Tesseract-OCR\tesseract.exe
2025-05-27 16:05:21 | INFO     | app.agents.ocr_normalization_agent:__init__:97 - OCR & Normalization Agent initialized with Tesseract OCR support
2025-05-27 16:05:21 | INFO     | app.agents.nlu_extraction_agent:__init__:30 - Loaded spaCy model: en_core_web_sm
2025-05-27 16:05:21 | INFO     | app.agents.embedding_agent:__init__:31 - Embedding Agent initialized successfully
2025-05-27 16:05:21 | INFO     | app.agents.rag_agent:_get_connection:114 - Attempting to connect to database postgres as user postgres...
2025-05-27 16:05:21 | INFO     | app.agents.rag_agent:_get_connection:123 - Database connection successful with PG_* parameters
2025-05-27 16:05:21 | INFO     | app.agents.rag_agent:__init__:66 - Vector extension already exists
2025-05-27 16:05:21 | INFO     | app.agents.rag_agent:__init__:86 - Successfully created or confirmed table public.real_estate_documents
2025-05-27 16:05:21 | INFO     | app.agents.rag_agent:__init__:96 - RAG Agent initialized with full vector search capabilities
2025-05-27 16:05:21 | INFO     | app.services.risk_scoring_service:_load_config:28 - Loaded risk scoring configuration for 11 fields
2025-05-27 16:05:21 | INFO     | app.services.field_validation_service:_load_config:25 - Loaded critical fields: ['parcel_id', 'tax_value', 'property_address', 'MLS_number']
2025-05-27 16:05:21 | INFO     | main:startup_event:606 - Starting PanoramaScore API
2025-05-27 16:05:21 | INFO     | main:startup_event:607 - Configuration: Upload folder=./uploads, Max file size=10MB
2025-05-27 16:05:21 | INFO     | main:startup_event:624 - Starting PanoramaScore API
2025-05-27 16:05:21 | INFO     | main:startup_event:625 - Configuration: Upload folder=./uploads, Max file size=10MB
2025-05-27 16:06:47 | WARNING  | app.utils.document_validator:is_valid_real_estate_document:95 - File Seller-Report-2-Scanned.jpg does not match any real estate document patterns
2025-05-27 16:06:47 | WARNING  | app.agents.document_ingest_agent:ingest_document:82 - File does not match standard naming patterns: Seller-Report-2-Scanned.jpg
2025-05-27 16:06:47 | INFO     | app.agents.document_ingest_agent:ingest_document:110 - File saved: ./uploads\0f0be401-3b74-4792-9f1e-bca8a36fa248.jpg
2025-05-27 16:06:49 | INFO     | app.agents.document_ingest_agent:ingest_document:152 - Document type detected: scanned_image, needs OCR: True, rotation: 0°
2025-05-27 16:06:50 | INFO     | app.agents.ocr_normalization_agent:process_document:276 - Detected document type: scanned_image, needs OCR: True, rotation: 0°
2025-05-27 16:06:52 | INFO     | app.utils.ocr_preprocessor:preprocess_image:67 - Image preprocessed successfully: C:\Users\GSC-057\Desktop\panoramascore\uploads\0f0be401-3b74-4792-9f1e-bca8a36fa248_preprocessed.jpg
2025-05-27 16:07:58 | ERROR    | app.agents.ocr_normalization_agent:_process_image:639 - Error processing image ./uploads\0f0be401-3b74-4792-9f1e-bca8a36fa248.jpg: (1, 'Error, cannot read input file C:\\Users\\GSC-057\\Desktop\\panoramascore\\uploads\\0f0be401-3b74-4792-9f1e-bca8a36fa248_preprocessed.jpg: No such file or directory Error during processing.')
2025-05-27 16:07:58 | ERROR    | app.agents.ocr_normalization_agent:process_document:327 - Error processing document ./uploads\0f0be401-3b74-4792-9f1e-bca8a36fa248.jpg: (1, 'Error, cannot read input file C:\\Users\\GSC-057\\Desktop\\panoramascore\\uploads\\0f0be401-3b74-4792-9f1e-bca8a36fa248_preprocessed.jpg: No such file or directory Error during processing.')
2025-05-27 16:07:58 | ERROR    | app.agents.document_ingest_agent:_process_document_with_ocr:196 - Error processing document with OCR: (1, 'Error, cannot read input file C:\\Users\\GSC-057\\Desktop\\panoramascore\\uploads\\0f0be401-3b74-4792-9f1e-bca8a36fa248_preprocessed.jpg: No such file or directory Error during processing.')
2025-05-27 16:07:58 | INFO     | app.agents.metadata_hashing_agent:process_document:38 - Generated metadata for Seller-Report-2-Scanned.jpg
2025-05-27 16:07:59 | INFO     | app.agents.ocr_normalization_agent:process_document:276 - Detected document type: scanned_image, needs OCR: True, rotation: 0°
2025-05-27 16:07:59 | INFO     | app.utils.ocr_preprocessor:preprocess_image:67 - Image preprocessed successfully: C:\Users\GSC-057\Desktop\panoramascore\uploads\0f0be401-3b74-4792-9f1e-bca8a36fa248_preprocessed.jpg
2025-05-27 16:09:47 | ERROR    | app.agents.ocr_normalization_agent:_process_image:639 - Error processing image ./uploads\0f0be401-3b74-4792-9f1e-bca8a36fa248.jpg: (1, 'Error, cannot read input file C:\\Users\\GSC-057\\Desktop\\panoramascore\\uploads\\0f0be401-3b74-4792-9f1e-bca8a36fa248_preprocessed.jpg: No such file or directory Error during processing.')
2025-05-27 16:09:47 | ERROR    | app.agents.ocr_normalization_agent:process_document:327 - Error processing document ./uploads\0f0be401-3b74-4792-9f1e-bca8a36fa248.jpg: (1, 'Error, cannot read input file C:\\Users\\GSC-057\\Desktop\\panoramascore\\uploads\\0f0be401-3b74-4792-9f1e-bca8a36fa248_preprocessed.jpg: No such file or directory Error during processing.')
2025-05-27 16:09:47 | ERROR    | main:process_document:431 - Error during OCR & text extraction: (1, 'Error, cannot read input file C:\\Users\\GSC-057\\Desktop\\panoramascore\\uploads\\0f0be401-3b74-4792-9f1e-bca8a36fa248_preprocessed.jpg: No such file or directory Error during processing.')
2025-05-27 16:09:47 | INFO     | app.agents.nlu_extraction_agent:extract_fields:104 - Extracted 3 fields from document
2025-05-27 16:09:47 | INFO     | main:process_document:467 - Calculated risk score: 30 based on extracted fields
2025-05-27 16:09:49 | INFO     | app.agents.embedding_agent:generate_embedding:95 - Successfully generated embedding of dimension 1536
2025-05-27 16:09:49 | INFO     | app.agents.embedding_agent:process_document:126 - Successfully processed document and generated embedding
2025-05-27 16:09:49 | INFO     | app.agents.rag_agent:_get_connection:114 - Attempting to connect to database postgres as user postgres...
2025-05-27 16:09:49 | INFO     | app.agents.rag_agent:_get_connection:123 - Database connection successful with PG_* parameters
2025-05-27 16:09:49 | INFO     | app.agents.rag_agent:_get_connection:114 - Attempting to connect to database postgres as user postgres...
2025-05-27 16:09:49 | INFO     | app.agents.rag_agent:_get_connection:123 - Database connection successful with PG_* parameters
2025-05-27 16:09:49 | INFO     | app.agents.rag_agent:_get_connection:114 - Attempting to connect to database postgres as user postgres...
2025-05-27 16:09:49 | INFO     | app.agents.rag_agent:_get_connection:123 - Database connection successful with PG_* parameters
2025-05-27 16:09:50 | INFO     | app.agents.rag_agent:_get_connection:114 - Attempting to connect to database postgres as user postgres...
2025-05-27 16:09:50 | INFO     | app.agents.rag_agent:_get_connection:123 - Database connection successful with PG_* parameters
2025-05-27 16:09:50 | WARNING  | app.agents.rag_agent:store_embedding:250 - No checksum available for document_d823b4df-5940-41a1-a8bf-26b14ea3309c.pdf, using generated default
2025-05-27 16:09:50 | INFO     | app.agents.rag_agent:store_embedding:289 - Successfully stored embedding with ID: d823b4df-5940-41a1-a8bf-26b14ea3309c
2025-05-27 16:09:50 | INFO     | app.agents.rag_agent:_get_connection:114 - Attempting to connect to database postgres as user postgres...
2025-05-27 16:09:50 | INFO     | app.agents.rag_agent:_get_connection:123 - Database connection successful with PG_* parameters
2025-05-27 16:09:50 | INFO     | app.agents.rag_agent:_get_connection:114 - Attempting to connect to database postgres as user postgres...
2025-05-27 16:09:50 | INFO     | app.agents.rag_agent:_get_connection:123 - Database connection successful with PG_* parameters
2025-05-27 16:09:50 | INFO     | app.agents.rag_agent:find_similar_documents:360 - Found 2 similar documents
2025-05-27 16:09:50 | INFO     | app.agents.rag_agent:process_document:466 - Successfully processed document through RAG pipeline
2025-05-27 16:09:50 | INFO     | main:process_document:529 - Successfully processed document: Seller-Report-2-Scanned.jpg
2025-05-27 16:17:20 | INFO     | app.utils.file_utils:create_upload_directory:61 - Ensured upload directory exists: ./uploads
2025-05-27 16:17:20 | INFO     | app.utils.document_validator:_load_config:35 - Loaded document patterns: ['CRS_Property_Report_*', 'Zoning_*', 'MLS_*', 'Property_Tax_*', 'Flood_Map_*', 'Title_Search_*', 'Appraisal_*']
2025-05-27 16:17:20 | INFO     | app.utils.document_validator:_load_existing_checksums:60 - Loaded 30 existing checksums
2025-05-27 16:17:20 | INFO     | app.agents.ocr_normalization_agent:__init__:62 - Found Tesseract at: C:\Program Files\Tesseract-OCR\tesseract.exe
2025-05-27 16:17:20 | INFO     | app.agents.ocr_normalization_agent:__init__:99 - OCR & Normalization Agent initialized with Tesseract OCR support
2025-05-27 16:17:20 | INFO     | app.agents.ocr_normalization_agent:__init__:62 - Found Tesseract at: C:\Program Files\Tesseract-OCR\tesseract.exe
2025-05-27 16:17:20 | INFO     | app.agents.ocr_normalization_agent:__init__:99 - OCR & Normalization Agent initialized with Tesseract OCR support
2025-05-27 16:17:20 | INFO     | app.agents.nlu_extraction_agent:__init__:30 - Loaded spaCy model: en_core_web_sm
2025-05-27 16:17:20 | INFO     | app.agents.embedding_agent:__init__:31 - Embedding Agent initialized successfully
2025-05-27 16:17:20 | INFO     | app.agents.rag_agent:_get_connection:114 - Attempting to connect to database postgres as user postgres...
2025-05-27 16:17:20 | INFO     | app.agents.rag_agent:_get_connection:123 - Database connection successful with PG_* parameters
2025-05-27 16:17:20 | INFO     | app.agents.rag_agent:__init__:66 - Vector extension already exists
2025-05-27 16:17:20 | INFO     | app.agents.rag_agent:__init__:86 - Successfully created or confirmed table public.real_estate_documents
2025-05-27 16:17:20 | INFO     | app.agents.rag_agent:__init__:96 - RAG Agent initialized with full vector search capabilities
2025-05-27 16:17:20 | INFO     | app.services.risk_scoring_service:_load_config:28 - Loaded risk scoring configuration for 11 fields
2025-05-27 16:17:21 | INFO     | app.services.field_validation_service:_load_config:25 - Loaded critical fields: ['parcel_id', 'tax_value', 'property_address', 'MLS_number']
2025-05-27 16:17:21 | INFO     | main:startup_event:606 - Starting PanoramaScore API
2025-05-27 16:17:21 | INFO     | main:startup_event:607 - Configuration: Upload folder=./uploads, Max file size=10MB
2025-05-27 16:17:21 | INFO     | main:startup_event:624 - Starting PanoramaScore API
2025-05-27 16:17:21 | INFO     | main:startup_event:625 - Configuration: Upload folder=./uploads, Max file size=10MB
2025-05-27 16:17:45 | INFO     | app.utils.file_utils:create_upload_directory:61 - Ensured upload directory exists: ./uploads
2025-05-27 16:17:45 | INFO     | app.utils.document_validator:_load_config:35 - Loaded document patterns: ['CRS_Property_Report_*', 'Zoning_*', 'MLS_*', 'Property_Tax_*', 'Flood_Map_*', 'Title_Search_*', 'Appraisal_*']
2025-05-27 16:17:45 | INFO     | app.utils.document_validator:_load_existing_checksums:60 - Loaded 30 existing checksums
2025-05-27 16:17:45 | INFO     | app.agents.ocr_normalization_agent:__init__:62 - Found Tesseract at: C:\Program Files\Tesseract-OCR\tesseract.exe
2025-05-27 16:17:45 | INFO     | app.agents.ocr_normalization_agent:__init__:99 - OCR & Normalization Agent initialized with Tesseract OCR support
2025-05-27 16:17:46 | INFO     | app.agents.ocr_normalization_agent:__init__:62 - Found Tesseract at: C:\Program Files\Tesseract-OCR\tesseract.exe
2025-05-27 16:17:46 | INFO     | app.agents.ocr_normalization_agent:__init__:99 - OCR & Normalization Agent initialized with Tesseract OCR support
2025-05-27 16:17:46 | INFO     | app.agents.nlu_extraction_agent:__init__:30 - Loaded spaCy model: en_core_web_sm
2025-05-27 16:17:46 | INFO     | app.agents.embedding_agent:__init__:31 - Embedding Agent initialized successfully
2025-05-27 16:17:46 | INFO     | app.agents.rag_agent:_get_connection:114 - Attempting to connect to database postgres as user postgres...
2025-05-27 16:17:46 | INFO     | app.agents.rag_agent:_get_connection:123 - Database connection successful with PG_* parameters
2025-05-27 16:17:46 | INFO     | app.agents.rag_agent:__init__:66 - Vector extension already exists
2025-05-27 16:17:46 | INFO     | app.agents.rag_agent:__init__:86 - Successfully created or confirmed table public.real_estate_documents
2025-05-27 16:17:46 | INFO     | app.agents.rag_agent:__init__:96 - RAG Agent initialized with full vector search capabilities
2025-05-27 16:17:46 | INFO     | app.services.risk_scoring_service:_load_config:28 - Loaded risk scoring configuration for 11 fields
2025-05-27 16:17:46 | INFO     | app.services.field_validation_service:_load_config:25 - Loaded critical fields: ['parcel_id', 'tax_value', 'property_address', 'MLS_number']
2025-05-27 16:17:46 | INFO     | main:startup_event:606 - Starting PanoramaScore API
2025-05-27 16:17:46 | INFO     | main:startup_event:607 - Configuration: Upload folder=./uploads, Max file size=10MB
2025-05-27 16:17:46 | INFO     | main:startup_event:624 - Starting PanoramaScore API
2025-05-27 16:17:46 | INFO     | main:startup_event:625 - Configuration: Upload folder=./uploads, Max file size=10MB
2025-05-27 16:18:21 | WARNING  | app.utils.document_validator:is_valid_real_estate_document:95 - File Seller-Report-3-Scanned.jpg does not match any real estate document patterns
2025-05-27 16:18:21 | WARNING  | app.agents.document_ingest_agent:ingest_document:82 - File does not match standard naming patterns: Seller-Report-3-Scanned.jpg
2025-05-27 16:18:21 | INFO     | app.agents.document_ingest_agent:ingest_document:110 - File saved: ./uploads\fc2dc63d-fab6-4014-925a-0619f40db06f.jpg
2025-05-27 16:18:21 | WARNING  | app.agents.document_ingest_agent:ingest_document:138 - File integrity check failed: Duplicate content detected: This document has already been processed as Seller-Report-3-Scanned.jpg
2025-05-27 16:18:23 | INFO     | app.agents.document_ingest_agent:ingest_document:152 - Document type detected: scanned_image, needs OCR: True, rotation: 0°
2025-05-27 16:18:25 | INFO     | app.agents.ocr_normalization_agent:process_document:278 - Detected document type: scanned_image, needs OCR: True, rotation: 0°
2025-05-27 16:18:26 | INFO     | app.utils.ocr_preprocessor:preprocess_image:67 - Image preprocessed successfully: C:\Users\GSC-057\Desktop\panoramascore\uploads\fc2dc63d-fab6-4014-925a-0619f40db06f_preprocessed.jpg
2025-05-27 16:19:52 | INFO     | app.agents.ocr_normalization_agent:process_document:325 - Successfully extracted text from fc2dc63d-fab6-4014-925a-0619f40db06f.jpg
2025-05-27 16:19:52 | INFO     | app.agents.document_ingest_agent:ingest_document:169 - Updated YAML config with 5 extracted fields
2025-05-27 16:31:28 | INFO     | app.utils.file_utils:create_upload_directory:61 - Ensured upload directory exists: ./uploads
2025-05-27 16:31:29 | INFO     | app.utils.document_validator:_load_config:35 - Loaded document patterns: ['CRS_Property_Report_*', 'Zoning_*', 'MLS_*', 'Property_Tax_*', 'Flood_Map_*', 'Title_Search_*', 'Appraisal_*']
2025-05-27 16:31:29 | INFO     | app.utils.document_validator:_load_existing_checksums:60 - Loaded 30 existing checksums
2025-05-27 16:31:29 | INFO     | app.agents.ocr_normalization_agent:__init__:62 - Found Tesseract at: C:\Program Files\Tesseract-OCR\tesseract.exe
2025-05-27 16:31:29 | INFO     | app.agents.ocr_normalization_agent:__init__:99 - OCR & Normalization Agent initialized with Tesseract OCR support
2025-05-27 16:31:29 | INFO     | app.agents.ocr_normalization_agent:__init__:62 - Found Tesseract at: C:\Program Files\Tesseract-OCR\tesseract.exe
2025-05-27 16:31:29 | INFO     | app.agents.ocr_normalization_agent:__init__:99 - OCR & Normalization Agent initialized with Tesseract OCR support
2025-05-27 16:31:29 | INFO     | app.agents.nlu_extraction_agent:__init__:30 - Loaded spaCy model: en_core_web_sm
2025-05-27 16:31:29 | INFO     | app.agents.embedding_agent:__init__:31 - Embedding Agent initialized successfully
2025-05-27 16:31:29 | INFO     | app.agents.rag_agent:_get_connection:114 - Attempting to connect to database postgres as user postgres...
2025-05-27 16:31:29 | INFO     | app.agents.rag_agent:_get_connection:123 - Database connection successful with PG_* parameters
2025-05-27 16:31:29 | INFO     | app.agents.rag_agent:__init__:66 - Vector extension already exists
2025-05-27 16:31:29 | INFO     | app.agents.rag_agent:__init__:86 - Successfully created or confirmed table public.real_estate_documents
2025-05-27 16:31:29 | INFO     | app.agents.rag_agent:__init__:96 - RAG Agent initialized with full vector search capabilities
2025-05-27 16:31:29 | INFO     | app.services.risk_scoring_service:_load_config:28 - Loaded risk scoring configuration for 11 fields
2025-05-27 16:31:30 | INFO     | app.services.field_validation_service:_load_config:25 - Loaded critical fields: ['parcel_id', 'tax_value', 'property_address', 'MLS_number']
2025-05-27 16:31:30 | INFO     | main:startup_event:606 - Starting PanoramaScore API
2025-05-27 16:31:30 | INFO     | main:startup_event:607 - Configuration: Upload folder=./uploads, Max file size=10MB
2025-05-27 16:31:30 | INFO     | main:startup_event:624 - Starting PanoramaScore API
2025-05-27 16:31:30 | INFO     | main:startup_event:625 - Configuration: Upload folder=./uploads, Max file size=10MB
2025-05-27 16:31:54 | INFO     | app.utils.file_utils:create_upload_directory:61 - Ensured upload directory exists: ./uploads
2025-05-27 16:31:54 | INFO     | app.utils.document_validator:_load_config:35 - Loaded document patterns: ['CRS_Property_Report_*', 'Zoning_*', 'MLS_*', 'Property_Tax_*', 'Flood_Map_*', 'Title_Search_*', 'Appraisal_*']
2025-05-27 16:31:54 | INFO     | app.utils.document_validator:_load_existing_checksums:60 - Loaded 30 existing checksums
2025-05-27 16:31:54 | INFO     | app.agents.ocr_normalization_agent:__init__:62 - Found Tesseract at: C:\Program Files\Tesseract-OCR\tesseract.exe
2025-05-27 16:31:54 | INFO     | app.agents.ocr_normalization_agent:__init__:99 - OCR & Normalization Agent initialized with Tesseract OCR support
2025-05-27 16:31:55 | INFO     | app.agents.ocr_normalization_agent:__init__:62 - Found Tesseract at: C:\Program Files\Tesseract-OCR\tesseract.exe
2025-05-27 16:31:55 | INFO     | app.agents.ocr_normalization_agent:__init__:99 - OCR & Normalization Agent initialized with Tesseract OCR support
2025-05-27 16:31:55 | INFO     | app.agents.nlu_extraction_agent:__init__:30 - Loaded spaCy model: en_core_web_sm
2025-05-27 16:31:55 | INFO     | app.agents.embedding_agent:__init__:31 - Embedding Agent initialized successfully
2025-05-27 16:31:55 | INFO     | app.agents.rag_agent:_get_connection:114 - Attempting to connect to database postgres as user postgres...
2025-05-27 16:31:55 | INFO     | app.agents.rag_agent:_get_connection:123 - Database connection successful with PG_* parameters
2025-05-27 16:31:55 | INFO     | app.agents.rag_agent:__init__:66 - Vector extension already exists
2025-05-27 16:31:55 | INFO     | app.agents.rag_agent:__init__:86 - Successfully created or confirmed table public.real_estate_documents
2025-05-27 16:31:55 | INFO     | app.agents.rag_agent:__init__:96 - RAG Agent initialized with full vector search capabilities
2025-05-27 16:31:55 | INFO     | app.services.risk_scoring_service:_load_config:28 - Loaded risk scoring configuration for 11 fields
2025-05-27 16:31:55 | INFO     | app.services.field_validation_service:_load_config:25 - Loaded critical fields: ['parcel_id', 'tax_value', 'property_address', 'MLS_number']
2025-05-27 16:31:55 | INFO     | main:startup_event:606 - Starting PanoramaScore API
2025-05-27 16:31:55 | INFO     | main:startup_event:607 - Configuration: Upload folder=./uploads, Max file size=10MB
2025-05-27 16:31:55 | INFO     | main:startup_event:624 - Starting PanoramaScore API
2025-05-27 16:31:55 | INFO     | main:startup_event:625 - Configuration: Upload folder=./uploads, Max file size=10MB
2025-05-27 16:32:27 | WARNING  | app.utils.document_validator:is_valid_real_estate_document:95 - File Seller-Report-2-Scanned.jpg does not match any real estate document patterns
2025-05-27 16:32:27 | WARNING  | app.agents.document_ingest_agent:ingest_document:82 - File does not match standard naming patterns: Seller-Report-2-Scanned.jpg
2025-05-27 16:32:27 | INFO     | app.agents.document_ingest_agent:ingest_document:110 - File saved: ./uploads\bfdf4c44-d71c-4a62-b42d-e9302beeff17.jpg
2025-05-27 16:32:29 | INFO     | app.agents.document_ingest_agent:ingest_document:152 - Document type detected: scanned_image, needs OCR: True, rotation: 0°
2025-05-27 16:32:31 | INFO     | app.agents.ocr_normalization_agent:process_document:278 - Detected document type: scanned_image, needs OCR: True, rotation: 0°
2025-05-27 16:32:32 | INFO     | app.utils.ocr_preprocessor:preprocess_image:67 - Image preprocessed successfully: C:\Users\GSC-057\Desktop\panoramascore\uploads\bfdf4c44-d71c-4a62-b42d-e9302beeff17_preprocessed.jpg
2025-05-27 16:34:00 | INFO     | app.agents.ocr_normalization_agent:process_document:325 - Successfully extracted text from bfdf4c44-d71c-4a62-b42d-e9302beeff17.jpg
2025-05-27 16:34:00 | INFO     | app.agents.document_ingest_agent:ingest_document:169 - Updated YAML config with 5 extracted fields
2025-05-27 16:34:00 | INFO     | app.agents.metadata_hashing_agent:process_document:38 - Generated metadata for Seller-Report-2-Scanned.jpg
2025-05-27 16:34:01 | INFO     | app.agents.ocr_normalization_agent:process_document:278 - Detected document type: scanned_image, needs OCR: True, rotation: 0°
2025-05-27 16:34:01 | INFO     | app.utils.ocr_preprocessor:preprocess_image:67 - Image preprocessed successfully: C:\Users\GSC-057\Desktop\panoramascore\uploads\bfdf4c44-d71c-4a62-b42d-e9302beeff17_preprocessed.jpg
2025-05-27 16:35:36 | INFO     | app.agents.ocr_normalization_agent:process_document:325 - Successfully extracted text from bfdf4c44-d71c-4a62-b42d-e9302beeff17.jpg
2025-05-27 16:35:39 | INFO     | app.agents.nlu_extraction_agent:extract_fields:104 - Extracted 4 fields from document
2025-05-27 16:35:39 | INFO     | main:process_document:467 - Calculated risk score: 30 based on extracted fields
2025-05-27 16:35:40 | INFO     | app.agents.embedding_agent:generate_embedding:95 - Successfully generated embedding of dimension 1536
2025-05-27 16:35:40 | INFO     | app.agents.embedding_agent:process_document:126 - Successfully processed document and generated embedding
2025-05-27 16:35:40 | INFO     | app.agents.rag_agent:_get_connection:114 - Attempting to connect to database postgres as user postgres...
2025-05-27 16:35:40 | INFO     | app.agents.rag_agent:_get_connection:123 - Database connection successful with PG_* parameters
2025-05-27 16:35:40 | INFO     | app.agents.rag_agent:_get_connection:114 - Attempting to connect to database postgres as user postgres...
2025-05-27 16:35:40 | INFO     | app.agents.rag_agent:_get_connection:123 - Database connection successful with PG_* parameters
2025-05-27 16:35:40 | INFO     | app.agents.rag_agent:_get_connection:114 - Attempting to connect to database postgres as user postgres...
2025-05-27 16:35:40 | INFO     | app.agents.rag_agent:_get_connection:123 - Database connection successful with PG_* parameters
2025-05-27 16:35:40 | INFO     | app.agents.rag_agent:_get_connection:114 - Attempting to connect to database postgres as user postgres...
2025-05-27 16:35:40 | INFO     | app.agents.rag_agent:_get_connection:123 - Database connection successful with PG_* parameters
2025-05-27 16:35:40 | WARNING  | app.agents.rag_agent:store_embedding:250 - No checksum available for document_bbc27679-2ab6-47aa-ad57-6ba092cdb2a1.pdf, using generated default
2025-05-27 16:35:41 | INFO     | app.agents.rag_agent:store_embedding:289 - Successfully stored embedding with ID: bbc27679-2ab6-47aa-ad57-6ba092cdb2a1
2025-05-27 16:35:41 | INFO     | app.agents.rag_agent:_get_connection:114 - Attempting to connect to database postgres as user postgres...
2025-05-27 16:35:41 | INFO     | app.agents.rag_agent:_get_connection:123 - Database connection successful with PG_* parameters
2025-05-27 16:35:41 | INFO     | app.agents.rag_agent:_get_connection:114 - Attempting to connect to database postgres as user postgres...
2025-05-27 16:35:41 | INFO     | app.agents.rag_agent:_get_connection:123 - Database connection successful with PG_* parameters
2025-05-27 16:35:41 | INFO     | app.agents.rag_agent:find_similar_documents:360 - Found 3 similar documents
2025-05-27 16:35:41 | INFO     | app.agents.rag_agent:process_document:466 - Successfully processed document through RAG pipeline
2025-05-27 16:35:41 | INFO     | main:process_document:529 - Successfully processed document: Seller-Report-2-Scanned.jpg
2025-05-27 16:38:09 | INFO     | app.utils.file_utils:create_upload_directory:61 - Ensured upload directory exists: ./uploads
2025-05-27 16:38:09 | INFO     | app.utils.document_validator:_load_config:35 - Loaded document patterns: ['CRS_Property_Report_*', 'Zoning_*', 'MLS_*', 'Property_Tax_*', 'Flood_Map_*', 'Title_Search_*', 'Appraisal_*']
2025-05-27 16:38:09 | INFO     | app.utils.document_validator:_load_existing_checksums:60 - Loaded 30 existing checksums
2025-05-27 16:38:09 | INFO     | app.agents.ocr_normalization_agent:__init__:62 - Found Tesseract at: C:\Program Files\Tesseract-OCR\tesseract.exe
2025-05-27 16:38:09 | INFO     | app.agents.ocr_normalization_agent:__init__:99 - OCR & Normalization Agent initialized with Tesseract OCR support
2025-05-27 16:38:09 | INFO     | app.agents.ocr_normalization_agent:__init__:62 - Found Tesseract at: C:\Program Files\Tesseract-OCR\tesseract.exe
2025-05-27 16:38:09 | INFO     | app.agents.ocr_normalization_agent:__init__:99 - OCR & Normalization Agent initialized with Tesseract OCR support
2025-05-27 16:38:10 | INFO     | app.agents.nlu_extraction_agent:__init__:30 - Loaded spaCy model: en_core_web_sm
2025-05-27 16:38:10 | INFO     | app.agents.embedding_agent:__init__:31 - Embedding Agent initialized successfully
2025-05-27 16:38:10 | INFO     | app.agents.rag_agent:_get_connection:114 - Attempting to connect to database postgres as user postgres...
2025-05-27 16:38:10 | INFO     | app.agents.rag_agent:_get_connection:123 - Database connection successful with PG_* parameters
2025-05-27 16:38:10 | INFO     | app.agents.rag_agent:__init__:66 - Vector extension already exists
2025-05-27 16:38:10 | INFO     | app.agents.rag_agent:__init__:86 - Successfully created or confirmed table public.real_estate_documents
2025-05-27 16:38:10 | INFO     | app.agents.rag_agent:__init__:96 - RAG Agent initialized with full vector search capabilities
2025-05-27 16:38:10 | INFO     | app.services.risk_scoring_service:_load_config:28 - Loaded risk scoring configuration for 11 fields
2025-05-27 16:38:10 | INFO     | app.services.field_validation_service:_load_config:25 - Loaded critical fields: ['parcel_id', 'tax_value', 'property_address', 'MLS_number']
2025-05-27 16:38:10 | INFO     | main:startup_event:606 - Starting PanoramaScore API
2025-05-27 16:38:10 | INFO     | main:startup_event:607 - Configuration: Upload folder=./uploads, Max file size=10MB
2025-05-27 16:38:10 | INFO     | main:startup_event:624 - Starting PanoramaScore API
2025-05-27 16:38:10 | INFO     | main:startup_event:625 - Configuration: Upload folder=./uploads, Max file size=10MB
2025-05-27 16:38:39 | INFO     | app.utils.file_utils:create_upload_directory:61 - Ensured upload directory exists: ./uploads
2025-05-27 16:38:39 | INFO     | app.utils.document_validator:_load_config:35 - Loaded document patterns: ['CRS_Property_Report_*', 'Zoning_*', 'MLS_*', 'Property_Tax_*', 'Flood_Map_*', 'Title_Search_*', 'Appraisal_*']
2025-05-27 16:38:39 | INFO     | app.utils.document_validator:_load_existing_checksums:60 - Loaded 30 existing checksums
2025-05-27 16:38:39 | INFO     | app.agents.ocr_normalization_agent:__init__:62 - Found Tesseract at: C:\Program Files\Tesseract-OCR\tesseract.exe
2025-05-27 16:38:39 | INFO     | app.agents.ocr_normalization_agent:__init__:99 - OCR & Normalization Agent initialized with Tesseract OCR support
2025-05-27 16:38:39 | INFO     | app.agents.ocr_normalization_agent:__init__:62 - Found Tesseract at: C:\Program Files\Tesseract-OCR\tesseract.exe
2025-05-27 16:38:39 | INFO     | app.agents.ocr_normalization_agent:__init__:99 - OCR & Normalization Agent initialized with Tesseract OCR support
2025-05-27 16:38:40 | INFO     | app.agents.nlu_extraction_agent:__init__:30 - Loaded spaCy model: en_core_web_sm
2025-05-27 16:38:40 | INFO     | app.agents.embedding_agent:__init__:31 - Embedding Agent initialized successfully
2025-05-27 16:38:40 | INFO     | app.agents.rag_agent:_get_connection:114 - Attempting to connect to database postgres as user postgres...
2025-05-27 16:38:40 | INFO     | app.agents.rag_agent:_get_connection:123 - Database connection successful with PG_* parameters
2025-05-27 16:38:40 | INFO     | app.agents.rag_agent:__init__:66 - Vector extension already exists
2025-05-27 16:38:40 | INFO     | app.agents.rag_agent:__init__:86 - Successfully created or confirmed table public.real_estate_documents
2025-05-27 16:38:40 | INFO     | app.agents.rag_agent:__init__:96 - RAG Agent initialized with full vector search capabilities
2025-05-27 16:38:40 | INFO     | app.services.risk_scoring_service:_load_config:28 - Loaded risk scoring configuration for 11 fields
2025-05-27 16:38:40 | INFO     | app.services.field_validation_service:_load_config:25 - Loaded critical fields: ['parcel_id', 'tax_value', 'property_address', 'MLS_number']
2025-05-27 16:38:40 | INFO     | main:startup_event:606 - Starting PanoramaScore API
2025-05-27 16:38:40 | INFO     | main:startup_event:607 - Configuration: Upload folder=./uploads, Max file size=10MB
2025-05-27 16:38:40 | INFO     | main:startup_event:624 - Starting PanoramaScore API
2025-05-27 16:38:40 | INFO     | main:startup_event:625 - Configuration: Upload folder=./uploads, Max file size=10MB
2025-05-27 16:39:08 | WARNING  | app.utils.document_validator:is_valid_real_estate_document:95 - File Listing-1-Scanned.jpg does not match any real estate document patterns
2025-05-27 16:39:08 | WARNING  | app.agents.document_ingest_agent:ingest_document:82 - File does not match standard naming patterns: Listing-1-Scanned.jpg
2025-05-27 16:39:08 | INFO     | app.agents.document_ingest_agent:ingest_document:110 - File saved: ./uploads\680a9fc3-b72a-4c3b-9b39-225d602de4eb.jpg
2025-05-27 16:39:11 | INFO     | app.agents.document_ingest_agent:ingest_document:152 - Document type detected: scanned_image, needs OCR: True, rotation: 0°
2025-05-27 16:39:13 | INFO     | app.agents.ocr_normalization_agent:process_document:278 - Detected document type: scanned_image, needs OCR: True, rotation: 0°
2025-05-27 16:39:14 | INFO     | app.utils.ocr_preprocessor:preprocess_image:67 - Image preprocessed successfully: C:\Users\GSC-057\Desktop\panoramascore\uploads\680a9fc3-b72a-4c3b-9b39-225d602de4eb_preprocessed.jpg
2025-05-27 16:39:14 | INFO     | app.agents.ocr_normalization_agent:_process_image:614 - Starting OCR processing on C:\Users\GSC-057\Desktop\panoramascore\uploads\680a9fc3-b72a-4c3b-9b39-225d602de4eb_preprocessed.jpg
2025-05-27 16:39:18 | INFO     | app.agents.ocr_normalization_agent:_process_image:641 - OCR completed successfully with confidence: 34.96
2025-05-27 16:39:19 | INFO     | app.agents.ocr_normalization_agent:process_document:325 - Successfully extracted text from 680a9fc3-b72a-4c3b-9b39-225d602de4eb.jpg
2025-05-27 16:39:19 | INFO     | app.agents.metadata_hashing_agent:process_document:38 - Generated metadata for Listing-1-Scanned.jpg
2025-05-27 16:39:20 | INFO     | app.agents.ocr_normalization_agent:process_document:278 - Detected document type: scanned_image, needs OCR: True, rotation: 0°
2025-05-27 16:39:21 | INFO     | app.utils.ocr_preprocessor:preprocess_image:67 - Image preprocessed successfully: C:\Users\GSC-057\Desktop\panoramascore\uploads\680a9fc3-b72a-4c3b-9b39-225d602de4eb_preprocessed.jpg
2025-05-27 16:39:21 | INFO     | app.agents.ocr_normalization_agent:_process_image:614 - Starting OCR processing on C:\Users\GSC-057\Desktop\panoramascore\uploads\680a9fc3-b72a-4c3b-9b39-225d602de4eb_preprocessed.jpg
2025-05-27 16:39:26 | INFO     | app.agents.ocr_normalization_agent:_process_image:641 - OCR completed successfully with confidence: 34.96
2025-05-27 16:39:26 | INFO     | app.agents.ocr_normalization_agent:process_document:325 - Successfully extracted text from 680a9fc3-b72a-4c3b-9b39-225d602de4eb.jpg
2025-05-27 16:39:26 | INFO     | app.agents.nlu_extraction_agent:extract_fields:104 - Extracted 2 fields from document
2025-05-27 16:39:26 | INFO     | main:process_document:467 - Calculated risk score: 30 based on extracted fields
2025-05-27 16:39:27 | INFO     | app.agents.embedding_agent:generate_embedding:95 - Successfully generated embedding of dimension 1536
2025-05-27 16:39:27 | INFO     | app.agents.embedding_agent:process_document:126 - Successfully processed document and generated embedding
2025-05-27 16:39:27 | INFO     | app.agents.rag_agent:_get_connection:114 - Attempting to connect to database postgres as user postgres...
2025-05-27 16:39:27 | INFO     | app.agents.rag_agent:_get_connection:123 - Database connection successful with PG_* parameters
2025-05-27 16:39:27 | INFO     | app.agents.rag_agent:_get_connection:114 - Attempting to connect to database postgres as user postgres...
2025-05-27 16:39:27 | INFO     | app.agents.rag_agent:_get_connection:123 - Database connection successful with PG_* parameters
2025-05-27 16:39:27 | INFO     | app.agents.rag_agent:_get_connection:114 - Attempting to connect to database postgres as user postgres...
2025-05-27 16:39:28 | INFO     | app.agents.rag_agent:_get_connection:123 - Database connection successful with PG_* parameters
2025-05-27 16:39:28 | INFO     | app.agents.rag_agent:_get_connection:114 - Attempting to connect to database postgres as user postgres...
2025-05-27 16:39:28 | INFO     | app.agents.rag_agent:_get_connection:123 - Database connection successful with PG_* parameters
2025-05-27 16:39:28 | WARNING  | app.agents.rag_agent:store_embedding:250 - No checksum available for document_1ace7b85-0a74-4ebf-9637-cd98493a7985.pdf, using generated default
2025-05-27 16:39:28 | INFO     | app.agents.rag_agent:store_embedding:289 - Successfully stored embedding with ID: 1ace7b85-0a74-4ebf-9637-cd98493a7985
2025-05-27 16:39:28 | INFO     | app.agents.rag_agent:_get_connection:114 - Attempting to connect to database postgres as user postgres...
2025-05-27 16:39:28 | INFO     | app.agents.rag_agent:_get_connection:123 - Database connection successful with PG_* parameters
2025-05-27 16:39:28 | INFO     | app.agents.rag_agent:_get_connection:114 - Attempting to connect to database postgres as user postgres...
2025-05-27 16:39:28 | INFO     | app.agents.rag_agent:_get_connection:123 - Database connection successful with PG_* parameters
2025-05-27 16:39:28 | INFO     | app.agents.rag_agent:find_similar_documents:360 - Found 3 similar documents
2025-05-27 16:39:28 | INFO     | app.agents.rag_agent:process_document:466 - Successfully processed document through RAG pipeline
2025-05-27 16:39:28 | INFO     | main:process_document:529 - Successfully processed document: Listing-1-Scanned.jpg
2025-05-27 16:54:21 | INFO     | app.utils.file_utils:create_upload_directory:61 - Ensured upload directory exists: ./uploads
2025-05-27 16:54:21 | INFO     | app.utils.document_validator:_load_config:35 - Loaded document patterns: ['CRS_Property_Report_*', 'Zoning_*', 'MLS_*', 'Property_Tax_*', 'Flood_Map_*', 'Title_Search_*', 'Appraisal_*']
2025-05-27 16:54:21 | INFO     | app.utils.document_validator:_load_existing_checksums:60 - Loaded 30 existing checksums
2025-05-27 16:54:21 | INFO     | app.agents.ocr_normalization_agent:__init__:62 - Found Tesseract at: C:\Program Files\Tesseract-OCR\tesseract.exe
2025-05-27 16:54:21 | INFO     | app.agents.ocr_normalization_agent:__init__:99 - OCR & Normalization Agent initialized with Tesseract OCR support
2025-05-27 16:54:22 | INFO     | app.agents.ocr_normalization_agent:__init__:62 - Found Tesseract at: C:\Program Files\Tesseract-OCR\tesseract.exe
2025-05-27 16:54:22 | INFO     | app.agents.ocr_normalization_agent:__init__:99 - OCR & Normalization Agent initialized with Tesseract OCR support
2025-05-27 16:54:22 | INFO     | app.agents.nlu_extraction_agent:__init__:30 - Loaded spaCy model: en_core_web_sm
2025-05-27 16:54:22 | INFO     | app.agents.embedding_agent:__init__:31 - Embedding Agent initialized successfully
2025-05-27 16:54:22 | INFO     | app.agents.rag_agent:_get_connection:114 - Attempting to connect to database postgres as user postgres...
2025-05-27 16:54:22 | INFO     | app.agents.rag_agent:_get_connection:123 - Database connection successful with PG_* parameters
2025-05-27 16:54:22 | INFO     | app.agents.rag_agent:__init__:66 - Vector extension already exists
2025-05-27 16:54:22 | INFO     | app.agents.rag_agent:__init__:86 - Successfully created or confirmed table public.real_estate_documents
2025-05-27 16:54:22 | INFO     | app.agents.rag_agent:__init__:96 - RAG Agent initialized with full vector search capabilities
2025-05-27 16:54:22 | INFO     | app.services.risk_scoring_service:_load_config:28 - Loaded risk scoring configuration for 11 fields
2025-05-27 16:54:22 | INFO     | app.services.field_validation_service:_load_config:25 - Loaded critical fields: ['parcel_id', 'tax_value', 'property_address', 'MLS_number']
2025-05-27 16:54:23 | INFO     | main:startup_event:606 - Starting PanoramaScore API
2025-05-27 16:54:23 | INFO     | main:startup_event:607 - Configuration: Upload folder=./uploads, Max file size=10MB
2025-05-27 16:54:23 | INFO     | main:startup_event:624 - Starting PanoramaScore API
2025-05-27 16:54:23 | INFO     | main:startup_event:625 - Configuration: Upload folder=./uploads, Max file size=10MB
2025-05-27 16:55:50 | INFO     | app.utils.file_utils:create_upload_directory:61 - Ensured upload directory exists: ./uploads
2025-05-27 16:55:50 | INFO     | app.utils.document_validator:_load_config:35 - Loaded document patterns: ['CRS_Property_Report_*', 'Zoning_*', 'MLS_*', 'Property_Tax_*', 'Flood_Map_*', 'Title_Search_*', 'Appraisal_*']
2025-05-27 16:55:50 | INFO     | app.utils.document_validator:_load_existing_checksums:60 - Loaded 30 existing checksums
2025-05-27 16:55:50 | INFO     | app.agents.ocr_normalization_agent:__init__:62 - Found Tesseract at: C:\Program Files\Tesseract-OCR\tesseract.exe
2025-05-27 16:55:50 | INFO     | app.agents.ocr_normalization_agent:__init__:99 - OCR & Normalization Agent initialized with Tesseract OCR support
2025-05-27 16:55:50 | INFO     | app.agents.ocr_normalization_agent:__init__:62 - Found Tesseract at: C:\Program Files\Tesseract-OCR\tesseract.exe
2025-05-27 16:55:50 | INFO     | app.agents.ocr_normalization_agent:__init__:99 - OCR & Normalization Agent initialized with Tesseract OCR support
2025-05-27 16:55:51 | INFO     | app.agents.nlu_extraction_agent:__init__:30 - Loaded spaCy model: en_core_web_sm
2025-05-27 16:55:51 | INFO     | app.agents.embedding_agent:__init__:31 - Embedding Agent initialized successfully
2025-05-27 16:55:51 | INFO     | app.agents.rag_agent:_get_connection:114 - Attempting to connect to database postgres as user postgres...
2025-05-27 16:55:51 | INFO     | app.agents.rag_agent:_get_connection:123 - Database connection successful with PG_* parameters
2025-05-27 16:55:51 | INFO     | app.agents.rag_agent:__init__:66 - Vector extension already exists
2025-05-27 16:55:51 | INFO     | app.agents.rag_agent:__init__:86 - Successfully created or confirmed table public.real_estate_documents
2025-05-27 16:55:51 | INFO     | app.agents.rag_agent:__init__:96 - RAG Agent initialized with full vector search capabilities
2025-05-27 16:55:51 | INFO     | app.services.risk_scoring_service:_load_config:28 - Loaded risk scoring configuration for 11 fields
2025-05-27 16:55:51 | INFO     | app.services.field_validation_service:_load_config:25 - Loaded critical fields: ['parcel_id', 'tax_value', 'property_address', 'MLS_number']
2025-05-27 16:55:51 | INFO     | main:startup_event:606 - Starting PanoramaScore API
2025-05-27 16:55:51 | INFO     | main:startup_event:607 - Configuration: Upload folder=./uploads, Max file size=10MB
2025-05-27 16:55:51 | INFO     | main:startup_event:624 - Starting PanoramaScore API
2025-05-27 16:55:51 | INFO     | main:startup_event:625 - Configuration: Upload folder=./uploads, Max file size=10MB
2025-05-27 16:56:19 | WARNING  | app.utils.document_validator:is_valid_real_estate_document:95 - File Listing-2-Scanned.jpg does not match any real estate document patterns
2025-05-27 16:56:19 | WARNING  | app.agents.document_ingest_agent:ingest_document:82 - File does not match standard naming patterns: Listing-2-Scanned.jpg
2025-05-27 16:56:19 | INFO     | app.agents.document_ingest_agent:ingest_document:110 - File saved: ./uploads\5c618e58-f53b-4c86-907b-9ae8af795386.jpg
2025-05-27 16:56:21 | INFO     | app.agents.document_ingest_agent:ingest_document:152 - Document type detected: scanned_image, needs OCR: True, rotation: 0°
2025-05-27 16:56:23 | INFO     | app.agents.ocr_normalization_agent:process_document:278 - Detected document type: scanned_image, needs OCR: True, rotation: 0°
2025-05-27 16:56:24 | INFO     | app.utils.ocr_preprocessor:preprocess_image:67 - Image preprocessed successfully: C:\Users\GSC-057\Desktop\panoramascore\uploads\5c618e58-f53b-4c86-907b-9ae8af795386_preprocessed.jpg
2025-05-27 16:56:24 | INFO     | app.agents.ocr_normalization_agent:_process_image:614 - Starting OCR processing on C:\Users\GSC-057\Desktop\panoramascore\uploads\5c618e58-f53b-4c86-907b-9ae8af795386_preprocessed.jpg
2025-05-27 16:56:29 | INFO     | app.agents.ocr_normalization_agent:_process_image:641 - OCR completed successfully with confidence: 36.02
2025-05-27 16:56:29 | INFO     | app.agents.ocr_normalization_agent:process_document:325 - Successfully extracted text from 5c618e58-f53b-4c86-907b-9ae8af795386.jpg
2025-05-27 16:56:29 | INFO     | app.agents.metadata_hashing_agent:process_document:38 - Generated metadata for Listing-2-Scanned.jpg
2025-05-27 16:56:30 | INFO     | app.agents.ocr_normalization_agent:process_document:278 - Detected document type: scanned_image, needs OCR: True, rotation: 0°
2025-05-27 16:56:31 | INFO     | app.utils.ocr_preprocessor:preprocess_image:67 - Image preprocessed successfully: C:\Users\GSC-057\Desktop\panoramascore\uploads\5c618e58-f53b-4c86-907b-9ae8af795386_preprocessed.jpg
2025-05-27 16:56:31 | INFO     | app.agents.ocr_normalization_agent:_process_image:614 - Starting OCR processing on C:\Users\GSC-057\Desktop\panoramascore\uploads\5c618e58-f53b-4c86-907b-9ae8af795386_preprocessed.jpg
2025-05-27 16:56:37 | INFO     | app.agents.ocr_normalization_agent:_process_image:641 - OCR completed successfully with confidence: 36.02
2025-05-27 16:56:37 | INFO     | app.agents.ocr_normalization_agent:process_document:325 - Successfully extracted text from 5c618e58-f53b-4c86-907b-9ae8af795386.jpg
2025-05-27 16:56:37 | INFO     | app.agents.nlu_extraction_agent:extract_fields:104 - Extracted 2 fields from document
2025-05-27 16:56:37 | INFO     | main:process_document:467 - Calculated risk score: 50 based on extracted fields
2025-05-27 16:56:40 | INFO     | app.agents.embedding_agent:generate_embedding:95 - Successfully generated embedding of dimension 1536
2025-05-27 16:56:40 | INFO     | app.agents.embedding_agent:process_document:126 - Successfully processed document and generated embedding
2025-05-27 16:56:40 | INFO     | app.agents.rag_agent:_get_connection:114 - Attempting to connect to database postgres as user postgres...
2025-05-27 16:56:40 | INFO     | app.agents.rag_agent:_get_connection:123 - Database connection successful with PG_* parameters
2025-05-27 16:56:40 | INFO     | app.agents.rag_agent:_get_connection:114 - Attempting to connect to database postgres as user postgres...
2025-05-27 16:56:40 | INFO     | app.agents.rag_agent:_get_connection:123 - Database connection successful with PG_* parameters
2025-05-27 16:56:40 | INFO     | app.agents.rag_agent:_get_connection:114 - Attempting to connect to database postgres as user postgres...
2025-05-27 16:56:40 | INFO     | app.agents.rag_agent:_get_connection:123 - Database connection successful with PG_* parameters
2025-05-27 16:56:40 | INFO     | app.agents.rag_agent:_get_connection:114 - Attempting to connect to database postgres as user postgres...
2025-05-27 16:56:40 | INFO     | app.agents.rag_agent:_get_connection:123 - Database connection successful with PG_* parameters
2025-05-27 16:56:40 | WARNING  | app.agents.rag_agent:store_embedding:250 - No checksum available for document_3343f8f7-7292-4c41-939c-aa3a55a9df3e.pdf, using generated default
2025-05-27 16:56:40 | INFO     | app.agents.rag_agent:store_embedding:297 - Successfully stored embedding with ID: 3343f8f7-7292-4c41-939c-aa3a55a9df3e
2025-05-27 16:56:40 | INFO     | app.agents.rag_agent:_get_connection:114 - Attempting to connect to database postgres as user postgres...
2025-05-27 16:56:40 | INFO     | app.agents.rag_agent:_get_connection:123 - Database connection successful with PG_* parameters
2025-05-27 16:56:40 | INFO     | app.agents.rag_agent:_get_connection:114 - Attempting to connect to database postgres as user postgres...
2025-05-27 16:56:41 | INFO     | app.agents.rag_agent:_get_connection:123 - Database connection successful with PG_* parameters
2025-05-27 16:56:41 | INFO     | app.agents.rag_agent:find_similar_documents:368 - Found 3 similar documents
2025-05-27 16:56:41 | INFO     | app.agents.rag_agent:process_document:479 - Successfully processed document through RAG pipeline
2025-05-27 16:56:41 | INFO     | main:process_document:529 - Successfully processed document: Listing-2-Scanned.jpg
2025-05-27 17:00:02 | WARNING  | app.utils.document_validator:is_valid_real_estate_document:95 - File Seller-Report-7-Scanned.pdf does not match any real estate document patterns
2025-05-27 17:00:02 | WARNING  | app.agents.document_ingest_agent:ingest_document:82 - File does not match standard naming patterns: Seller-Report-7-Scanned.pdf
2025-05-27 17:00:02 | WARNING  | app.agents.document_ingest_agent:ingest_document:92 - File too large: 12.55MB (max: 10MB)
2025-05-27 17:00:02 | ERROR    | main:process_document:562 - Validation error: File too large. Maximum size: 10MB
2025-05-27 17:07:09 | INFO     | app.utils.document_validator:is_valid_real_estate_document:92 - File MLS_Report_Seattle_WA.pdf matches pattern MLS_*
2025-05-27 17:07:09 | INFO     | app.agents.document_ingest_agent:ingest_document:110 - File saved: ./uploads\f05459f2-9349-4ff3-a02d-471827f37dfb.pdf
2025-05-27 17:07:09 | INFO     | app.agents.document_ingest_agent:ingest_document:152 - Document type detected: digital_pdf, needs OCR: False, rotation: 0°
2025-05-27 17:07:09 | INFO     | app.agents.ocr_normalization_agent:process_document:278 - Detected document type: digital_pdf, needs OCR: False, rotation: 0°
2025-05-27 17:07:09 | INFO     | app.agents.ocr_normalization_agent:process_document:325 - Successfully extracted text from f05459f2-9349-4ff3-a02d-471827f37dfb.pdf
2025-05-27 17:07:09 | INFO     | app.agents.document_ingest_agent:ingest_document:169 - Updated YAML config with 9 extracted fields
2025-05-27 17:07:09 | INFO     | app.agents.metadata_hashing_agent:process_document:38 - Generated metadata for MLS_Report_Seattle_WA.pdf
2025-05-27 17:07:09 | INFO     | app.agents.ocr_normalization_agent:process_document:278 - Detected document type: digital_pdf, needs OCR: False, rotation: 0°
2025-05-27 17:07:09 | INFO     | app.agents.ocr_normalization_agent:process_document:325 - Successfully extracted text from f05459f2-9349-4ff3-a02d-471827f37dfb.pdf
2025-05-27 17:07:13 | INFO     | app.agents.nlu_extraction_agent:extract_fields:104 - Extracted 4 fields from document
2025-05-27 17:07:13 | INFO     | main:process_document:467 - Calculated risk score: 30 based on extracted fields
2025-05-27 17:07:14 | INFO     | app.agents.embedding_agent:generate_embedding:95 - Successfully generated embedding of dimension 1536
2025-05-27 17:07:14 | INFO     | app.agents.embedding_agent:process_document:126 - Successfully processed document and generated embedding
2025-05-27 17:07:14 | INFO     | app.agents.rag_agent:_get_connection:114 - Attempting to connect to database postgres as user postgres...
2025-05-27 17:07:14 | INFO     | app.agents.rag_agent:_get_connection:123 - Database connection successful with PG_* parameters
2025-05-27 17:07:14 | INFO     | app.agents.rag_agent:_get_connection:114 - Attempting to connect to database postgres as user postgres...
2025-05-27 17:07:14 | INFO     | app.agents.rag_agent:_get_connection:123 - Database connection successful with PG_* parameters
2025-05-27 17:07:14 | INFO     | app.agents.rag_agent:_get_connection:114 - Attempting to connect to database postgres as user postgres...
2025-05-27 17:07:14 | INFO     | app.agents.rag_agent:_get_connection:123 - Database connection successful with PG_* parameters
2025-05-27 17:07:14 | INFO     | app.agents.rag_agent:_get_connection:114 - Attempting to connect to database postgres as user postgres...
2025-05-27 17:07:14 | INFO     | app.agents.rag_agent:_get_connection:123 - Database connection successful with PG_* parameters
2025-05-27 17:07:14 | WARNING  | app.agents.rag_agent:store_embedding:250 - No checksum available for document_442a48e6-2ec5-45a4-b8a4-ceff9deb975f.pdf, using generated default
2025-05-27 17:07:14 | INFO     | app.agents.rag_agent:store_embedding:297 - Successfully stored embedding with ID: 442a48e6-2ec5-45a4-b8a4-ceff9deb975f
2025-05-27 17:07:14 | INFO     | app.agents.rag_agent:_get_connection:114 - Attempting to connect to database postgres as user postgres...
2025-05-27 17:07:15 | INFO     | app.agents.rag_agent:_get_connection:123 - Database connection successful with PG_* parameters
2025-05-27 17:07:15 | INFO     | app.agents.rag_agent:_get_connection:114 - Attempting to connect to database postgres as user postgres...
2025-05-27 17:07:15 | INFO     | app.agents.rag_agent:_get_connection:123 - Database connection successful with PG_* parameters
2025-05-27 17:07:15 | INFO     | app.agents.rag_agent:find_similar_documents:368 - Found 3 similar documents
2025-05-27 17:07:15 | INFO     | app.agents.rag_agent:process_document:479 - Successfully processed document through RAG pipeline
2025-05-27 17:07:15 | INFO     | main:process_document:529 - Successfully processed document: MLS_Report_Seattle_WA.pdf
