2025-05-29 11:41:32 | INFO     | app.utils.file_utils:create_upload_directory:11 - Ensured upload directory exists: ./uploads
2025-05-29 11:41:33 | INFO     | app.utils.document_validator:_load_config:50 - Loaded document patterns: ['CRS_Property_Report_*', 'Zoning_*', 'MLS_*', 'Property_Tax_*', 'Flood_Map_*', 'Title_Search_*', 'Appraisal_*']
2025-05-29 11:41:33 | ERROR    | app.utils.document_validator:_load_existing_checksums:93 - Error loading existing checksums: connection to server at "localhost" (::1), port 5432 failed: FATAL:  password authentication failed for user "postgres"

2025-05-29 11:41:33 | INFO     | app.agents.ocr_normalization_agent:__init__:60 - Found Tesseract at: C:\Program Files\Tesseract-OCR\tesseract.exe
2025-05-29 11:41:35 | INFO     | app.agents.ocr_normalization_agent:__init__:88 - OCR & Normalization Agent initialized with Tesseract OCR support
2025-05-29 11:41:35 | INFO     | app.agents.ocr_normalization_agent:__init__:60 - Found Tesseract at: C:\Program Files\Tesseract-OCR\tesseract.exe
2025-05-29 11:41:35 | INFO     | app.agents.ocr_normalization_agent:__init__:88 - OCR & Normalization Agent initialized with Tesseract OCR support
2025-05-29 11:41:36 | INFO     | app.agents.nlu_extraction_agent:__init__:30 - Loaded spaCy model: en_core_web_sm
2025-05-29 11:41:36 | INFO     | app.agents.embedding_agent:__init__:37 - Embedding Agent initialized successfully
2025-05-29 11:41:36 | INFO     | app.agents.rag_agent:_get_connection:128 - Attempting to connect to database postgres as user postgres...
2025-05-29 11:41:36 | INFO     | app.agents.rag_agent:_get_connection:142 - Database connection successful with PG_* parameters
2025-05-29 11:41:36 | INFO     | app.agents.rag_agent:__init__:67 - Vector extension already exists
2025-05-29 11:41:36 | INFO     | app.agents.rag_agent:__init__:100 - Successfully created or confirmed table public.real_estate_documents
2025-05-29 11:41:36 | INFO     | app.agents.rag_agent:__init__:110 - RAG Agent initialized with full vector search capabilities
2025-05-29 11:41:36 | INFO     | app.services.risk_scoring_service:_load_config:28 - Loaded risk scoring configuration for 11 fields
2025-05-29 11:41:36 | INFO     | app.services.field_validation_service:_load_config:25 - Loaded critical fields: ['parcel_id', 'tax_value', 'property_address', 'MLS_number']
2025-05-29 11:41:36 | INFO     | main:startup_event:954 - Starting PanoramaScore API
2025-05-29 11:41:36 | INFO     | main:startup_event:955 - Configuration: Upload folder=./uploads, Max file size=10MB
2025-05-29 11:41:36 | INFO     | main:startup_event:972 - Starting PanoramaScore API
2025-05-29 11:41:36 | INFO     | main:startup_event:973 - Configuration: Upload folder=./uploads, Max file size=10MB
2025-05-29 11:42:08 | WARNING  | app.agents.document_ingest_agent:ingest_document:82 - File does not match standard naming patterns: Listing-2-Scanned.jpg
2025-05-29 11:42:08 | INFO     | app.agents.document_ingest_agent:ingest_document:110 - File saved: ./uploads\eab3cb5c-2006-4be2-96c7-4a10fd3e2fd7.jpg
2025-05-29 11:42:08 | WARNING  | app.utils.document_validator:validate_file_integrity:226 - File does not match standard naming patterns: Listing-2-Scanned.jpg
2025-05-29 11:42:08 | INFO     | app.agents.document_ingest_agent:ingest_document:152 - Document type detected: scanned_image, needs OCR: True, rotation: 0°
2025-05-29 11:42:08 | INFO     | app.agents.ocr_normalization_agent:process_document:109 - Detected document type: scanned_image, needs OCR: True, rotation: 0°
2025-05-29 11:42:09 | INFO     | app.utils.ocr_preprocessor:preprocess_image:67 - Image preprocessed successfully: C:\Users\GSC-057\Desktop\panoramascore\uploads\eab3cb5c-2006-4be2-96c7-4a10fd3e2fd7_preprocessed.jpg
2025-05-29 11:42:09 | INFO     | app.agents.ocr_normalization_agent:_process_image:285 - Image preprocessed successfully: C:\Users\GSC-057\Desktop\panoramascore\uploads\eab3cb5c-2006-4be2-96c7-4a10fd3e2fd7_preprocessed.jpg
2025-05-29 11:42:09 | INFO     | app.agents.ocr_normalization_agent:_process_image:301 - Starting OCR processing on C:\Users\GSC-057\Desktop\panoramascore\uploads\eab3cb5c-2006-4be2-96c7-4a10fd3e2fd7_preprocessed.jpg
2025-05-29 11:42:52 | INFO     | app.agents.ocr_normalization_agent:_process_image:333 - OCR completed successfully with confidence: 35.88
2025-05-29 11:42:52 | INFO     | app.agents.ocr_normalization_agent:process_document:146 - Successfully extracted text from eab3cb5c-2006-4be2-96c7-4a10fd3e2fd7.jpg
2025-05-29 11:42:52 | INFO     | app.agents.metadata_hashing_agent:process_document:38 - Generated metadata for Listing-2-Scanned.jpg
2025-05-29 11:42:52 | INFO     | app.agents.ocr_normalization_agent:process_document:109 - Detected document type: scanned_image, needs OCR: True, rotation: 0°
2025-05-29 11:42:53 | INFO     | app.utils.ocr_preprocessor:preprocess_image:67 - Image preprocessed successfully: C:\Users\GSC-057\Desktop\panoramascore\uploads\eab3cb5c-2006-4be2-96c7-4a10fd3e2fd7_preprocessed.jpg
2025-05-29 11:42:53 | INFO     | app.agents.ocr_normalization_agent:_process_image:285 - Image preprocessed successfully: C:\Users\GSC-057\Desktop\panoramascore\uploads\eab3cb5c-2006-4be2-96c7-4a10fd3e2fd7_preprocessed.jpg
2025-05-29 11:42:53 | INFO     | app.agents.ocr_normalization_agent:_process_image:301 - Starting OCR processing on C:\Users\GSC-057\Desktop\panoramascore\uploads\eab3cb5c-2006-4be2-96c7-4a10fd3e2fd7_preprocessed.jpg
2025-05-29 11:43:31 | INFO     | app.agents.ocr_normalization_agent:_process_image:333 - OCR completed successfully with confidence: 35.88
2025-05-29 11:43:31 | INFO     | app.agents.ocr_normalization_agent:process_document:146 - Successfully extracted text from eab3cb5c-2006-4be2-96c7-4a10fd3e2fd7.jpg
2025-05-29 11:43:31 | ERROR    | main:process_document:436 - Error during OCR & text extraction: 'OCRNormalizationAgent' object has no attribute 'redact_pii'
2025-05-29 11:43:31 | INFO     | app.utils.extract_fields_util:extract_fields_from_text:107 - Trying (?i)MLS#:\s*([\w\d-]+) on line: 'Error extracting text: 'OCRNormalizationAgent' object has no attribute 'redact_pii'. This may be due to missing dependencies like Tesseract OCR or pdf2image.'
2025-05-29 11:43:31 | INFO     | app.utils.extract_fields_util:extract_fields_from_text:107 - Trying (?i)MLS:\s*([\w\d-]+) on line: 'Error extracting text: 'OCRNormalizationAgent' object has no attribute 'redact_pii'. This may be due to missing dependencies like Tesseract OCR or pdf2image.'
2025-05-29 11:43:31 | INFO     | app.utils.extract_fields_util:extract_fields_from_text:107 - Trying (?i)-\s*MLS#?:\s*([\w\d-]+) on line: 'Error extracting text: 'OCRNormalizationAgent' object has no attribute 'redact_pii'. This may be due to missing dependencies like Tesseract OCR or pdf2image.'
2025-05-29 11:43:31 | INFO     | app.utils.extract_fields_util:extract_fields_from_text:107 - Trying (?i)MLS[#:]?\s*([\w\d-]+) on line: 'Error extracting text: 'OCRNormalizationAgent' object has no attribute 'redact_pii'. This may be due to missing dependencies like Tesseract OCR or pdf2image.'
2025-05-29 11:43:31 | INFO     | app.utils.extract_fields_util:extract_fields_from_text:107 - Trying (?i)Build\s+Year:\s*([0-9]{4}) on line: 'Error extracting text: 'OCRNormalizationAgent' object has no attribute 'redact_pii'. This may be due to missing dependencies like Tesseract OCR or pdf2image.'
2025-05-29 11:43:31 | INFO     | app.utils.extract_fields_util:extract_fields_from_text:107 - Trying (?i)-\s*Build\s+Year:\s*([0-9]{4}) on line: 'Error extracting text: 'OCRNormalizationAgent' object has no attribute 'redact_pii'. This may be due to missing dependencies like Tesseract OCR or pdf2image.'
2025-05-29 11:43:31 | INFO     | app.utils.extract_fields_util:extract_fields_from_text:107 - Trying (?i)Year\s+Built:\s*([0-9]{4}) on line: 'Error extracting text: 'OCRNormalizationAgent' object has no attribute 'redact_pii'. This may be due to missing dependencies like Tesseract OCR or pdf2image.'
2025-05-29 11:43:31 | INFO     | app.utils.extract_fields_util:extract_fields_from_text:107 - Trying (?i)Built\s+in\s*[:\s]?\s*([0-9]{4}) on line: 'Error extracting text: 'OCRNormalizationAgent' object has no attribute 'redact_pii'. This may be due to missing dependencies like Tesseract OCR or pdf2image.'
2025-05-29 11:43:31 | INFO     | app.utils.extract_fields_util:extract_fields_from_text:107 - Trying (?i)Land\s+Use\s+Code:\s*(\w[\d-]*) on line: 'Error extracting text: 'OCRNormalizationAgent' object has no attribute 'redact_pii'. This may be due to missing dependencies like Tesseract OCR or pdf2image.'
2025-05-29 11:43:31 | INFO     | app.utils.extract_fields_util:extract_fields_from_text:107 - Trying (?i)-\s*Land\s+Use\s+Code:\s*(\w[\d-]*) on line: 'Error extracting text: 'OCRNormalizationAgent' object has no attribute 'redact_pii'. This may be due to missing dependencies like Tesseract OCR or pdf2image.'
2025-05-29 11:43:31 | INFO     | app.utils.extract_fields_util:extract_fields_from_text:107 - Trying (?i)Use\s+Code:\s*(\w[\d-]*) on line: 'Error extracting text: 'OCRNormalizationAgent' object has no attribute 'redact_pii'. This may be due to missing dependencies like Tesseract OCR or pdf2image.'
2025-05-29 11:43:31 | INFO     | app.utils.extract_fields_util:extract_fields_from_text:107 - Trying (?i)Flood\s+Risk\s+Score:\s*(\d+) on line: 'Error extracting text: 'OCRNormalizationAgent' object has no attribute 'redact_pii'. This may be due to missing dependencies like Tesseract OCR or pdf2image.'
2025-05-29 11:43:31 | INFO     | app.utils.extract_fields_util:extract_fields_from_text:107 - Trying (?i)-\s*Flood\s+Risk\s+Score:\s*(\d+) on line: 'Error extracting text: 'OCRNormalizationAgent' object has no attribute 'redact_pii'. This may be due to missing dependencies like Tesseract OCR or pdf2image.'
2025-05-29 11:43:31 | INFO     | app.utils.extract_fields_util:extract_fields_from_text:107 - Trying (?i)Flood\s+Risk:\s*(\d+) on line: 'Error extracting text: 'OCRNormalizationAgent' object has no attribute 'redact_pii'. This may be due to missing dependencies like Tesseract OCR or pdf2image.'
2025-05-29 11:43:31 | INFO     | app.utils.extract_fields_util:extract_fields_from_text:107 - Trying (?i)Zoning:\s*([\w\s.-]+) on line: 'Error extracting text: 'OCRNormalizationAgent' object has no attribute 'redact_pii'. This may be due to missing dependencies like Tesseract OCR or pdf2image.'
2025-05-29 11:43:31 | INFO     | app.utils.extract_fields_util:extract_fields_from_text:107 - Trying (?i)-\s*Zoning:\s*([\w\s.-]+) on line: 'Error extracting text: 'OCRNormalizationAgent' object has no attribute 'redact_pii'. This may be due to missing dependencies like Tesseract OCR or pdf2image.'
2025-05-29 11:43:31 | INFO     | app.utils.extract_fields_util:extract_fields_from_text:107 - Trying (?i)Zoning\s+Record:\s*([\w\s.-]+) on line: 'Error extracting text: 'OCRNormalizationAgent' object has no attribute 'redact_pii'. This may be due to missing dependencies like Tesseract OCR or pdf2image.'
2025-05-29 11:43:31 | INFO     | app.utils.extract_fields_util:extract_fields_from_text:107 - Trying (?i)Outdated\s+Tax\s+Delta:\s*([\d%]+) on line: 'Error extracting text: 'OCRNormalizationAgent' object has no attribute 'redact_pii'. This may be due to missing dependencies like Tesseract OCR or pdf2image.'
2025-05-29 11:43:31 | INFO     | app.utils.extract_fields_util:extract_fields_from_text:107 - Trying (?i)-\s*Outdated\s+Tax\s+Delta:\s*([\d%]+) on line: 'Error extracting text: 'OCRNormalizationAgent' object has no attribute 'redact_pii'. This may be due to missing dependencies like Tesseract OCR or pdf2image.'
2025-05-29 11:43:31 | INFO     | app.utils.extract_fields_util:extract_fields_from_text:107 - Trying (?i)Tax\s+Delta:\s*([\d%]+) on line: 'Error extracting text: 'OCRNormalizationAgent' object has no attribute 'redact_pii'. This may be due to missing dependencies like Tesseract OCR or pdf2image.'
2025-05-29 11:43:31 | INFO     | app.utils.extract_fields_util:extract_fields_from_text:107 - Trying (?i)Infrastructure\s+Opacity:\s*([\d.]+) on line: 'Error extracting text: 'OCRNormalizationAgent' object has no attribute 'redact_pii'. This may be due to missing dependencies like Tesseract OCR or pdf2image.'
2025-05-29 11:43:31 | INFO     | app.utils.extract_fields_util:extract_fields_from_text:107 - Trying (?i)-\s*Infrastructure\s+Opacity:\s*([\d.]+) on line: 'Error extracting text: 'OCRNormalizationAgent' object has no attribute 'redact_pii'. This may be due to missing dependencies like Tesseract OCR or pdf2image.'
2025-05-29 11:43:31 | INFO     | app.utils.extract_fields_util:extract_fields_from_text:107 - Trying (?i)Infrastructure\s+Score:\s*([\d.]+) on line: 'Error extracting text: 'OCRNormalizationAgent' object has no attribute 'redact_pii'. This may be due to missing dependencies like Tesseract OCR or pdf2image.'
2025-05-29 11:43:31 | INFO     | app.utils.extract_fields_util:extract_fields_from_text:107 - Trying (?i)Regional\s+Data\s+Variation:\s*([\d.]+) on line: 'Error extracting text: 'OCRNormalizationAgent' object has no attribute 'redact_pii'. This may be due to missing dependencies like Tesseract OCR or pdf2image.'
2025-05-29 11:43:31 | INFO     | app.utils.extract_fields_util:extract_fields_from_text:107 - Trying (?i)-\s*Regional\s+Data\s+Variation:\s*([\d.]+) on line: 'Error extracting text: 'OCRNormalizationAgent' object has no attribute 'redact_pii'. This may be due to missing dependencies like Tesseract OCR or pdf2image.'
2025-05-29 11:43:31 | INFO     | app.utils.extract_fields_util:extract_fields_from_text:107 - Trying (?i)Regional\s+Variation:\s*([\d.]+) on line: 'Error extracting text: 'OCRNormalizationAgent' object has no attribute 'redact_pii'. This may be due to missing dependencies like Tesseract OCR or pdf2image.'
2025-05-29 11:43:31 | INFO     | app.utils.extract_fields_util:extract_fields_from_text:107 - Trying (?i)Climate\s+Score:\s*(\d+) on line: 'Error extracting text: 'OCRNormalizationAgent' object has no attribute 'redact_pii'. This may be due to missing dependencies like Tesseract OCR or pdf2image.'
2025-05-29 11:43:31 | INFO     | app.utils.extract_fields_util:extract_fields_from_text:107 - Trying (?i)-\s*Climate\s+Score:\s*(\d+) on line: 'Error extracting text: 'OCRNormalizationAgent' object has no attribute 'redact_pii'. This may be due to missing dependencies like Tesseract OCR or pdf2image.'
2025-05-29 11:43:31 | INFO     | app.utils.extract_fields_util:extract_fields_from_text:107 - Trying (?i)Climate\s+Risk:\s*(\d+) on line: 'Error extracting text: 'OCRNormalizationAgent' object has no attribute 'redact_pii'. This may be due to missing dependencies like Tesseract OCR or pdf2image.'
2025-05-29 11:43:31 | INFO     | app.utils.extract_fields_util:extract_fields_from_text:107 - Trying (?i)Property\s+Address:\s*([\w\d\s.,#-]+) on line: 'Error extracting text: 'OCRNormalizationAgent' object has no attribute 'redact_pii'. This may be due to missing dependencies like Tesseract OCR or pdf2image.'
2025-05-29 11:43:31 | INFO     | app.utils.extract_fields_util:extract_fields_from_text:107 - Trying (?i)-\s*Property\s+Address:\s*([\w\d\s.,#-]+) on line: 'Error extracting text: 'OCRNormalizationAgent' object has no attribute 'redact_pii'. This may be due to missing dependencies like Tesseract OCR or pdf2image.'
2025-05-29 11:43:31 | INFO     | app.utils.extract_fields_util:extract_fields_from_text:107 - Trying (?i)Address:\s*([\w\d\s.,#-]+) on line: 'Error extracting text: 'OCRNormalizationAgent' object has no attribute 'redact_pii'. This may be due to missing dependencies like Tesseract OCR or pdf2image.'
2025-05-29 11:43:31 | INFO     | app.utils.extract_fields_util:extract_fields_from_text:107 - Trying (?i)Parcel\s+#:\s*([\w\d-]+) on line: 'Error extracting text: 'OCRNormalizationAgent' object has no attribute 'redact_pii'. This may be due to missing dependencies like Tesseract OCR or pdf2image.'
2025-05-29 11:43:31 | INFO     | app.utils.extract_fields_util:extract_fields_from_text:107 - Trying (?i)-\s*Parcel\s+#:\s*([\w\d-]+) on line: 'Error extracting text: 'OCRNormalizationAgent' object has no attribute 'redact_pii'. This may be due to missing dependencies like Tesseract OCR or pdf2image.'
2025-05-29 11:43:31 | INFO     | app.utils.extract_fields_util:extract_fields_from_text:107 - Trying (?i)Parcel\s+ID:\s*([\w\d-]+) on line: 'Error extracting text: 'OCRNormalizationAgent' object has no attribute 'redact_pii'. This may be due to missing dependencies like Tesseract OCR or pdf2image.'
2025-05-29 11:43:31 | INFO     | app.utils.extract_fields_util:extract_fields_from_text:107 - Trying (?i)APN[-#:]?\s*([\w\d-]+) on line: 'Error extracting text: 'OCRNormalizationAgent' object has no attribute 'redact_pii'. This may be due to missing dependencies like Tesseract OCR or pdf2image.'
2025-05-29 11:43:31 | INFO     | app.utils.extract_fields_util:extract_fields_from_text:107 - Trying (?i)Tax\s+Value:\s*\$?(\d[\d,.]*) on line: 'Error extracting text: 'OCRNormalizationAgent' object has no attribute 'redact_pii'. This may be due to missing dependencies like Tesseract OCR or pdf2image.'
2025-05-29 11:43:31 | INFO     | app.utils.extract_fields_util:extract_fields_from_text:107 - Trying (?i)-\s*Tax\s+Value:\s*\$?(\d[\d,.]*) on line: 'Error extracting text: 'OCRNormalizationAgent' object has no attribute 'redact_pii'. This may be due to missing dependencies like Tesseract OCR or pdf2image.'
2025-05-29 11:43:31 | INFO     | app.utils.extract_fields_util:extract_fields_from_text:107 - Trying (?i)Value:\s*\$?(\d[\d,.]*) on line: 'Error extracting text: 'OCRNormalizationAgent' object has no attribute 'redact_pii'. This may be due to missing dependencies like Tesseract OCR or pdf2image.'
2025-05-29 11:43:31 | INFO     | app.utils.extract_fields_util:extract_fields_from_text:144 - Extracted fields (final): {'mls_listing': 'Not Found', 'build_year': 'Not Found', 'land_use_code': 'Not Found', 'flood_risk_score': 'Not Found', 'zoning_record': 'Not Found', 'outdated_tax_delta': 'Not Found', 'infrastructure_opacity': 'Not Found', 'regional_data_variation': 'Not Found', 'climate_score': 'Not Found', 'property_address': 'Not Found', 'parcel_id': 'Not Found', 'tax_value': 'Not Found'}
2025-05-29 11:43:31 | INFO     | app.agents.nlu_extraction_agent:extract_fields:254 - Extracted 32 fields from document: extracted_text, text, Mls Listing, Build Year, Land Use Code, Flood Risk Score, Zoning Record, Outdated Tax Delta, Infrastructure Opacity, Regional Data Variation, Climate Score, Property Address, Parcel ID, Tax Value, document_type, name, date, amount, property_address, parcel_id, tax_value, mls_listing, build_year, bedrooms, bathrooms, land_use_code, flood_risk_score, zoning_record, outdated_tax_delta, infrastructure_opacity, regional_data_variation, climate_score
2025-05-29 11:43:31 | INFO     | app.agents.nlu_extraction_agent:extract_fields:258 - Successfully extracted 1 field values: {'document_type': 'Real Estate Document'}
2025-05-29 11:43:31 | INFO     | main:process_document:486 - Calculated risk score: 50 based on extracted fields
2025-05-29 11:43:32 | INFO     | app.agents.embedding_agent:generate_embedding:109 - Successfully generated embedding of dimension 1536
2025-05-29 11:43:32 | INFO     | app.agents.embedding_agent:process_document:140 - Successfully processed document and generated embedding
2025-05-29 11:43:32 | INFO     | app.agents.rag_agent:_get_connection:128 - Attempting to connect to database postgres as user postgres...
2025-05-29 11:43:32 | INFO     | app.agents.rag_agent:_get_connection:142 - Database connection successful with PG_* parameters
2025-05-29 11:43:32 | INFO     | app.agents.rag_agent:_get_connection:128 - Attempting to connect to database postgres as user postgres...
2025-05-29 11:43:32 | INFO     | app.agents.rag_agent:_get_connection:142 - Database connection successful with PG_* parameters
2025-05-29 11:43:32 | INFO     | app.agents.rag_agent:_get_connection:128 - Attempting to connect to database postgres as user postgres...
2025-05-29 11:43:32 | INFO     | app.agents.rag_agent:_get_connection:142 - Database connection successful with PG_* parameters
2025-05-29 11:43:32 | INFO     | app.agents.rag_agent:_get_connection:128 - Attempting to connect to database postgres as user postgres...
2025-05-29 11:43:32 | INFO     | app.agents.rag_agent:_get_connection:142 - Database connection successful with PG_* parameters
2025-05-29 11:43:32 | INFO     | app.agents.rag_agent:store_embedding:362 - Successfully stored embedding with ID: b5581758-34dc-4518-a91c-0361fdefafda
2025-05-29 11:43:32 | INFO     | app.agents.rag_agent:_get_connection:128 - Attempting to connect to database postgres as user postgres...
2025-05-29 11:43:33 | INFO     | app.agents.rag_agent:_get_connection:142 - Database connection successful with PG_* parameters
2025-05-29 11:43:33 | INFO     | app.agents.rag_agent:_get_connection:128 - Attempting to connect to database postgres as user postgres...
2025-05-29 11:43:33 | INFO     | app.agents.rag_agent:_get_connection:142 - Database connection successful with PG_* parameters
2025-05-29 11:43:33 | INFO     | app.agents.rag_agent:find_similar_documents:453 - Found 2 similar documents
2025-05-29 11:43:33 | INFO     | app.agents.rag_agent:process_document:564 - Successfully processed document through RAG pipeline
2025-05-29 11:43:33 | INFO     | main:process_document:548 - Successfully processed document: Listing-2-Scanned.jpg
2025-05-29 12:07:04 | INFO     | app.utils.file_utils:create_upload_directory:11 - Ensured upload directory exists: ./uploads
2025-05-29 12:07:04 | INFO     | app.utils.document_validator:_load_config:50 - Loaded document patterns: ['CRS_Property_Report_*', 'Zoning_*', 'MLS_*', 'Property_Tax_*', 'Flood_Map_*', 'Title_Search_*', 'Appraisal_*']
2025-05-29 12:07:04 | ERROR    | app.utils.document_validator:_load_existing_checksums:93 - Error loading existing checksums: connection to server at "localhost" (::1), port 5432 failed: FATAL:  password authentication failed for user "postgres"

2025-05-29 12:07:04 | INFO     | app.agents.ocr_normalization_agent:__init__:60 - Found Tesseract at: C:\Program Files\Tesseract-OCR\tesseract.exe
2025-05-29 12:07:06 | INFO     | app.agents.ocr_normalization_agent:__init__:88 - OCR & Normalization Agent initialized with Tesseract OCR support
2025-05-29 12:07:06 | INFO     | app.agents.ocr_normalization_agent:__init__:60 - Found Tesseract at: C:\Program Files\Tesseract-OCR\tesseract.exe
2025-05-29 12:07:06 | INFO     | app.agents.ocr_normalization_agent:__init__:88 - OCR & Normalization Agent initialized with Tesseract OCR support
2025-05-29 12:07:07 | INFO     | app.agents.nlu_extraction_agent:__init__:30 - Loaded spaCy model: en_core_web_sm
2025-05-29 12:07:07 | INFO     | app.agents.embedding_agent:__init__:37 - Embedding Agent initialized successfully
2025-05-29 12:07:07 | INFO     | app.agents.rag_agent:_get_connection:128 - Attempting to connect to database postgres as user postgres...
2025-05-29 12:07:07 | INFO     | app.agents.rag_agent:_get_connection:142 - Database connection successful with PG_* parameters
2025-05-29 12:07:07 | INFO     | app.agents.rag_agent:__init__:67 - Vector extension already exists
2025-05-29 12:07:07 | INFO     | app.agents.rag_agent:__init__:100 - Successfully created or confirmed table public.real_estate_documents
2025-05-29 12:07:07 | INFO     | app.agents.rag_agent:__init__:110 - RAG Agent initialized with full vector search capabilities
2025-05-29 12:07:07 | INFO     | app.services.risk_scoring_service:_load_config:28 - Loaded risk scoring configuration for 11 fields
2025-05-29 12:07:07 | INFO     | app.services.field_validation_service:_load_config:25 - Loaded critical fields: ['parcel_id', 'tax_value', 'property_address', 'MLS_number']
2025-05-29 12:07:07 | INFO     | main:startup_event:954 - Starting PanoramaScore API
2025-05-29 12:07:07 | INFO     | main:startup_event:955 - Configuration: Upload folder=./uploads, Max file size=10MB
2025-05-29 12:07:07 | INFO     | main:startup_event:972 - Starting PanoramaScore API
2025-05-29 12:07:07 | INFO     | main:startup_event:973 - Configuration: Upload folder=./uploads, Max file size=10MB
2025-05-29 12:11:03 | WARNING  | app.agents.document_ingest_agent:ingest_document:82 - File does not match standard naming patterns: Seller-Report-4-Scanned.jpg
2025-05-29 12:11:03 | INFO     | app.agents.document_ingest_agent:ingest_document:110 - File saved: ./uploads\94deffc0-4a4f-4397-b05c-cefb918e7dfc.jpg
2025-05-29 12:11:03 | WARNING  | app.utils.document_validator:validate_file_integrity:226 - File does not match standard naming patterns: Seller-Report-4-Scanned.jpg
2025-05-29 12:11:03 | INFO     | app.agents.document_ingest_agent:ingest_document:152 - Document type detected: scanned_image, needs OCR: True, rotation: 0°
2025-05-29 12:11:03 | INFO     | app.agents.ocr_normalization_agent:process_document:109 - Detected document type: scanned_image, needs OCR: True, rotation: 0°
2025-05-29 12:11:04 | INFO     | app.utils.ocr_preprocessor:preprocess_image:67 - Image preprocessed successfully: C:\Users\GSC-057\Desktop\panoramascore\uploads\94deffc0-4a4f-4397-b05c-cefb918e7dfc_preprocessed.jpg
2025-05-29 12:11:04 | INFO     | app.agents.ocr_normalization_agent:_process_image:285 - Image preprocessed successfully: C:\Users\GSC-057\Desktop\panoramascore\uploads\94deffc0-4a4f-4397-b05c-cefb918e7dfc_preprocessed.jpg
2025-05-29 12:11:05 | INFO     | app.agents.ocr_normalization_agent:_process_image:301 - Starting OCR processing on C:\Users\GSC-057\Desktop\panoramascore\uploads\94deffc0-4a4f-4397-b05c-cefb918e7dfc_preprocessed.jpg
2025-05-29 12:11:36 | INFO     | app.agents.ocr_normalization_agent:_process_image:333 - OCR completed successfully with confidence: 34.01
2025-05-29 12:11:36 | INFO     | app.agents.ocr_normalization_agent:process_document:146 - Successfully extracted text from 94deffc0-4a4f-4397-b05c-cefb918e7dfc.jpg
2025-05-29 12:11:36 | INFO     | app.agents.metadata_hashing_agent:process_document:38 - Generated metadata for Seller-Report-4-Scanned.jpg
2025-05-29 12:11:36 | INFO     | app.agents.ocr_normalization_agent:process_document:109 - Detected document type: scanned_image, needs OCR: True, rotation: 0°
2025-05-29 12:11:36 | INFO     | app.utils.ocr_preprocessor:preprocess_image:67 - Image preprocessed successfully: C:\Users\GSC-057\Desktop\panoramascore\uploads\94deffc0-4a4f-4397-b05c-cefb918e7dfc_preprocessed.jpg
2025-05-29 12:11:36 | INFO     | app.agents.ocr_normalization_agent:_process_image:285 - Image preprocessed successfully: C:\Users\GSC-057\Desktop\panoramascore\uploads\94deffc0-4a4f-4397-b05c-cefb918e7dfc_preprocessed.jpg
2025-05-29 12:11:36 | INFO     | app.agents.ocr_normalization_agent:_process_image:301 - Starting OCR processing on C:\Users\GSC-057\Desktop\panoramascore\uploads\94deffc0-4a4f-4397-b05c-cefb918e7dfc_preprocessed.jpg
2025-05-29 12:12:05 | INFO     | app.agents.ocr_normalization_agent:_process_image:333 - OCR completed successfully with confidence: 34.01
2025-05-29 12:12:05 | INFO     | app.agents.ocr_normalization_agent:process_document:146 - Successfully extracted text from 94deffc0-4a4f-4397-b05c-cefb918e7dfc.jpg
2025-05-29 12:12:05 | INFO     | app.utils.extract_fields_util:extract_fields_from_text:107 - Trying (?i)MLS#:\s*([\w\d-]+) on line: 'ti os ES pees A ee oo Ne fe pe on Se _ Cees ee ree Pee SS  en ee oe eae SO ene ED (3) Aan Cees ae HE ind HWA  SSS EN a ve A SR wae POCKY,AS te CS ES IES ol open ERVICE aA a  ee oo Sd OR ae LE LIS:See earn WRG:Vo ees UET she oP as A) vend Poe ae oe oe 2  2 ee  ee Lil Pen a nd 7 i  a re Nt eee ee wee OF fs Paes Poms:Fo J :ie :  ane (vA LO BO) ee Po ne Ves here    ee eee NG Ge Oe ee Se OES SE oN 0 WU be EN Le  eS Ne Hees AWS 7 AO) a Ad ee a : oe ee 4 Re TAX 10 i Ca es ee ee ee Se :Sone ee Woh) A Cee ey eras ee ee oS  es a ee 7 ,2  a a Vek cis Be ji oe pee os  a a : ee poe Vea CEN eres Rae a ee (6) a 4 391 N oS :ey ae es eis cane MO) oe eee 1D SING! Peeve ee a ae ee ee Ana et 1 oe  ra ep acy EAN ALE deere nee es Se SN oe CE SPT ae sess ER Oe oe O01  ie ae ee aan ee. ons ee :es ae as ee te ee:Pou ess Boy See x OS Demet Ot fs ee Se Peon ee Sse ie ones oe OEBA eta es putas ee Se ot -ee en es ee See eee os PAPE:ee ce Pe i ie ;ot Al :to  pe ae ee Ae ue oe ae ea es a acs NOES ae eee es es pee peak a ee A i :i Ca es boa ee 1S ao ee ane ee ae eS eo i oe ees 8 eee a eo Boned Res eae a :pO oe ae oe Ley ya  a  ee oe ee ee ey Sona ae :ee oe oe Blowing ei egy ae eae i ee es pe) ay a es:aN ae eee Oo. oS ay ae ies S oe a Lo ee aes ee ee See on ae eee oe a  aes ice ef aS ::oe Se oe oe ee oe Nel Cet  Bil EDGER NG See a ee a a So aN oes  is ae ee pie aN Steere ie  im Panto as eae : Se eSNG ss Wee ee aoe eee) eee  pees ae ee ates Sus SN VEE oe es Sat ORE ee! a SUES ees Eee ee oe NEE eet oe a a 7 ee a icons See Gay  5! ate Ais a a  oS Sees ee rs eee ore i ene ve] i oe elle a oe iE ee ee oe ee) ee Dee es Sy ees cl ee es Se Boe ae ates oe i ee TUR Sees bane BS ee ee ep War : i  Ned Ree 3 a eee ea fee ad [Bs eet ie :eas Coe ee Aad MEN:nes mene ome oS ee val :Kae es SUS ae hSc ot Se 5 ol ee es one Were eee i ino   ee Soe ee eee es era oe Sl SJUNE sadn ie Pee SN ie eee ee ECG pee ;roe teas oe une 0 a Bis i NEE tl TEV ne ares Us oe ae oe ae 7 Ls RES Ree ease es ae Las  iE aX 2 eee ese SOR Rates  Gay oe ee oe aa SS oe Cats SS ae ey res oe oe pee oe  ale  NG ee  ee eee Se ee ee aes pea NCEE ae Ce ATE:Be es Ses Oe ONES es NT ae ee EME :ae ngs Se ee ie oe oe Ube:a See ees ee ee a EES ae aes oe i CS a aos Tae Sree ee ae ue ee eas poo ViWetmore soe ee ;os ss Sees! Pelee es Sa es ees Wet en 2 es oe eee Sa Aa nee lan:ACRE  eS Fone alc PP Sean ee  Google saute oe ee ee Se Ve Ng:oS et es ens ee Re as oo a cu ee SS ASIN ae oe as ee oe Be Ghee Sos At Ee Seay a vs Le  :es Boe eek STE ) ee rea :ace eo :oa)  oe Be RONG eae Sa eee Reese  7 jee esos ORE:eee Dee oe  ees os oe SS ae eee Oe oe ar sone Bee See a cas ee eee oe ees 6 eee ae See oa Sa a ee ee ae eee eee NN Gs RRC BEERS ES wee  :eed ae Bere RN ee ON ane :ee [eee Ee on chy aed RR oe a    a :2 . ey Ben ARE ee 8 a  eee ae Ge  eS Soe red ae gee an ae ria whe ER OES pce ey es ae aes  ee 2  ee  eee oe See:1S ee ot ee eee e ard macs 7 esJ se hee Nee (reg:eae hip ae BRS. Sas 22 Hom ak Se oe a a oe . 8 LU es ee Contra ee tet ide) Contiac ae oe ae i oe ea 333 phd CANS Sey eee ;cas as oe ees Ae oo yee ee ms a 2 :8 aS eee oe oo oo ee ee oo tive Un ae oe es  WE. 0200005 EM OF ee et ent as Of Soe ee ee eee ee Se ae oe oS ive,Continge ee ee  Active. C ot ee Bedroom:oe es 8 oe :oe eae ee re a3 a ee ee ee eee i Ces son ec ane ae coe ee ae a oS ST Ny,ee re 28  ee a :he ees oes ee :2 ie Baths ees  es es Sel SAA ei Ce oe oe Sy Las Ne Partial es  a ::os Se eo ee ee te CA aa a ee a ee a3 ee a oe List. Dat O28 oF ee ee es ee eas ee 5 PRS ae as ss ee Daysink ding Area ( os Days ee  Building oe . port oR Soe ay ene ee  ;ate ee ee De oe ae ated? ) ee eae oe ee ant Estim oo Current,eS ee es :eo as PANT H HEH oe oe ee So  :ag ere 1S:ee ee ee 2 ee RAY oe ension:S226 Pe Ne 005 ee Cas are es ay:oe eS 15:oe ee ae ee ss Os :es ee oN yes ss Coan date:as ee JM Upda Seas oe Garage ae sue! ee ce Se SG ee oes ee oe eae as ela oe ce ae mee es oe ee er ae oe ae Sees Se ae oe Se MES Benge  oe ee ee a  at oe rade,(spaces: :AVIV 2K  260K  Soe ees ee Sees  ic Soak  es one eae NCC ES So ae oe Contidel Ne ele Boe oe pe 7 _ a Mice AS ae oan ees oe ae NM a ee. ee ee eee oe Orne) oe Yeare Le :sk oo  a a  ee ee ke anes ne ;M:Change 000 oe ee AN 4) oe ae ee oe ees 6 ees es en oes ae a es  ly Se es:oe ee Se a SS See Vi Che ee oe eee oe ee LS ee oe coe es ake Cone eS ee ue 8 ee Bee Be ee ing ee A So. 2 Concrete Block,SS oe a oe oe ae os es zs ee lated See es Os Loe ne ee ee ee ee eee a ee ee inome ee aa tion:ees ee ee poke eS ae es ing Rivers eae . ::;on  bee So ee oe ) iscoversthis ae elcoming oe ORS Sue oe a oe stand we inn acs es ote ae and:Property. ee ee c ce Unitse  an Ce is a tyand:eed 2 a oo inthe. es hoodl:Ce are ber of,Unit ae eee Ge ee fan Mun ge Tae :ees ima Valley chess ees See ee ae ee S oe Point neigt mise Home eatur umber,ye oe ae a   a ee De Baie wae es Rk eee he ae  oe ee ee oe Se oo coe eee :i edrooms,pr ations ee :pe ee as Co ee ee ee fae relaxatio ee oe Oe ee igs See () fon BoA vba coer Snes Bue oo Ss Son Ror Ce Be eae iene ee i :eee ee Ce 2 Te ee eee Spacey lé:sp asis:ae Re ae ee ee ee ee ee Seen 22 amp yt Oe ee oe ee ee os a  y. bedroom Closet:offering ey ae ae Se oe a oe es 912:ee ee 4 Aas ee oe ae me es  prima dois ar an Mic thers ee ee ae  ploutside to:oe. 8 Size es ee oe a ee ee Le ee a oo oe pe ae ee ini as aaa ARES,oe Reserved oe ae eo Soe oe ee cy yon Ls ee oe ee ortunity:ee eae PSU ORE ete ee Boe eee Resourc Housing Opp ins ee  oe oe ee ee ae tors Hou ee oe a eo ee as ee'
2025-05-29 12:12:06 | INFO     | app.utils.extract_fields_util:extract_fields_from_text:107 - Trying (?i)MLS:\s*([\w\d-]+) on line: 'ti os ES pees A ee oo Ne fe pe on Se _ Cees ee ree Pee SS  en ee oe eae SO ene ED (3) Aan Cees ae HE ind HWA  SSS EN a ve A SR wae POCKY,AS te CS ES IES ol open ERVICE aA a  ee oo Sd OR ae LE LIS:See earn WRG:Vo ees UET she oP as A) vend Poe ae oe oe 2  2 ee  ee Lil Pen a nd 7 i  a re Nt eee ee wee OF fs Paes Poms:Fo J :ie :  ane (vA LO BO) ee Po ne Ves here    ee eee NG Ge Oe ee Se OES SE oN 0 WU be EN Le  eS Ne Hees AWS 7 AO) a Ad ee a : oe ee 4 Re TAX 10 i Ca es ee ee ee Se :Sone ee Woh) A Cee ey eras ee ee oS  es a ee 7 ,2  a a Vek cis Be ji oe pee os  a a : ee poe Vea CEN eres Rae a ee (6) a 4 391 N oS :ey ae es eis cane MO) oe eee 1D SING! Peeve ee a ae ee ee Ana et 1 oe  ra ep acy EAN ALE deere nee es Se SN oe CE SPT ae sess ER Oe oe O01  ie ae ee aan ee. ons ee :es ae as ee te ee:Pou ess Boy See x OS Demet Ot fs ee Se Peon ee Sse ie ones oe OEBA eta es putas ee Se ot -ee en es ee See eee os PAPE:ee ce Pe i ie ;ot Al :to  pe ae ee Ae ue oe ae ea es a acs NOES ae eee es es pee peak a ee A i :i Ca es boa ee 1S ao ee ane ee ae eS eo i oe ees 8 eee a eo Boned Res eae a :pO oe ae oe Ley ya  a  ee oe ee ee ey Sona ae :ee oe oe Blowing ei egy ae eae i ee es pe) ay a es:aN ae eee Oo. oS ay ae ies S oe a Lo ee aes ee ee See on ae eee oe a  aes ice ef aS ::oe Se oe oe ee oe Nel Cet  Bil EDGER NG See a ee a a So aN oes  is ae ee pie aN Steere ie  im Panto as eae : Se eSNG ss Wee ee aoe eee) eee  pees ae ee ates Sus SN VEE oe es Sat ORE ee! a SUES ees Eee ee oe NEE eet oe a a 7 ee a icons See Gay  5! ate Ais a a  oS Sees ee rs eee ore i ene ve] i oe elle a oe iE ee ee oe ee) ee Dee es Sy ees cl ee es Se Boe ae ates oe i ee TUR Sees bane BS ee ee ep War : i  Ned Ree 3 a eee ea fee ad [Bs eet ie :eas Coe ee Aad MEN:nes mene ome oS ee val :Kae es SUS ae hSc ot Se 5 ol ee es one Were eee i ino   ee Soe ee eee es era oe Sl SJUNE sadn ie Pee SN ie eee ee ECG pee ;roe teas oe une 0 a Bis i NEE tl TEV ne ares Us oe ae oe ae 7 Ls RES Ree ease es ae Las  iE aX 2 eee ese SOR Rates  Gay oe ee oe aa SS oe Cats SS ae ey res oe oe pee oe  ale  NG ee  ee eee Se ee ee aes pea NCEE ae Ce ATE:Be es Ses Oe ONES es NT ae ee EME :ae ngs Se ee ie oe oe Ube:a See ees ee ee a EES ae aes oe i CS a aos Tae Sree ee ae ue ee eas poo ViWetmore soe ee ;os ss Sees! Pelee es Sa es ees Wet en 2 es oe eee Sa Aa nee lan:ACRE  eS Fone alc PP Sean ee  Google saute oe ee ee Se Ve Ng:oS et es ens ee Re as oo a cu ee SS ASIN ae oe as ee oe Be Ghee Sos At Ee Seay a vs Le  :es Boe eek STE ) ee rea :ace eo :oa)  oe Be RONG eae Sa eee Reese  7 jee esos ORE:eee Dee oe  ees os oe SS ae eee Oe oe ar sone Bee See a cas ee eee oe ees 6 eee ae See oa Sa a ee ee ae eee eee NN Gs RRC BEERS ES wee  :eed ae Bere RN ee ON ane :ee [eee Ee on chy aed RR oe a    a :2 . ey Ben ARE ee 8 a  eee ae Ge  eS Soe red ae gee an ae ria whe ER OES pce ey es ae aes  ee 2  ee  eee oe See:1S ee ot ee eee e ard macs 7 esJ se hee Nee (reg:eae hip ae BRS. Sas 22 Hom ak Se oe a a oe . 8 LU es ee Contra ee tet ide) Contiac ae oe ae i oe ea 333 phd CANS Sey eee ;cas as oe ees Ae oo yee ee ms a 2 :8 aS eee oe oo oo ee ee oo tive Un ae oe es  WE. 0200005 EM OF ee et ent as Of Soe ee ee eee ee Se ae oe oS ive,Continge ee ee  Active. C ot ee Bedroom:oe es 8 oe :oe eae ee re a3 a ee ee ee eee i Ces son ec ane ae coe ee ae a oS ST Ny,ee re 28  ee a :he ees oes ee :2 ie Baths ees  es es Sel SAA ei Ce oe oe Sy Las Ne Partial es  a ::os Se eo ee ee te CA aa a ee a ee a3 ee a oe List. Dat O28 oF ee ee es ee eas ee 5 PRS ae as ss ee Daysink ding Area ( os Days ee  Building oe . port oR Soe ay ene ee  ;ate ee ee De oe ae ated? ) ee eae oe ee ant Estim oo Current,eS ee es :eo as PANT H HEH oe oe ee So  :ag ere 1S:ee ee ee 2 ee RAY oe ension:S226 Pe Ne 005 ee Cas are es ay:oe eS 15:oe ee ae ee ss Os :es ee oN yes ss Coan date:as ee JM Upda Seas oe Garage ae sue! ee ce Se SG ee oes ee oe eae as ela oe ce ae mee es oe ee er ae oe ae Sees Se ae oe Se MES Benge  oe ee ee a  at oe rade,(spaces: :AVIV 2K  260K  Soe ees ee Sees  ic Soak  es one eae NCC ES So ae oe Contidel Ne ele Boe oe pe 7 _ a Mice AS ae oan ees oe ae NM a ee. ee ee eee oe Orne) oe Yeare Le :sk oo  a a  ee ee ke anes ne ;M:Change 000 oe ee AN 4) oe ae ee oe ees 6 ees es en oes ae a es  ly Se es:oe ee Se a SS See Vi Che ee oe eee oe ee LS ee oe coe es ake Cone eS ee ue 8 ee Bee Be ee ing ee A So. 2 Concrete Block,SS oe a oe oe ae os es zs ee lated See es Os Loe ne ee ee ee ee eee a ee ee inome ee aa tion:ees ee ee poke eS ae es ing Rivers eae . ::;on  bee So ee oe ) iscoversthis ae elcoming oe ORS Sue oe a oe stand we inn acs es ote ae and:Property. ee ee c ce Unitse  an Ce is a tyand:eed 2 a oo inthe. es hoodl:Ce are ber of,Unit ae eee Ge ee fan Mun ge Tae :ees ima Valley chess ees See ee ae ee S oe Point neigt mise Home eatur umber,ye oe ae a   a ee De Baie wae es Rk eee he ae  oe ee ee oe Se oo coe eee :i edrooms,pr ations ee :pe ee as Co ee ee ee fae relaxatio ee oe Oe ee igs See () fon BoA vba coer Snes Bue oo Ss Son Ror Ce Be eae iene ee i :eee ee Ce 2 Te ee eee Spacey lé:sp asis:ae Re ae ee ee ee ee ee Seen 22 amp yt Oe ee oe ee ee os a  y. bedroom Closet:offering ey ae ae Se oe a oe es 912:ee ee 4 Aas ee oe ae me es  prima dois ar an Mic thers ee ee ae  ploutside to:oe. 8 Size es ee oe a ee ee Le ee a oo oe pe ae ee ini as aaa ARES,oe Reserved oe ae eo Soe oe ee cy yon Ls ee oe ee ortunity:ee eae PSU ORE ete ee Boe eee Resourc Housing Opp ins ee  oe oe ee ee ae tors Hou ee oe a eo ee as ee'
2025-05-29 12:12:06 | INFO     | app.utils.extract_fields_util:extract_fields_from_text:107 - Trying (?i)-\s*MLS#?:\s*([\w\d-]+) on line: 'ti os ES pees A ee oo Ne fe pe on Se _ Cees ee ree Pee SS  en ee oe eae SO ene ED (3) Aan Cees ae HE ind HWA  SSS EN a ve A SR wae POCKY,AS te CS ES IES ol open ERVICE aA a  ee oo Sd OR ae LE LIS:See earn WRG:Vo ees UET she oP as A) vend Poe ae oe oe 2  2 ee  ee Lil Pen a nd 7 i  a re Nt eee ee wee OF fs Paes Poms:Fo J :ie :  ane (vA LO BO) ee Po ne Ves here    ee eee NG Ge Oe ee Se OES SE oN 0 WU be EN Le  eS Ne Hees AWS 7 AO) a Ad ee a : oe ee 4 Re TAX 10 i Ca es ee ee ee Se :Sone ee Woh) A Cee ey eras ee ee oS  es a ee 7 ,2  a a Vek cis Be ji oe pee os  a a : ee poe Vea CEN eres Rae a ee (6) a 4 391 N oS :ey ae es eis cane MO) oe eee 1D SING! Peeve ee a ae ee ee Ana et 1 oe  ra ep acy EAN ALE deere nee es Se SN oe CE SPT ae sess ER Oe oe O01  ie ae ee aan ee. ons ee :es ae as ee te ee:Pou ess Boy See x OS Demet Ot fs ee Se Peon ee Sse ie ones oe OEBA eta es putas ee Se ot -ee en es ee See eee os PAPE:ee ce Pe i ie ;ot Al :to  pe ae ee Ae ue oe ae ea es a acs NOES ae eee es es pee peak a ee A i :i Ca es boa ee 1S ao ee ane ee ae eS eo i oe ees 8 eee a eo Boned Res eae a :pO oe ae oe Ley ya  a  ee oe ee ee ey Sona ae :ee oe oe Blowing ei egy ae eae i ee es pe) ay a es:aN ae eee Oo. oS ay ae ies S oe a Lo ee aes ee ee See on ae eee oe a  aes ice ef aS ::oe Se oe oe ee oe Nel Cet  Bil EDGER NG See a ee a a So aN oes  is ae ee pie aN Steere ie  im Panto as eae : Se eSNG ss Wee ee aoe eee) eee  pees ae ee ates Sus SN VEE oe es Sat ORE ee! a SUES ees Eee ee oe NEE eet oe a a 7 ee a icons See Gay  5! ate Ais a a  oS Sees ee rs eee ore i ene ve] i oe elle a oe iE ee ee oe ee) ee Dee es Sy ees cl ee es Se Boe ae ates oe i ee TUR Sees bane BS ee ee ep War : i  Ned Ree 3 a eee ea fee ad [Bs eet ie :eas Coe ee Aad MEN:nes mene ome oS ee val :Kae es SUS ae hSc ot Se 5 ol ee es one Were eee i ino   ee Soe ee eee es era oe Sl SJUNE sadn ie Pee SN ie eee ee ECG pee ;roe teas oe une 0 a Bis i NEE tl TEV ne ares Us oe ae oe ae 7 Ls RES Ree ease es ae Las  iE aX 2 eee ese SOR Rates  Gay oe ee oe aa SS oe Cats SS ae ey res oe oe pee oe  ale  NG ee  ee eee Se ee ee aes pea NCEE ae Ce ATE:Be es Ses Oe ONES es NT ae ee EME :ae ngs Se ee ie oe oe Ube:a See ees ee ee a EES ae aes oe i CS a aos Tae Sree ee ae ue ee eas poo ViWetmore soe ee ;os ss Sees! Pelee es Sa es ees Wet en 2 es oe eee Sa Aa nee lan:ACRE  eS Fone alc PP Sean ee  Google saute oe ee ee Se Ve Ng:oS et es ens ee Re as oo a cu ee SS ASIN ae oe as ee oe Be Ghee Sos At Ee Seay a vs Le  :es Boe eek STE ) ee rea :ace eo :oa)  oe Be RONG eae Sa eee Reese  7 jee esos ORE:eee Dee oe  ees os oe SS ae eee Oe oe ar sone Bee See a cas ee eee oe ees 6 eee ae See oa Sa a ee ee ae eee eee NN Gs RRC BEERS ES wee  :eed ae Bere RN ee ON ane :ee [eee Ee on chy aed RR oe a    a :2 . ey Ben ARE ee 8 a  eee ae Ge  eS Soe red ae gee an ae ria whe ER OES pce ey es ae aes  ee 2  ee  eee oe See:1S ee ot ee eee e ard macs 7 esJ se hee Nee (reg:eae hip ae BRS. Sas 22 Hom ak Se oe a a oe . 8 LU es ee Contra ee tet ide) Contiac ae oe ae i oe ea 333 phd CANS Sey eee ;cas as oe ees Ae oo yee ee ms a 2 :8 aS eee oe oo oo ee ee oo tive Un ae oe es  WE. 0200005 EM OF ee et ent as Of Soe ee ee eee ee Se ae oe oS ive,Continge ee ee  Active. C ot ee Bedroom:oe es 8 oe :oe eae ee re a3 a ee ee ee eee i Ces son ec ane ae coe ee ae a oS ST Ny,ee re 28  ee a :he ees oes ee :2 ie Baths ees  es es Sel SAA ei Ce oe oe Sy Las Ne Partial es  a ::os Se eo ee ee te CA aa a ee a ee a3 ee a oe List. Dat O28 oF ee ee es ee eas ee 5 PRS ae as ss ee Daysink ding Area ( os Days ee  Building oe . port oR Soe ay ene ee  ;ate ee ee De oe ae ated? ) ee eae oe ee ant Estim oo Current,eS ee es :eo as PANT H HEH oe oe ee So  :ag ere 1S:ee ee ee 2 ee RAY oe ension:S226 Pe Ne 005 ee Cas are es ay:oe eS 15:oe ee ae ee ss Os :es ee oN yes ss Coan date:as ee JM Upda Seas oe Garage ae sue! ee ce Se SG ee oes ee oe eae as ela oe ce ae mee es oe ee er ae oe ae Sees Se ae oe Se MES Benge  oe ee ee a  at oe rade,(spaces: :AVIV 2K  260K  Soe ees ee Sees  ic Soak  es one eae NCC ES So ae oe Contidel Ne ele Boe oe pe 7 _ a Mice AS ae oan ees oe ae NM a ee. ee ee eee oe Orne) oe Yeare Le :sk oo  a a  ee ee ke anes ne ;M:Change 000 oe ee AN 4) oe ae ee oe ees 6 ees es en oes ae a es  ly Se es:oe ee Se a SS See Vi Che ee oe eee oe ee LS ee oe coe es ake Cone eS ee ue 8 ee Bee Be ee ing ee A So. 2 Concrete Block,SS oe a oe oe ae os es zs ee lated See es Os Loe ne ee ee ee ee eee a ee ee inome ee aa tion:ees ee ee poke eS ae es ing Rivers eae . ::;on  bee So ee oe ) iscoversthis ae elcoming oe ORS Sue oe a oe stand we inn acs es ote ae and:Property. ee ee c ce Unitse  an Ce is a tyand:eed 2 a oo inthe. es hoodl:Ce are ber of,Unit ae eee Ge ee fan Mun ge Tae :ees ima Valley chess ees See ee ae ee S oe Point neigt mise Home eatur umber,ye oe ae a   a ee De Baie wae es Rk eee he ae  oe ee ee oe Se oo coe eee :i edrooms,pr ations ee :pe ee as Co ee ee ee fae relaxatio ee oe Oe ee igs See () fon BoA vba coer Snes Bue oo Ss Son Ror Ce Be eae iene ee i :eee ee Ce 2 Te ee eee Spacey lé:sp asis:ae Re ae ee ee ee ee ee Seen 22 amp yt Oe ee oe ee ee os a  y. bedroom Closet:offering ey ae ae Se oe a oe es 912:ee ee 4 Aas ee oe ae me es  prima dois ar an Mic thers ee ee ae  ploutside to:oe. 8 Size es ee oe a ee ee Le ee a oo oe pe ae ee ini as aaa ARES,oe Reserved oe ae eo Soe oe ee cy yon Ls ee oe ee ortunity:ee eae PSU ORE ete ee Boe eee Resourc Housing Opp ins ee  oe oe ee ee ae tors Hou ee oe a eo ee as ee'
2025-05-29 12:12:06 | INFO     | app.utils.extract_fields_util:extract_fields_from_text:107 - Trying (?i)MLS[#:]?\s*([\w\d-]+) on line: 'ti os ES pees A ee oo Ne fe pe on Se _ Cees ee ree Pee SS  en ee oe eae SO ene ED (3) Aan Cees ae HE ind HWA  SSS EN a ve A SR wae POCKY,AS te CS ES IES ol open ERVICE aA a  ee oo Sd OR ae LE LIS:See earn WRG:Vo ees UET she oP as A) vend Poe ae oe oe 2  2 ee  ee Lil Pen a nd 7 i  a re Nt eee ee wee OF fs Paes Poms:Fo J :ie :  ane (vA LO BO) ee Po ne Ves here    ee eee NG Ge Oe ee Se OES SE oN 0 WU be EN Le  eS Ne Hees AWS 7 AO) a Ad ee a : oe ee 4 Re TAX 10 i Ca es ee ee ee Se :Sone ee Woh) A Cee ey eras ee ee oS  es a ee 7 ,2  a a Vek cis Be ji oe pee os  a a : ee poe Vea CEN eres Rae a ee (6) a 4 391 N oS :ey ae es eis cane MO) oe eee 1D SING! Peeve ee a ae ee ee Ana et 1 oe  ra ep acy EAN ALE deere nee es Se SN oe CE SPT ae sess ER Oe oe O01  ie ae ee aan ee. ons ee :es ae as ee te ee:Pou ess Boy See x OS Demet Ot fs ee Se Peon ee Sse ie ones oe OEBA eta es putas ee Se ot -ee en es ee See eee os PAPE:ee ce Pe i ie ;ot Al :to  pe ae ee Ae ue oe ae ea es a acs NOES ae eee es es pee peak a ee A i :i Ca es boa ee 1S ao ee ane ee ae eS eo i oe ees 8 eee a eo Boned Res eae a :pO oe ae oe Ley ya  a  ee oe ee ee ey Sona ae :ee oe oe Blowing ei egy ae eae i ee es pe) ay a es:aN ae eee Oo. oS ay ae ies S oe a Lo ee aes ee ee See on ae eee oe a  aes ice ef aS ::oe Se oe oe ee oe Nel Cet  Bil EDGER NG See a ee a a So aN oes  is ae ee pie aN Steere ie  im Panto as eae : Se eSNG ss Wee ee aoe eee) eee  pees ae ee ates Sus SN VEE oe es Sat ORE ee! a SUES ees Eee ee oe NEE eet oe a a 7 ee a icons See Gay  5! ate Ais a a  oS Sees ee rs eee ore i ene ve] i oe elle a oe iE ee ee oe ee) ee Dee es Sy ees cl ee es Se Boe ae ates oe i ee TUR Sees bane BS ee ee ep War : i  Ned Ree 3 a eee ea fee ad [Bs eet ie :eas Coe ee Aad MEN:nes mene ome oS ee val :Kae es SUS ae hSc ot Se 5 ol ee es one Were eee i ino   ee Soe ee eee es era oe Sl SJUNE sadn ie Pee SN ie eee ee ECG pee ;roe teas oe une 0 a Bis i NEE tl TEV ne ares Us oe ae oe ae 7 Ls RES Ree ease es ae Las  iE aX 2 eee ese SOR Rates  Gay oe ee oe aa SS oe Cats SS ae ey res oe oe pee oe  ale  NG ee  ee eee Se ee ee aes pea NCEE ae Ce ATE:Be es Ses Oe ONES es NT ae ee EME :ae ngs Se ee ie oe oe Ube:a See ees ee ee a EES ae aes oe i CS a aos Tae Sree ee ae ue ee eas poo ViWetmore soe ee ;os ss Sees! Pelee es Sa es ees Wet en 2 es oe eee Sa Aa nee lan:ACRE  eS Fone alc PP Sean ee  Google saute oe ee ee Se Ve Ng:oS et es ens ee Re as oo a cu ee SS ASIN ae oe as ee oe Be Ghee Sos At Ee Seay a vs Le  :es Boe eek STE ) ee rea :ace eo :oa)  oe Be RONG eae Sa eee Reese  7 jee esos ORE:eee Dee oe  ees os oe SS ae eee Oe oe ar sone Bee See a cas ee eee oe ees 6 eee ae See oa Sa a ee ee ae eee eee NN Gs RRC BEERS ES wee  :eed ae Bere RN ee ON ane :ee [eee Ee on chy aed RR oe a    a :2 . ey Ben ARE ee 8 a  eee ae Ge  eS Soe red ae gee an ae ria whe ER OES pce ey es ae aes  ee 2  ee  eee oe See:1S ee ot ee eee e ard macs 7 esJ se hee Nee (reg:eae hip ae BRS. Sas 22 Hom ak Se oe a a oe . 8 LU es ee Contra ee tet ide) Contiac ae oe ae i oe ea 333 phd CANS Sey eee ;cas as oe ees Ae oo yee ee ms a 2 :8 aS eee oe oo oo ee ee oo tive Un ae oe es  WE. 0200005 EM OF ee et ent as Of Soe ee ee eee ee Se ae oe oS ive,Continge ee ee  Active. C ot ee Bedroom:oe es 8 oe :oe eae ee re a3 a ee ee ee eee i Ces son ec ane ae coe ee ae a oS ST Ny,ee re 28  ee a :he ees oes ee :2 ie Baths ees  es es Sel SAA ei Ce oe oe Sy Las Ne Partial es  a ::os Se eo ee ee te CA aa a ee a ee a3 ee a oe List. Dat O28 oF ee ee es ee eas ee 5 PRS ae as ss ee Daysink ding Area ( os Days ee  Building oe . port oR Soe ay ene ee  ;ate ee ee De oe ae ated? ) ee eae oe ee ant Estim oo Current,eS ee es :eo as PANT H HEH oe oe ee So  :ag ere 1S:ee ee ee 2 ee RAY oe ension:S226 Pe Ne 005 ee Cas are es ay:oe eS 15:oe ee ae ee ss Os :es ee oN yes ss Coan date:as ee JM Upda Seas oe Garage ae sue! ee ce Se SG ee oes ee oe eae as ela oe ce ae mee es oe ee er ae oe ae Sees Se ae oe Se MES Benge  oe ee ee a  at oe rade,(spaces: :AVIV 2K  260K  Soe ees ee Sees  ic Soak  es one eae NCC ES So ae oe Contidel Ne ele Boe oe pe 7 _ a Mice AS ae oan ees oe ae NM a ee. ee ee eee oe Orne) oe Yeare Le :sk oo  a a  ee ee ke anes ne ;M:Change 000 oe ee AN 4) oe ae ee oe ees 6 ees es en oes ae a es  ly Se es:oe ee Se a SS See Vi Che ee oe eee oe ee LS ee oe coe es ake Cone eS ee ue 8 ee Bee Be ee ing ee A So. 2 Concrete Block,SS oe a oe oe ae os es zs ee lated See es Os Loe ne ee ee ee ee eee a ee ee inome ee aa tion:ees ee ee poke eS ae es ing Rivers eae . ::;on  bee So ee oe ) iscoversthis ae elcoming oe ORS Sue oe a oe stand we inn acs es ote ae and:Property. ee ee c ce Unitse  an Ce is a tyand:eed 2 a oo inthe. es hoodl:Ce are ber of,Unit ae eee Ge ee fan Mun ge Tae :ees ima Valley chess ees See ee ae ee S oe Point neigt mise Home eatur umber,ye oe ae a   a ee De Baie wae es Rk eee he ae  oe ee ee oe Se oo coe eee :i edrooms,pr ations ee :pe ee as Co ee ee ee fae relaxatio ee oe Oe ee igs See () fon BoA vba coer Snes Bue oo Ss Son Ror Ce Be eae iene ee i :eee ee Ce 2 Te ee eee Spacey lé:sp asis:ae Re ae ee ee ee ee ee Seen 22 amp yt Oe ee oe ee ee os a  y. bedroom Closet:offering ey ae ae Se oe a oe es 912:ee ee 4 Aas ee oe ae me es  prima dois ar an Mic thers ee ee ae  ploutside to:oe. 8 Size es ee oe a ee ee Le ee a oo oe pe ae ee ini as aaa ARES,oe Reserved oe ae eo Soe oe ee cy yon Ls ee oe ee ortunity:ee eae PSU ORE ete ee Boe eee Resourc Housing Opp ins ee  oe oe ee ee ae tors Hou ee oe a eo ee as ee'
2025-05-29 12:12:06 | INFO     | app.utils.extract_fields_util:extract_fields_from_text:107 - Trying (?i)Build\s+Year:\s*([0-9]{4}) on line: 'ti os ES pees A ee oo Ne fe pe on Se _ Cees ee ree Pee SS  en ee oe eae SO ene ED (3) Aan Cees ae HE ind HWA  SSS EN a ve A SR wae POCKY,AS te CS ES IES ol open ERVICE aA a  ee oo Sd OR ae LE LIS:See earn WRG:Vo ees UET she oP as A) vend Poe ae oe oe 2  2 ee  ee Lil Pen a nd 7 i  a re Nt eee ee wee OF fs Paes Poms:Fo J :ie :  ane (vA LO BO) ee Po ne Ves here    ee eee NG Ge Oe ee Se OES SE oN 0 WU be EN Le  eS Ne Hees AWS 7 AO) a Ad ee a : oe ee 4 Re TAX 10 i Ca es ee ee ee Se :Sone ee Woh) A Cee ey eras ee ee oS  es a ee 7 ,2  a a Vek cis Be ji oe pee os  a a : ee poe Vea CEN eres Rae a ee (6) a 4 391 N oS :ey ae es eis cane MO) oe eee 1D SING! Peeve ee a ae ee ee Ana et 1 oe  ra ep acy EAN ALE deere nee es Se SN oe CE SPT ae sess ER Oe oe O01  ie ae ee aan ee. ons ee :es ae as ee te ee:Pou ess Boy See x OS Demet Ot fs ee Se Peon ee Sse ie ones oe OEBA eta es putas ee Se ot -ee en es ee See eee os PAPE:ee ce Pe i ie ;ot Al :to  pe ae ee Ae ue oe ae ea es a acs NOES ae eee es es pee peak a ee A i :i Ca es boa ee 1S ao ee ane ee ae eS eo i oe ees 8 eee a eo Boned Res eae a :pO oe ae oe Ley ya  a  ee oe ee ee ey Sona ae :ee oe oe Blowing ei egy ae eae i ee es pe) ay a es:aN ae eee Oo. oS ay ae ies S oe a Lo ee aes ee ee See on ae eee oe a  aes ice ef aS ::oe Se oe oe ee oe Nel Cet  Bil EDGER NG See a ee a a So aN oes  is ae ee pie aN Steere ie  im Panto as eae : Se eSNG ss Wee ee aoe eee) eee  pees ae ee ates Sus SN VEE oe es Sat ORE ee! a SUES ees Eee ee oe NEE eet oe a a 7 ee a icons See Gay  5! ate Ais a a  oS Sees ee rs eee ore i ene ve] i oe elle a oe iE ee ee oe ee) ee Dee es Sy ees cl ee es Se Boe ae ates oe i ee TUR Sees bane BS ee ee ep War : i  Ned Ree 3 a eee ea fee ad [Bs eet ie :eas Coe ee Aad MEN:nes mene ome oS ee val :Kae es SUS ae hSc ot Se 5 ol ee es one Were eee i ino   ee Soe ee eee es era oe Sl SJUNE sadn ie Pee SN ie eee ee ECG pee ;roe teas oe une 0 a Bis i NEE tl TEV ne ares Us oe ae oe ae 7 Ls RES Ree ease es ae Las  iE aX 2 eee ese SOR Rates  Gay oe ee oe aa SS oe Cats SS ae ey res oe oe pee oe  ale  NG ee  ee eee Se ee ee aes pea NCEE ae Ce ATE:Be es Ses Oe ONES es NT ae ee EME :ae ngs Se ee ie oe oe Ube:a See ees ee ee a EES ae aes oe i CS a aos Tae Sree ee ae ue ee eas poo ViWetmore soe ee ;os ss Sees! Pelee es Sa es ees Wet en 2 es oe eee Sa Aa nee lan:ACRE  eS Fone alc PP Sean ee  Google saute oe ee ee Se Ve Ng:oS et es ens ee Re as oo a cu ee SS ASIN ae oe as ee oe Be Ghee Sos At Ee Seay a vs Le  :es Boe eek STE ) ee rea :ace eo :oa)  oe Be RONG eae Sa eee Reese  7 jee esos ORE:eee Dee oe  ees os oe SS ae eee Oe oe ar sone Bee See a cas ee eee oe ees 6 eee ae See oa Sa a ee ee ae eee eee NN Gs RRC BEERS ES wee  :eed ae Bere RN ee ON ane :ee [eee Ee on chy aed RR oe a    a :2 . ey Ben ARE ee 8 a  eee ae Ge  eS Soe red ae gee an ae ria whe ER OES pce ey es ae aes  ee 2  ee  eee oe See:1S ee ot ee eee e ard macs 7 esJ se hee Nee (reg:eae hip ae BRS. Sas 22 Hom ak Se oe a a oe . 8 LU es ee Contra ee tet ide) Contiac ae oe ae i oe ea 333 phd CANS Sey eee ;cas as oe ees Ae oo yee ee ms a 2 :8 aS eee oe oo oo ee ee oo tive Un ae oe es  WE. 0200005 EM OF ee et ent as Of Soe ee ee eee ee Se ae oe oS ive,Continge ee ee  Active. C ot ee Bedroom:oe es 8 oe :oe eae ee re a3 a ee ee ee eee i Ces son ec ane ae coe ee ae a oS ST Ny,ee re 28  ee a :he ees oes ee :2 ie Baths ees  es es Sel SAA ei Ce oe oe Sy Las Ne Partial es  a ::os Se eo ee ee te CA aa a ee a ee a3 ee a oe List. Dat O28 oF ee ee es ee eas ee 5 PRS ae as ss ee Daysink ding Area ( os Days ee  Building oe . port oR Soe ay ene ee  ;ate ee ee De oe ae ated? ) ee eae oe ee ant Estim oo Current,eS ee es :eo as PANT H HEH oe oe ee So  :ag ere 1S:ee ee ee 2 ee RAY oe ension:S226 Pe Ne 005 ee Cas are es ay:oe eS 15:oe ee ae ee ss Os :es ee oN yes ss Coan date:as ee JM Upda Seas oe Garage ae sue! ee ce Se SG ee oes ee oe eae as ela oe ce ae mee es oe ee er ae oe ae Sees Se ae oe Se MES Benge  oe ee ee a  at oe rade,(spaces: :AVIV 2K  260K  Soe ees ee Sees  ic Soak  es one eae NCC ES So ae oe Contidel Ne ele Boe oe pe 7 _ a Mice AS ae oan ees oe ae NM a ee. ee ee eee oe Orne) oe Yeare Le :sk oo  a a  ee ee ke anes ne ;M:Change 000 oe ee AN 4) oe ae ee oe ees 6 ees es en oes ae a es  ly Se es:oe ee Se a SS See Vi Che ee oe eee oe ee LS ee oe coe es ake Cone eS ee ue 8 ee Bee Be ee ing ee A So. 2 Concrete Block,SS oe a oe oe ae os es zs ee lated See es Os Loe ne ee ee ee ee eee a ee ee inome ee aa tion:ees ee ee poke eS ae es ing Rivers eae . ::;on  bee So ee oe ) iscoversthis ae elcoming oe ORS Sue oe a oe stand we inn acs es ote ae and:Property. ee ee c ce Unitse  an Ce is a tyand:eed 2 a oo inthe. es hoodl:Ce are ber of,Unit ae eee Ge ee fan Mun ge Tae :ees ima Valley chess ees See ee ae ee S oe Point neigt mise Home eatur umber,ye oe ae a   a ee De Baie wae es Rk eee he ae  oe ee ee oe Se oo coe eee :i edrooms,pr ations ee :pe ee as Co ee ee ee fae relaxatio ee oe Oe ee igs See () fon BoA vba coer Snes Bue oo Ss Son Ror Ce Be eae iene ee i :eee ee Ce 2 Te ee eee Spacey lé:sp asis:ae Re ae ee ee ee ee ee Seen 22 amp yt Oe ee oe ee ee os a  y. bedroom Closet:offering ey ae ae Se oe a oe es 912:ee ee 4 Aas ee oe ae me es  prima dois ar an Mic thers ee ee ae  ploutside to:oe. 8 Size es ee oe a ee ee Le ee a oo oe pe ae ee ini as aaa ARES,oe Reserved oe ae eo Soe oe ee cy yon Ls ee oe ee ortunity:ee eae PSU ORE ete ee Boe eee Resourc Housing Opp ins ee  oe oe ee ee ae tors Hou ee oe a eo ee as ee'
2025-05-29 12:12:06 | INFO     | app.utils.extract_fields_util:extract_fields_from_text:107 - Trying (?i)-\s*Build\s+Year:\s*([0-9]{4}) on line: 'ti os ES pees A ee oo Ne fe pe on Se _ Cees ee ree Pee SS  en ee oe eae SO ene ED (3) Aan Cees ae HE ind HWA  SSS EN a ve A SR wae POCKY,AS te CS ES IES ol open ERVICE aA a  ee oo Sd OR ae LE LIS:See earn WRG:Vo ees UET she oP as A) vend Poe ae oe oe 2  2 ee  ee Lil Pen a nd 7 i  a re Nt eee ee wee OF fs Paes Poms:Fo J :ie :  ane (vA LO BO) ee Po ne Ves here    ee eee NG Ge Oe ee Se OES SE oN 0 WU be EN Le  eS Ne Hees AWS 7 AO) a Ad ee a : oe ee 4 Re TAX 10 i Ca es ee ee ee Se :Sone ee Woh) A Cee ey eras ee ee oS  es a ee 7 ,2  a a Vek cis Be ji oe pee os  a a : ee poe Vea CEN eres Rae a ee (6) a 4 391 N oS :ey ae es eis cane MO) oe eee 1D SING! Peeve ee a ae ee ee Ana et 1 oe  ra ep acy EAN ALE deere nee es Se SN oe CE SPT ae sess ER Oe oe O01  ie ae ee aan ee. ons ee :es ae as ee te ee:Pou ess Boy See x OS Demet Ot fs ee Se Peon ee Sse ie ones oe OEBA eta es putas ee Se ot -ee en es ee See eee os PAPE:ee ce Pe i ie ;ot Al :to  pe ae ee Ae ue oe ae ea es a acs NOES ae eee es es pee peak a ee A i :i Ca es boa ee 1S ao ee ane ee ae eS eo i oe ees 8 eee a eo Boned Res eae a :pO oe ae oe Ley ya  a  ee oe ee ee ey Sona ae :ee oe oe Blowing ei egy ae eae i ee es pe) ay a es:aN ae eee Oo. oS ay ae ies S oe a Lo ee aes ee ee See on ae eee oe a  aes ice ef aS ::oe Se oe oe ee oe Nel Cet  Bil EDGER NG See a ee a a So aN oes  is ae ee pie aN Steere ie  im Panto as eae : Se eSNG ss Wee ee aoe eee) eee  pees ae ee ates Sus SN VEE oe es Sat ORE ee! a SUES ees Eee ee oe NEE eet oe a a 7 ee a icons See Gay  5! ate Ais a a  oS Sees ee rs eee ore i ene ve] i oe elle a oe iE ee ee oe ee) ee Dee es Sy ees cl ee es Se Boe ae ates oe i ee TUR Sees bane BS ee ee ep War : i  Ned Ree 3 a eee ea fee ad [Bs eet ie :eas Coe ee Aad MEN:nes mene ome oS ee val :Kae es SUS ae hSc ot Se 5 ol ee es one Were eee i ino   ee Soe ee eee es era oe Sl SJUNE sadn ie Pee SN ie eee ee ECG pee ;roe teas oe une 0 a Bis i NEE tl TEV ne ares Us oe ae oe ae 7 Ls RES Ree ease es ae Las  iE aX 2 eee ese SOR Rates  Gay oe ee oe aa SS oe Cats SS ae ey res oe oe pee oe  ale  NG ee  ee eee Se ee ee aes pea NCEE ae Ce ATE:Be es Ses Oe ONES es NT ae ee EME :ae ngs Se ee ie oe oe Ube:a See ees ee ee a EES ae aes oe i CS a aos Tae Sree ee ae ue ee eas poo ViWetmore soe ee ;os ss Sees! Pelee es Sa es ees Wet en 2 es oe eee Sa Aa nee lan:ACRE  eS Fone alc PP Sean ee  Google saute oe ee ee Se Ve Ng:oS et es ens ee Re as oo a cu ee SS ASIN ae oe as ee oe Be Ghee Sos At Ee Seay a vs Le  :es Boe eek STE ) ee rea :ace eo :oa)  oe Be RONG eae Sa eee Reese  7 jee esos ORE:eee Dee oe  ees os oe SS ae eee Oe oe ar sone Bee See a cas ee eee oe ees 6 eee ae See oa Sa a ee ee ae eee eee NN Gs RRC BEERS ES wee  :eed ae Bere RN ee ON ane :ee [eee Ee on chy aed RR oe a    a :2 . ey Ben ARE ee 8 a  eee ae Ge  eS Soe red ae gee an ae ria whe ER OES pce ey es ae aes  ee 2  ee  eee oe See:1S ee ot ee eee e ard macs 7 esJ se hee Nee (reg:eae hip ae BRS. Sas 22 Hom ak Se oe a a oe . 8 LU es ee Contra ee tet ide) Contiac ae oe ae i oe ea 333 phd CANS Sey eee ;cas as oe ees Ae oo yee ee ms a 2 :8 aS eee oe oo oo ee ee oo tive Un ae oe es  WE. 0200005 EM OF ee et ent as Of Soe ee ee eee ee Se ae oe oS ive,Continge ee ee  Active. C ot ee Bedroom:oe es 8 oe :oe eae ee re a3 a ee ee ee eee i Ces son ec ane ae coe ee ae a oS ST Ny,ee re 28  ee a :he ees oes ee :2 ie Baths ees  es es Sel SAA ei Ce oe oe Sy Las Ne Partial es  a ::os Se eo ee ee te CA aa a ee a ee a3 ee a oe List. Dat O28 oF ee ee es ee eas ee 5 PRS ae as ss ee Daysink ding Area ( os Days ee  Building oe . port oR Soe ay ene ee  ;ate ee ee De oe ae ated? ) ee eae oe ee ant Estim oo Current,eS ee es :eo as PANT H HEH oe oe ee So  :ag ere 1S:ee ee ee 2 ee RAY oe ension:S226 Pe Ne 005 ee Cas are es ay:oe eS 15:oe ee ae ee ss Os :es ee oN yes ss Coan date:as ee JM Upda Seas oe Garage ae sue! ee ce Se SG ee oes ee oe eae as ela oe ce ae mee es oe ee er ae oe ae Sees Se ae oe Se MES Benge  oe ee ee a  at oe rade,(spaces: :AVIV 2K  260K  Soe ees ee Sees  ic Soak  es one eae NCC ES So ae oe Contidel Ne ele Boe oe pe 7 _ a Mice AS ae oan ees oe ae NM a ee. ee ee eee oe Orne) oe Yeare Le :sk oo  a a  ee ee ke anes ne ;M:Change 000 oe ee AN 4) oe ae ee oe ees 6 ees es en oes ae a es  ly Se es:oe ee Se a SS See Vi Che ee oe eee oe ee LS ee oe coe es ake Cone eS ee ue 8 ee Bee Be ee ing ee A So. 2 Concrete Block,SS oe a oe oe ae os es zs ee lated See es Os Loe ne ee ee ee ee eee a ee ee inome ee aa tion:ees ee ee poke eS ae es ing Rivers eae . ::;on  bee So ee oe ) iscoversthis ae elcoming oe ORS Sue oe a oe stand we inn acs es ote ae and:Property. ee ee c ce Unitse  an Ce is a tyand:eed 2 a oo inthe. es hoodl:Ce are ber of,Unit ae eee Ge ee fan Mun ge Tae :ees ima Valley chess ees See ee ae ee S oe Point neigt mise Home eatur umber,ye oe ae a   a ee De Baie wae es Rk eee he ae  oe ee ee oe Se oo coe eee :i edrooms,pr ations ee :pe ee as Co ee ee ee fae relaxatio ee oe Oe ee igs See () fon BoA vba coer Snes Bue oo Ss Son Ror Ce Be eae iene ee i :eee ee Ce 2 Te ee eee Spacey lé:sp asis:ae Re ae ee ee ee ee ee Seen 22 amp yt Oe ee oe ee ee os a  y. bedroom Closet:offering ey ae ae Se oe a oe es 912:ee ee 4 Aas ee oe ae me es  prima dois ar an Mic thers ee ee ae  ploutside to:oe. 8 Size es ee oe a ee ee Le ee a oo oe pe ae ee ini as aaa ARES,oe Reserved oe ae eo Soe oe ee cy yon Ls ee oe ee ortunity:ee eae PSU ORE ete ee Boe eee Resourc Housing Opp ins ee  oe oe ee ee ae tors Hou ee oe a eo ee as ee'
2025-05-29 12:12:06 | INFO     | app.utils.extract_fields_util:extract_fields_from_text:107 - Trying (?i)Year\s+Built:\s*([0-9]{4}) on line: 'ti os ES pees A ee oo Ne fe pe on Se _ Cees ee ree Pee SS  en ee oe eae SO ene ED (3) Aan Cees ae HE ind HWA  SSS EN a ve A SR wae POCKY,AS te CS ES IES ol open ERVICE aA a  ee oo Sd OR ae LE LIS:See earn WRG:Vo ees UET she oP as A) vend Poe ae oe oe 2  2 ee  ee Lil Pen a nd 7 i  a re Nt eee ee wee OF fs Paes Poms:Fo J :ie :  ane (vA LO BO) ee Po ne Ves here    ee eee NG Ge Oe ee Se OES SE oN 0 WU be EN Le  eS Ne Hees AWS 7 AO) a Ad ee a : oe ee 4 Re TAX 10 i Ca es ee ee ee Se :Sone ee Woh) A Cee ey eras ee ee oS  es a ee 7 ,2  a a Vek cis Be ji oe pee os  a a : ee poe Vea CEN eres Rae a ee (6) a 4 391 N oS :ey ae es eis cane MO) oe eee 1D SING! Peeve ee a ae ee ee Ana et 1 oe  ra ep acy EAN ALE deere nee es Se SN oe CE SPT ae sess ER Oe oe O01  ie ae ee aan ee. ons ee :es ae as ee te ee:Pou ess Boy See x OS Demet Ot fs ee Se Peon ee Sse ie ones oe OEBA eta es putas ee Se ot -ee en es ee See eee os PAPE:ee ce Pe i ie ;ot Al :to  pe ae ee Ae ue oe ae ea es a acs NOES ae eee es es pee peak a ee A i :i Ca es boa ee 1S ao ee ane ee ae eS eo i oe ees 8 eee a eo Boned Res eae a :pO oe ae oe Ley ya  a  ee oe ee ee ey Sona ae :ee oe oe Blowing ei egy ae eae i ee es pe) ay a es:aN ae eee Oo. oS ay ae ies S oe a Lo ee aes ee ee See on ae eee oe a  aes ice ef aS ::oe Se oe oe ee oe Nel Cet  Bil EDGER NG See a ee a a So aN oes  is ae ee pie aN Steere ie  im Panto as eae : Se eSNG ss Wee ee aoe eee) eee  pees ae ee ates Sus SN VEE oe es Sat ORE ee! a SUES ees Eee ee oe NEE eet oe a a 7 ee a icons See Gay  5! ate Ais a a  oS Sees ee rs eee ore i ene ve] i oe elle a oe iE ee ee oe ee) ee Dee es Sy ees cl ee es Se Boe ae ates oe i ee TUR Sees bane BS ee ee ep War : i  Ned Ree 3 a eee ea fee ad [Bs eet ie :eas Coe ee Aad MEN:nes mene ome oS ee val :Kae es SUS ae hSc ot Se 5 ol ee es one Were eee i ino   ee Soe ee eee es era oe Sl SJUNE sadn ie Pee SN ie eee ee ECG pee ;roe teas oe une 0 a Bis i NEE tl TEV ne ares Us oe ae oe ae 7 Ls RES Ree ease es ae Las  iE aX 2 eee ese SOR Rates  Gay oe ee oe aa SS oe Cats SS ae ey res oe oe pee oe  ale  NG ee  ee eee Se ee ee aes pea NCEE ae Ce ATE:Be es Ses Oe ONES es NT ae ee EME :ae ngs Se ee ie oe oe Ube:a See ees ee ee a EES ae aes oe i CS a aos Tae Sree ee ae ue ee eas poo ViWetmore soe ee ;os ss Sees! Pelee es Sa es ees Wet en 2 es oe eee Sa Aa nee lan:ACRE  eS Fone alc PP Sean ee  Google saute oe ee ee Se Ve Ng:oS et es ens ee Re as oo a cu ee SS ASIN ae oe as ee oe Be Ghee Sos At Ee Seay a vs Le  :es Boe eek STE ) ee rea :ace eo :oa)  oe Be RONG eae Sa eee Reese  7 jee esos ORE:eee Dee oe  ees os oe SS ae eee Oe oe ar sone Bee See a cas ee eee oe ees 6 eee ae See oa Sa a ee ee ae eee eee NN Gs RRC BEERS ES wee  :eed ae Bere RN ee ON ane :ee [eee Ee on chy aed RR oe a    a :2 . ey Ben ARE ee 8 a  eee ae Ge  eS Soe red ae gee an ae ria whe ER OES pce ey es ae aes  ee 2  ee  eee oe See:1S ee ot ee eee e ard macs 7 esJ se hee Nee (reg:eae hip ae BRS. Sas 22 Hom ak Se oe a a oe . 8 LU es ee Contra ee tet ide) Contiac ae oe ae i oe ea 333 phd CANS Sey eee ;cas as oe ees Ae oo yee ee ms a 2 :8 aS eee oe oo oo ee ee oo tive Un ae oe es  WE. 0200005 EM OF ee et ent as Of Soe ee ee eee ee Se ae oe oS ive,Continge ee ee  Active. C ot ee Bedroom:oe es 8 oe :oe eae ee re a3 a ee ee ee eee i Ces son ec ane ae coe ee ae a oS ST Ny,ee re 28  ee a :he ees oes ee :2 ie Baths ees  es es Sel SAA ei Ce oe oe Sy Las Ne Partial es  a ::os Se eo ee ee te CA aa a ee a ee a3 ee a oe List. Dat O28 oF ee ee es ee eas ee 5 PRS ae as ss ee Daysink ding Area ( os Days ee  Building oe . port oR Soe ay ene ee  ;ate ee ee De oe ae ated? ) ee eae oe ee ant Estim oo Current,eS ee es :eo as PANT H HEH oe oe ee So  :ag ere 1S:ee ee ee 2 ee RAY oe ension:S226 Pe Ne 005 ee Cas are es ay:oe eS 15:oe ee ae ee ss Os :es ee oN yes ss Coan date:as ee JM Upda Seas oe Garage ae sue! ee ce Se SG ee oes ee oe eae as ela oe ce ae mee es oe ee er ae oe ae Sees Se ae oe Se MES Benge  oe ee ee a  at oe rade,(spaces: :AVIV 2K  260K  Soe ees ee Sees  ic Soak  es one eae NCC ES So ae oe Contidel Ne ele Boe oe pe 7 _ a Mice AS ae oan ees oe ae NM a ee. ee ee eee oe Orne) oe Yeare Le :sk oo  a a  ee ee ke anes ne ;M:Change 000 oe ee AN 4) oe ae ee oe ees 6 ees es en oes ae a es  ly Se es:oe ee Se a SS See Vi Che ee oe eee oe ee LS ee oe coe es ake Cone eS ee ue 8 ee Bee Be ee ing ee A So. 2 Concrete Block,SS oe a oe oe ae os es zs ee lated See es Os Loe ne ee ee ee ee eee a ee ee inome ee aa tion:ees ee ee poke eS ae es ing Rivers eae . ::;on  bee So ee oe ) iscoversthis ae elcoming oe ORS Sue oe a oe stand we inn acs es ote ae and:Property. ee ee c ce Unitse  an Ce is a tyand:eed 2 a oo inthe. es hoodl:Ce are ber of,Unit ae eee Ge ee fan Mun ge Tae :ees ima Valley chess ees See ee ae ee S oe Point neigt mise Home eatur umber,ye oe ae a   a ee De Baie wae es Rk eee he ae  oe ee ee oe Se oo coe eee :i edrooms,pr ations ee :pe ee as Co ee ee ee fae relaxatio ee oe Oe ee igs See () fon BoA vba coer Snes Bue oo Ss Son Ror Ce Be eae iene ee i :eee ee Ce 2 Te ee eee Spacey lé:sp asis:ae Re ae ee ee ee ee ee Seen 22 amp yt Oe ee oe ee ee os a  y. bedroom Closet:offering ey ae ae Se oe a oe es 912:ee ee 4 Aas ee oe ae me es  prima dois ar an Mic thers ee ee ae  ploutside to:oe. 8 Size es ee oe a ee ee Le ee a oo oe pe ae ee ini as aaa ARES,oe Reserved oe ae eo Soe oe ee cy yon Ls ee oe ee ortunity:ee eae PSU ORE ete ee Boe eee Resourc Housing Opp ins ee  oe oe ee ee ae tors Hou ee oe a eo ee as ee'
2025-05-29 12:12:06 | INFO     | app.utils.extract_fields_util:extract_fields_from_text:107 - Trying (?i)Built\s+in\s*[:\s]?\s*([0-9]{4}) on line: 'ti os ES pees A ee oo Ne fe pe on Se _ Cees ee ree Pee SS  en ee oe eae SO ene ED (3) Aan Cees ae HE ind HWA  SSS EN a ve A SR wae POCKY,AS te CS ES IES ol open ERVICE aA a  ee oo Sd OR ae LE LIS:See earn WRG:Vo ees UET she oP as A) vend Poe ae oe oe 2  2 ee  ee Lil Pen a nd 7 i  a re Nt eee ee wee OF fs Paes Poms:Fo J :ie :  ane (vA LO BO) ee Po ne Ves here    ee eee NG Ge Oe ee Se OES SE oN 0 WU be EN Le  eS Ne Hees AWS 7 AO) a Ad ee a : oe ee 4 Re TAX 10 i Ca es ee ee ee Se :Sone ee Woh) A Cee ey eras ee ee oS  es a ee 7 ,2  a a Vek cis Be ji oe pee os  a a : ee poe Vea CEN eres Rae a ee (6) a 4 391 N oS :ey ae es eis cane MO) oe eee 1D SING! Peeve ee a ae ee ee Ana et 1 oe  ra ep acy EAN ALE deere nee es Se SN oe CE SPT ae sess ER Oe oe O01  ie ae ee aan ee. ons ee :es ae as ee te ee:Pou ess Boy See x OS Demet Ot fs ee Se Peon ee Sse ie ones oe OEBA eta es putas ee Se ot -ee en es ee See eee os PAPE:ee ce Pe i ie ;ot Al :to  pe ae ee Ae ue oe ae ea es a acs NOES ae eee es es pee peak a ee A i :i Ca es boa ee 1S ao ee ane ee ae eS eo i oe ees 8 eee a eo Boned Res eae a :pO oe ae oe Ley ya  a  ee oe ee ee ey Sona ae :ee oe oe Blowing ei egy ae eae i ee es pe) ay a es:aN ae eee Oo. oS ay ae ies S oe a Lo ee aes ee ee See on ae eee oe a  aes ice ef aS ::oe Se oe oe ee oe Nel Cet  Bil EDGER NG See a ee a a So aN oes  is ae ee pie aN Steere ie  im Panto as eae : Se eSNG ss Wee ee aoe eee) eee  pees ae ee ates Sus SN VEE oe es Sat ORE ee! a SUES ees Eee ee oe NEE eet oe a a 7 ee a icons See Gay  5! ate Ais a a  oS Sees ee rs eee ore i ene ve] i oe elle a oe iE ee ee oe ee) ee Dee es Sy ees cl ee es Se Boe ae ates oe i ee TUR Sees bane BS ee ee ep War : i  Ned Ree 3 a eee ea fee ad [Bs eet ie :eas Coe ee Aad MEN:nes mene ome oS ee val :Kae es SUS ae hSc ot Se 5 ol ee es one Were eee i ino   ee Soe ee eee es era oe Sl SJUNE sadn ie Pee SN ie eee ee ECG pee ;roe teas oe une 0 a Bis i NEE tl TEV ne ares Us oe ae oe ae 7 Ls RES Ree ease es ae Las  iE aX 2 eee ese SOR Rates  Gay oe ee oe aa SS oe Cats SS ae ey res oe oe pee oe  ale  NG ee  ee eee Se ee ee aes pea NCEE ae Ce ATE:Be es Ses Oe ONES es NT ae ee EME :ae ngs Se ee ie oe oe Ube:a See ees ee ee a EES ae aes oe i CS a aos Tae Sree ee ae ue ee eas poo ViWetmore soe ee ;os ss Sees! Pelee es Sa es ees Wet en 2 es oe eee Sa Aa nee lan:ACRE  eS Fone alc PP Sean ee  Google saute oe ee ee Se Ve Ng:oS et es ens ee Re as oo a cu ee SS ASIN ae oe as ee oe Be Ghee Sos At Ee Seay a vs Le  :es Boe eek STE ) ee rea :ace eo :oa)  oe Be RONG eae Sa eee Reese  7 jee esos ORE:eee Dee oe  ees os oe SS ae eee Oe oe ar sone Bee See a cas ee eee oe ees 6 eee ae See oa Sa a ee ee ae eee eee NN Gs RRC BEERS ES wee  :eed ae Bere RN ee ON ane :ee [eee Ee on chy aed RR oe a    a :2 . ey Ben ARE ee 8 a  eee ae Ge  eS Soe red ae gee an ae ria whe ER OES pce ey es ae aes  ee 2  ee  eee oe See:1S ee ot ee eee e ard macs 7 esJ se hee Nee (reg:eae hip ae BRS. Sas 22 Hom ak Se oe a a oe . 8 LU es ee Contra ee tet ide) Contiac ae oe ae i oe ea 333 phd CANS Sey eee ;cas as oe ees Ae oo yee ee ms a 2 :8 aS eee oe oo oo ee ee oo tive Un ae oe es  WE. 0200005 EM OF ee et ent as Of Soe ee ee eee ee Se ae oe oS ive,Continge ee ee  Active. C ot ee Bedroom:oe es 8 oe :oe eae ee re a3 a ee ee ee eee i Ces son ec ane ae coe ee ae a oS ST Ny,ee re 28  ee a :he ees oes ee :2 ie Baths ees  es es Sel SAA ei Ce oe oe Sy Las Ne Partial es  a ::os Se eo ee ee te CA aa a ee a ee a3 ee a oe List. Dat O28 oF ee ee es ee eas ee 5 PRS ae as ss ee Daysink ding Area ( os Days ee  Building oe . port oR Soe ay ene ee  ;ate ee ee De oe ae ated? ) ee eae oe ee ant Estim oo Current,eS ee es :eo as PANT H HEH oe oe ee So  :ag ere 1S:ee ee ee 2 ee RAY oe ension:S226 Pe Ne 005 ee Cas are es ay:oe eS 15:oe ee ae ee ss Os :es ee oN yes ss Coan date:as ee JM Upda Seas oe Garage ae sue! ee ce Se SG ee oes ee oe eae as ela oe ce ae mee es oe ee er ae oe ae Sees Se ae oe Se MES Benge  oe ee ee a  at oe rade,(spaces: :AVIV 2K  260K  Soe ees ee Sees  ic Soak  es one eae NCC ES So ae oe Contidel Ne ele Boe oe pe 7 _ a Mice AS ae oan ees oe ae NM a ee. ee ee eee oe Orne) oe Yeare Le :sk oo  a a  ee ee ke anes ne ;M:Change 000 oe ee AN 4) oe ae ee oe ees 6 ees es en oes ae a es  ly Se es:oe ee Se a SS See Vi Che ee oe eee oe ee LS ee oe coe es ake Cone eS ee ue 8 ee Bee Be ee ing ee A So. 2 Concrete Block,SS oe a oe oe ae os es zs ee lated See es Os Loe ne ee ee ee ee eee a ee ee inome ee aa tion:ees ee ee poke eS ae es ing Rivers eae . ::;on  bee So ee oe ) iscoversthis ae elcoming oe ORS Sue oe a oe stand we inn acs es ote ae and:Property. ee ee c ce Unitse  an Ce is a tyand:eed 2 a oo inthe. es hoodl:Ce are ber of,Unit ae eee Ge ee fan Mun ge Tae :ees ima Valley chess ees See ee ae ee S oe Point neigt mise Home eatur umber,ye oe ae a   a ee De Baie wae es Rk eee he ae  oe ee ee oe Se oo coe eee :i edrooms,pr ations ee :pe ee as Co ee ee ee fae relaxatio ee oe Oe ee igs See () fon BoA vba coer Snes Bue oo Ss Son Ror Ce Be eae iene ee i :eee ee Ce 2 Te ee eee Spacey lé:sp asis:ae Re ae ee ee ee ee ee Seen 22 amp yt Oe ee oe ee ee os a  y. bedroom Closet:offering ey ae ae Se oe a oe es 912:ee ee 4 Aas ee oe ae me es  prima dois ar an Mic thers ee ee ae  ploutside to:oe. 8 Size es ee oe a ee ee Le ee a oo oe pe ae ee ini as aaa ARES,oe Reserved oe ae eo Soe oe ee cy yon Ls ee oe ee ortunity:ee eae PSU ORE ete ee Boe eee Resourc Housing Opp ins ee  oe oe ee ee ae tors Hou ee oe a eo ee as ee'
2025-05-29 12:12:06 | INFO     | app.utils.extract_fields_util:extract_fields_from_text:107 - Trying (?i)Land\s+Use\s+Code:\s*(\w[\d-]*) on line: 'ti os ES pees A ee oo Ne fe pe on Se _ Cees ee ree Pee SS  en ee oe eae SO ene ED (3) Aan Cees ae HE ind HWA  SSS EN a ve A SR wae POCKY,AS te CS ES IES ol open ERVICE aA a  ee oo Sd OR ae LE LIS:See earn WRG:Vo ees UET she oP as A) vend Poe ae oe oe 2  2 ee  ee Lil Pen a nd 7 i  a re Nt eee ee wee OF fs Paes Poms:Fo J :ie :  ane (vA LO BO) ee Po ne Ves here    ee eee NG Ge Oe ee Se OES SE oN 0 WU be EN Le  eS Ne Hees AWS 7 AO) a Ad ee a : oe ee 4 Re TAX 10 i Ca es ee ee ee Se :Sone ee Woh) A Cee ey eras ee ee oS  es a ee 7 ,2  a a Vek cis Be ji oe pee os  a a : ee poe Vea CEN eres Rae a ee (6) a 4 391 N oS :ey ae es eis cane MO) oe eee 1D SING! Peeve ee a ae ee ee Ana et 1 oe  ra ep acy EAN ALE deere nee es Se SN oe CE SPT ae sess ER Oe oe O01  ie ae ee aan ee. ons ee :es ae as ee te ee:Pou ess Boy See x OS Demet Ot fs ee Se Peon ee Sse ie ones oe OEBA eta es putas ee Se ot -ee en es ee See eee os PAPE:ee ce Pe i ie ;ot Al :to  pe ae ee Ae ue oe ae ea es a acs NOES ae eee es es pee peak a ee A i :i Ca es boa ee 1S ao ee ane ee ae eS eo i oe ees 8 eee a eo Boned Res eae a :pO oe ae oe Ley ya  a  ee oe ee ee ey Sona ae :ee oe oe Blowing ei egy ae eae i ee es pe) ay a es:aN ae eee Oo. oS ay ae ies S oe a Lo ee aes ee ee See on ae eee oe a  aes ice ef aS ::oe Se oe oe ee oe Nel Cet  Bil EDGER NG See a ee a a So aN oes  is ae ee pie aN Steere ie  im Panto as eae : Se eSNG ss Wee ee aoe eee) eee  pees ae ee ates Sus SN VEE oe es Sat ORE ee! a SUES ees Eee ee oe NEE eet oe a a 7 ee a icons See Gay  5! ate Ais a a  oS Sees ee rs eee ore i ene ve] i oe elle a oe iE ee ee oe ee) ee Dee es Sy ees cl ee es Se Boe ae ates oe i ee TUR Sees bane BS ee ee ep War : i  Ned Ree 3 a eee ea fee ad [Bs eet ie :eas Coe ee Aad MEN:nes mene ome oS ee val :Kae es SUS ae hSc ot Se 5 ol ee es one Were eee i ino   ee Soe ee eee es era oe Sl SJUNE sadn ie Pee SN ie eee ee ECG pee ;roe teas oe une 0 a Bis i NEE tl TEV ne ares Us oe ae oe ae 7 Ls RES Ree ease es ae Las  iE aX 2 eee ese SOR Rates  Gay oe ee oe aa SS oe Cats SS ae ey res oe oe pee oe  ale  NG ee  ee eee Se ee ee aes pea NCEE ae Ce ATE:Be es Ses Oe ONES es NT ae ee EME :ae ngs Se ee ie oe oe Ube:a See ees ee ee a EES ae aes oe i CS a aos Tae Sree ee ae ue ee eas poo ViWetmore soe ee ;os ss Sees! Pelee es Sa es ees Wet en 2 es oe eee Sa Aa nee lan:ACRE  eS Fone alc PP Sean ee  Google saute oe ee ee Se Ve Ng:oS et es ens ee Re as oo a cu ee SS ASIN ae oe as ee oe Be Ghee Sos At Ee Seay a vs Le  :es Boe eek STE ) ee rea :ace eo :oa)  oe Be RONG eae Sa eee Reese  7 jee esos ORE:eee Dee oe  ees os oe SS ae eee Oe oe ar sone Bee See a cas ee eee oe ees 6 eee ae See oa Sa a ee ee ae eee eee NN Gs RRC BEERS ES wee  :eed ae Bere RN ee ON ane :ee [eee Ee on chy aed RR oe a    a :2 . ey Ben ARE ee 8 a  eee ae Ge  eS Soe red ae gee an ae ria whe ER OES pce ey es ae aes  ee 2  ee  eee oe See:1S ee ot ee eee e ard macs 7 esJ se hee Nee (reg:eae hip ae BRS. Sas 22 Hom ak Se oe a a oe . 8 LU es ee Contra ee tet ide) Contiac ae oe ae i oe ea 333 phd CANS Sey eee ;cas as oe ees Ae oo yee ee ms a 2 :8 aS eee oe oo oo ee ee oo tive Un ae oe es  WE. 0200005 EM OF ee et ent as Of Soe ee ee eee ee Se ae oe oS ive,Continge ee ee  Active. C ot ee Bedroom:oe es 8 oe :oe eae ee re a3 a ee ee ee eee i Ces son ec ane ae coe ee ae a oS ST Ny,ee re 28  ee a :he ees oes ee :2 ie Baths ees  es es Sel SAA ei Ce oe oe Sy Las Ne Partial es  a ::os Se eo ee ee te CA aa a ee a ee a3 ee a oe List. Dat O28 oF ee ee es ee eas ee 5 PRS ae as ss ee Daysink ding Area ( os Days ee  Building oe . port oR Soe ay ene ee  ;ate ee ee De oe ae ated? ) ee eae oe ee ant Estim oo Current,eS ee es :eo as PANT H HEH oe oe ee So  :ag ere 1S:ee ee ee 2 ee RAY oe ension:S226 Pe Ne 005 ee Cas are es ay:oe eS 15:oe ee ae ee ss Os :es ee oN yes ss Coan date:as ee JM Upda Seas oe Garage ae sue! ee ce Se SG ee oes ee oe eae as ela oe ce ae mee es oe ee er ae oe ae Sees Se ae oe Se MES Benge  oe ee ee a  at oe rade,(spaces: :AVIV 2K  260K  Soe ees ee Sees  ic Soak  es one eae NCC ES So ae oe Contidel Ne ele Boe oe pe 7 _ a Mice AS ae oan ees oe ae NM a ee. ee ee eee oe Orne) oe Yeare Le :sk oo  a a  ee ee ke anes ne ;M:Change 000 oe ee AN 4) oe ae ee oe ees 6 ees es en oes ae a es  ly Se es:oe ee Se a SS See Vi Che ee oe eee oe ee LS ee oe coe es ake Cone eS ee ue 8 ee Bee Be ee ing ee A So. 2 Concrete Block,SS oe a oe oe ae os es zs ee lated See es Os Loe ne ee ee ee ee eee a ee ee inome ee aa tion:ees ee ee poke eS ae es ing Rivers eae . ::;on  bee So ee oe ) iscoversthis ae elcoming oe ORS Sue oe a oe stand we inn acs es ote ae and:Property. ee ee c ce Unitse  an Ce is a tyand:eed 2 a oo inthe. es hoodl:Ce are ber of,Unit ae eee Ge ee fan Mun ge Tae :ees ima Valley chess ees See ee ae ee S oe Point neigt mise Home eatur umber,ye oe ae a   a ee De Baie wae es Rk eee he ae  oe ee ee oe Se oo coe eee :i edrooms,pr ations ee :pe ee as Co ee ee ee fae relaxatio ee oe Oe ee igs See () fon BoA vba coer Snes Bue oo Ss Son Ror Ce Be eae iene ee i :eee ee Ce 2 Te ee eee Spacey lé:sp asis:ae Re ae ee ee ee ee ee Seen 22 amp yt Oe ee oe ee ee os a  y. bedroom Closet:offering ey ae ae Se oe a oe es 912:ee ee 4 Aas ee oe ae me es  prima dois ar an Mic thers ee ee ae  ploutside to:oe. 8 Size es ee oe a ee ee Le ee a oo oe pe ae ee ini as aaa ARES,oe Reserved oe ae eo Soe oe ee cy yon Ls ee oe ee ortunity:ee eae PSU ORE ete ee Boe eee Resourc Housing Opp ins ee  oe oe ee ee ae tors Hou ee oe a eo ee as ee'
2025-05-29 12:12:06 | INFO     | app.utils.extract_fields_util:extract_fields_from_text:107 - Trying (?i)-\s*Land\s+Use\s+Code:\s*(\w[\d-]*) on line: 'ti os ES pees A ee oo Ne fe pe on Se _ Cees ee ree Pee SS  en ee oe eae SO ene ED (3) Aan Cees ae HE ind HWA  SSS EN a ve A SR wae POCKY,AS te CS ES IES ol open ERVICE aA a  ee oo Sd OR ae LE LIS:See earn WRG:Vo ees UET she oP as A) vend Poe ae oe oe 2  2 ee  ee Lil Pen a nd 7 i  a re Nt eee ee wee OF fs Paes Poms:Fo J :ie :  ane (vA LO BO) ee Po ne Ves here    ee eee NG Ge Oe ee Se OES SE oN 0 WU be EN Le  eS Ne Hees AWS 7 AO) a Ad ee a : oe ee 4 Re TAX 10 i Ca es ee ee ee Se :Sone ee Woh) A Cee ey eras ee ee oS  es a ee 7 ,2  a a Vek cis Be ji oe pee os  a a : ee poe Vea CEN eres Rae a ee (6) a 4 391 N oS :ey ae es eis cane MO) oe eee 1D SING! Peeve ee a ae ee ee Ana et 1 oe  ra ep acy EAN ALE deere nee es Se SN oe CE SPT ae sess ER Oe oe O01  ie ae ee aan ee. ons ee :es ae as ee te ee:Pou ess Boy See x OS Demet Ot fs ee Se Peon ee Sse ie ones oe OEBA eta es putas ee Se ot -ee en es ee See eee os PAPE:ee ce Pe i ie ;ot Al :to  pe ae ee Ae ue oe ae ea es a acs NOES ae eee es es pee peak a ee A i :i Ca es boa ee 1S ao ee ane ee ae eS eo i oe ees 8 eee a eo Boned Res eae a :pO oe ae oe Ley ya  a  ee oe ee ee ey Sona ae :ee oe oe Blowing ei egy ae eae i ee es pe) ay a es:aN ae eee Oo. oS ay ae ies S oe a Lo ee aes ee ee See on ae eee oe a  aes ice ef aS ::oe Se oe oe ee oe Nel Cet  Bil EDGER NG See a ee a a So aN oes  is ae ee pie aN Steere ie  im Panto as eae : Se eSNG ss Wee ee aoe eee) eee  pees ae ee ates Sus SN VEE oe es Sat ORE ee! a SUES ees Eee ee oe NEE eet oe a a 7 ee a icons See Gay  5! ate Ais a a  oS Sees ee rs eee ore i ene ve] i oe elle a oe iE ee ee oe ee) ee Dee es Sy ees cl ee es Se Boe ae ates oe i ee TUR Sees bane BS ee ee ep War : i  Ned Ree 3 a eee ea fee ad [Bs eet ie :eas Coe ee Aad MEN:nes mene ome oS ee val :Kae es SUS ae hSc ot Se 5 ol ee es one Were eee i ino   ee Soe ee eee es era oe Sl SJUNE sadn ie Pee SN ie eee ee ECG pee ;roe teas oe une 0 a Bis i NEE tl TEV ne ares Us oe ae oe ae 7 Ls RES Ree ease es ae Las  iE aX 2 eee ese SOR Rates  Gay oe ee oe aa SS oe Cats SS ae ey res oe oe pee oe  ale  NG ee  ee eee Se ee ee aes pea NCEE ae Ce ATE:Be es Ses Oe ONES es NT ae ee EME :ae ngs Se ee ie oe oe Ube:a See ees ee ee a EES ae aes oe i CS a aos Tae Sree ee ae ue ee eas poo ViWetmore soe ee ;os ss Sees! Pelee es Sa es ees Wet en 2 es oe eee Sa Aa nee lan:ACRE  eS Fone alc PP Sean ee  Google saute oe ee ee Se Ve Ng:oS et es ens ee Re as oo a cu ee SS ASIN ae oe as ee oe Be Ghee Sos At Ee Seay a vs Le  :es Boe eek STE ) ee rea :ace eo :oa)  oe Be RONG eae Sa eee Reese  7 jee esos ORE:eee Dee oe  ees os oe SS ae eee Oe oe ar sone Bee See a cas ee eee oe ees 6 eee ae See oa Sa a ee ee ae eee eee NN Gs RRC BEERS ES wee  :eed ae Bere RN ee ON ane :ee [eee Ee on chy aed RR oe a    a :2 . ey Ben ARE ee 8 a  eee ae Ge  eS Soe red ae gee an ae ria whe ER OES pce ey es ae aes  ee 2  ee  eee oe See:1S ee ot ee eee e ard macs 7 esJ se hee Nee (reg:eae hip ae BRS. Sas 22 Hom ak Se oe a a oe . 8 LU es ee Contra ee tet ide) Contiac ae oe ae i oe ea 333 phd CANS Sey eee ;cas as oe ees Ae oo yee ee ms a 2 :8 aS eee oe oo oo ee ee oo tive Un ae oe es  WE. 0200005 EM OF ee et ent as Of Soe ee ee eee ee Se ae oe oS ive,Continge ee ee  Active. C ot ee Bedroom:oe es 8 oe :oe eae ee re a3 a ee ee ee eee i Ces son ec ane ae coe ee ae a oS ST Ny,ee re 28  ee a :he ees oes ee :2 ie Baths ees  es es Sel SAA ei Ce oe oe Sy Las Ne Partial es  a ::os Se eo ee ee te CA aa a ee a ee a3 ee a oe List. Dat O28 oF ee ee es ee eas ee 5 PRS ae as ss ee Daysink ding Area ( os Days ee  Building oe . port oR Soe ay ene ee  ;ate ee ee De oe ae ated? ) ee eae oe ee ant Estim oo Current,eS ee es :eo as PANT H HEH oe oe ee So  :ag ere 1S:ee ee ee 2 ee RAY oe ension:S226 Pe Ne 005 ee Cas are es ay:oe eS 15:oe ee ae ee ss Os :es ee oN yes ss Coan date:as ee JM Upda Seas oe Garage ae sue! ee ce Se SG ee oes ee oe eae as ela oe ce ae mee es oe ee er ae oe ae Sees Se ae oe Se MES Benge  oe ee ee a  at oe rade,(spaces: :AVIV 2K  260K  Soe ees ee Sees  ic Soak  es one eae NCC ES So ae oe Contidel Ne ele Boe oe pe 7 _ a Mice AS ae oan ees oe ae NM a ee. ee ee eee oe Orne) oe Yeare Le :sk oo  a a  ee ee ke anes ne ;M:Change 000 oe ee AN 4) oe ae ee oe ees 6 ees es en oes ae a es  ly Se es:oe ee Se a SS See Vi Che ee oe eee oe ee LS ee oe coe es ake Cone eS ee ue 8 ee Bee Be ee ing ee A So. 2 Concrete Block,SS oe a oe oe ae os es zs ee lated See es Os Loe ne ee ee ee ee eee a ee ee inome ee aa tion:ees ee ee poke eS ae es ing Rivers eae . ::;on  bee So ee oe ) iscoversthis ae elcoming oe ORS Sue oe a oe stand we inn acs es ote ae and:Property. ee ee c ce Unitse  an Ce is a tyand:eed 2 a oo inthe. es hoodl:Ce are ber of,Unit ae eee Ge ee fan Mun ge Tae :ees ima Valley chess ees See ee ae ee S oe Point neigt mise Home eatur umber,ye oe ae a   a ee De Baie wae es Rk eee he ae  oe ee ee oe Se oo coe eee :i edrooms,pr ations ee :pe ee as Co ee ee ee fae relaxatio ee oe Oe ee igs See () fon BoA vba coer Snes Bue oo Ss Son Ror Ce Be eae iene ee i :eee ee Ce 2 Te ee eee Spacey lé:sp asis:ae Re ae ee ee ee ee ee Seen 22 amp yt Oe ee oe ee ee os a  y. bedroom Closet:offering ey ae ae Se oe a oe es 912:ee ee 4 Aas ee oe ae me es  prima dois ar an Mic thers ee ee ae  ploutside to:oe. 8 Size es ee oe a ee ee Le ee a oo oe pe ae ee ini as aaa ARES,oe Reserved oe ae eo Soe oe ee cy yon Ls ee oe ee ortunity:ee eae PSU ORE ete ee Boe eee Resourc Housing Opp ins ee  oe oe ee ee ae tors Hou ee oe a eo ee as ee'
2025-05-29 12:12:06 | INFO     | app.utils.extract_fields_util:extract_fields_from_text:107 - Trying (?i)Use\s+Code:\s*(\w[\d-]*) on line: 'ti os ES pees A ee oo Ne fe pe on Se _ Cees ee ree Pee SS  en ee oe eae SO ene ED (3) Aan Cees ae HE ind HWA  SSS EN a ve A SR wae POCKY,AS te CS ES IES ol open ERVICE aA a  ee oo Sd OR ae LE LIS:See earn WRG:Vo ees UET she oP as A) vend Poe ae oe oe 2  2 ee  ee Lil Pen a nd 7 i  a re Nt eee ee wee OF fs Paes Poms:Fo J :ie :  ane (vA LO BO) ee Po ne Ves here    ee eee NG Ge Oe ee Se OES SE oN 0 WU be EN Le  eS Ne Hees AWS 7 AO) a Ad ee a : oe ee 4 Re TAX 10 i Ca es ee ee ee Se :Sone ee Woh) A Cee ey eras ee ee oS  es a ee 7 ,2  a a Vek cis Be ji oe pee os  a a : ee poe Vea CEN eres Rae a ee (6) a 4 391 N oS :ey ae es eis cane MO) oe eee 1D SING! Peeve ee a ae ee ee Ana et 1 oe  ra ep acy EAN ALE deere nee es Se SN oe CE SPT ae sess ER Oe oe O01  ie ae ee aan ee. ons ee :es ae as ee te ee:Pou ess Boy See x OS Demet Ot fs ee Se Peon ee Sse ie ones oe OEBA eta es putas ee Se ot -ee en es ee See eee os PAPE:ee ce Pe i ie ;ot Al :to  pe ae ee Ae ue oe ae ea es a acs NOES ae eee es es pee peak a ee A i :i Ca es boa ee 1S ao ee ane ee ae eS eo i oe ees 8 eee a eo Boned Res eae a :pO oe ae oe Ley ya  a  ee oe ee ee ey Sona ae :ee oe oe Blowing ei egy ae eae i ee es pe) ay a es:aN ae eee Oo. oS ay ae ies S oe a Lo ee aes ee ee See on ae eee oe a  aes ice ef aS ::oe Se oe oe ee oe Nel Cet  Bil EDGER NG See a ee a a So aN oes  is ae ee pie aN Steere ie  im Panto as eae : Se eSNG ss Wee ee aoe eee) eee  pees ae ee ates Sus SN VEE oe es Sat ORE ee! a SUES ees Eee ee oe NEE eet oe a a 7 ee a icons See Gay  5! ate Ais a a  oS Sees ee rs eee ore i ene ve] i oe elle a oe iE ee ee oe ee) ee Dee es Sy ees cl ee es Se Boe ae ates oe i ee TUR Sees bane BS ee ee ep War : i  Ned Ree 3 a eee ea fee ad [Bs eet ie :eas Coe ee Aad MEN:nes mene ome oS ee val :Kae es SUS ae hSc ot Se 5 ol ee es one Were eee i ino   ee Soe ee eee es era oe Sl SJUNE sadn ie Pee SN ie eee ee ECG pee ;roe teas oe une 0 a Bis i NEE tl TEV ne ares Us oe ae oe ae 7 Ls RES Ree ease es ae Las  iE aX 2 eee ese SOR Rates  Gay oe ee oe aa SS oe Cats SS ae ey res oe oe pee oe  ale  NG ee  ee eee Se ee ee aes pea NCEE ae Ce ATE:Be es Ses Oe ONES es NT ae ee EME :ae ngs Se ee ie oe oe Ube:a See ees ee ee a EES ae aes oe i CS a aos Tae Sree ee ae ue ee eas poo ViWetmore soe ee ;os ss Sees! Pelee es Sa es ees Wet en 2 es oe eee Sa Aa nee lan:ACRE  eS Fone alc PP Sean ee  Google saute oe ee ee Se Ve Ng:oS et es ens ee Re as oo a cu ee SS ASIN ae oe as ee oe Be Ghee Sos At Ee Seay a vs Le  :es Boe eek STE ) ee rea :ace eo :oa)  oe Be RONG eae Sa eee Reese  7 jee esos ORE:eee Dee oe  ees os oe SS ae eee Oe oe ar sone Bee See a cas ee eee oe ees 6 eee ae See oa Sa a ee ee ae eee eee NN Gs RRC BEERS ES wee  :eed ae Bere RN ee ON ane :ee [eee Ee on chy aed RR oe a    a :2 . ey Ben ARE ee 8 a  eee ae Ge  eS Soe red ae gee an ae ria whe ER OES pce ey es ae aes  ee 2  ee  eee oe See:1S ee ot ee eee e ard macs 7 esJ se hee Nee (reg:eae hip ae BRS. Sas 22 Hom ak Se oe a a oe . 8 LU es ee Contra ee tet ide) Contiac ae oe ae i oe ea 333 phd CANS Sey eee ;cas as oe ees Ae oo yee ee ms a 2 :8 aS eee oe oo oo ee ee oo tive Un ae oe es  WE. 0200005 EM OF ee et ent as Of Soe ee ee eee ee Se ae oe oS ive,Continge ee ee  Active. C ot ee Bedroom:oe es 8 oe :oe eae ee re a3 a ee ee ee eee i Ces son ec ane ae coe ee ae a oS ST Ny,ee re 28  ee a :he ees oes ee :2 ie Baths ees  es es Sel SAA ei Ce oe oe Sy Las Ne Partial es  a ::os Se eo ee ee te CA aa a ee a ee a3 ee a oe List. Dat O28 oF ee ee es ee eas ee 5 PRS ae as ss ee Daysink ding Area ( os Days ee  Building oe . port oR Soe ay ene ee  ;ate ee ee De oe ae ated? ) ee eae oe ee ant Estim oo Current,eS ee es :eo as PANT H HEH oe oe ee So  :ag ere 1S:ee ee ee 2 ee RAY oe ension:S226 Pe Ne 005 ee Cas are es ay:oe eS 15:oe ee ae ee ss Os :es ee oN yes ss Coan date:as ee JM Upda Seas oe Garage ae sue! ee ce Se SG ee oes ee oe eae as ela oe ce ae mee es oe ee er ae oe ae Sees Se ae oe Se MES Benge  oe ee ee a  at oe rade,(spaces: :AVIV 2K  260K  Soe ees ee Sees  ic Soak  es one eae NCC ES So ae oe Contidel Ne ele Boe oe pe 7 _ a Mice AS ae oan ees oe ae NM a ee. ee ee eee oe Orne) oe Yeare Le :sk oo  a a  ee ee ke anes ne ;M:Change 000 oe ee AN 4) oe ae ee oe ees 6 ees es en oes ae a es  ly Se es:oe ee Se a SS See Vi Che ee oe eee oe ee LS ee oe coe es ake Cone eS ee ue 8 ee Bee Be ee ing ee A So. 2 Concrete Block,SS oe a oe oe ae os es zs ee lated See es Os Loe ne ee ee ee ee eee a ee ee inome ee aa tion:ees ee ee poke eS ae es ing Rivers eae . ::;on  bee So ee oe ) iscoversthis ae elcoming oe ORS Sue oe a oe stand we inn acs es ote ae and:Property. ee ee c ce Unitse  an Ce is a tyand:eed 2 a oo inthe. es hoodl:Ce are ber of,Unit ae eee Ge ee fan Mun ge Tae :ees ima Valley chess ees See ee ae ee S oe Point neigt mise Home eatur umber,ye oe ae a   a ee De Baie wae es Rk eee he ae  oe ee ee oe Se oo coe eee :i edrooms,pr ations ee :pe ee as Co ee ee ee fae relaxatio ee oe Oe ee igs See () fon BoA vba coer Snes Bue oo Ss Son Ror Ce Be eae iene ee i :eee ee Ce 2 Te ee eee Spacey lé:sp asis:ae Re ae ee ee ee ee ee Seen 22 amp yt Oe ee oe ee ee os a  y. bedroom Closet:offering ey ae ae Se oe a oe es 912:ee ee 4 Aas ee oe ae me es  prima dois ar an Mic thers ee ee ae  ploutside to:oe. 8 Size es ee oe a ee ee Le ee a oo oe pe ae ee ini as aaa ARES,oe Reserved oe ae eo Soe oe ee cy yon Ls ee oe ee ortunity:ee eae PSU ORE ete ee Boe eee Resourc Housing Opp ins ee  oe oe ee ee ae tors Hou ee oe a eo ee as ee'
2025-05-29 12:12:06 | INFO     | app.utils.extract_fields_util:extract_fields_from_text:107 - Trying (?i)Flood\s+Risk\s+Score:\s*(\d+) on line: 'ti os ES pees A ee oo Ne fe pe on Se _ Cees ee ree Pee SS  en ee oe eae SO ene ED (3) Aan Cees ae HE ind HWA  SSS EN a ve A SR wae POCKY,AS te CS ES IES ol open ERVICE aA a  ee oo Sd OR ae LE LIS:See earn WRG:Vo ees UET she oP as A) vend Poe ae oe oe 2  2 ee  ee Lil Pen a nd 7 i  a re Nt eee ee wee OF fs Paes Poms:Fo J :ie :  ane (vA LO BO) ee Po ne Ves here    ee eee NG Ge Oe ee Se OES SE oN 0 WU be EN Le  eS Ne Hees AWS 7 AO) a Ad ee a : oe ee 4 Re TAX 10 i Ca es ee ee ee Se :Sone ee Woh) A Cee ey eras ee ee oS  es a ee 7 ,2  a a Vek cis Be ji oe pee os  a a : ee poe Vea CEN eres Rae a ee (6) a 4 391 N oS :ey ae es eis cane MO) oe eee 1D SING! Peeve ee a ae ee ee Ana et 1 oe  ra ep acy EAN ALE deere nee es Se SN oe CE SPT ae sess ER Oe oe O01  ie ae ee aan ee. ons ee :es ae as ee te ee:Pou ess Boy See x OS Demet Ot fs ee Se Peon ee Sse ie ones oe OEBA eta es putas ee Se ot -ee en es ee See eee os PAPE:ee ce Pe i ie ;ot Al :to  pe ae ee Ae ue oe ae ea es a acs NOES ae eee es es pee peak a ee A i :i Ca es boa ee 1S ao ee ane ee ae eS eo i oe ees 8 eee a eo Boned Res eae a :pO oe ae oe Ley ya  a  ee oe ee ee ey Sona ae :ee oe oe Blowing ei egy ae eae i ee es pe) ay a es:aN ae eee Oo. oS ay ae ies S oe a Lo ee aes ee ee See on ae eee oe a  aes ice ef aS ::oe Se oe oe ee oe Nel Cet  Bil EDGER NG See a ee a a So aN oes  is ae ee pie aN Steere ie  im Panto as eae : Se eSNG ss Wee ee aoe eee) eee  pees ae ee ates Sus SN VEE oe es Sat ORE ee! a SUES ees Eee ee oe NEE eet oe a a 7 ee a icons See Gay  5! ate Ais a a  oS Sees ee rs eee ore i ene ve] i oe elle a oe iE ee ee oe ee) ee Dee es Sy ees cl ee es Se Boe ae ates oe i ee TUR Sees bane BS ee ee ep War : i  Ned Ree 3 a eee ea fee ad [Bs eet ie :eas Coe ee Aad MEN:nes mene ome oS ee val :Kae es SUS ae hSc ot Se 5 ol ee es one Were eee i ino   ee Soe ee eee es era oe Sl SJUNE sadn ie Pee SN ie eee ee ECG pee ;roe teas oe une 0 a Bis i NEE tl TEV ne ares Us oe ae oe ae 7 Ls RES Ree ease es ae Las  iE aX 2 eee ese SOR Rates  Gay oe ee oe aa SS oe Cats SS ae ey res oe oe pee oe  ale  NG ee  ee eee Se ee ee aes pea NCEE ae Ce ATE:Be es Ses Oe ONES es NT ae ee EME :ae ngs Se ee ie oe oe Ube:a See ees ee ee a EES ae aes oe i CS a aos Tae Sree ee ae ue ee eas poo ViWetmore soe ee ;os ss Sees! Pelee es Sa es ees Wet en 2 es oe eee Sa Aa nee lan:ACRE  eS Fone alc PP Sean ee  Google saute oe ee ee Se Ve Ng:oS et es ens ee Re as oo a cu ee SS ASIN ae oe as ee oe Be Ghee Sos At Ee Seay a vs Le  :es Boe eek STE ) ee rea :ace eo :oa)  oe Be RONG eae Sa eee Reese  7 jee esos ORE:eee Dee oe  ees os oe SS ae eee Oe oe ar sone Bee See a cas ee eee oe ees 6 eee ae See oa Sa a ee ee ae eee eee NN Gs RRC BEERS ES wee  :eed ae Bere RN ee ON ane :ee [eee Ee on chy aed RR oe a    a :2 . ey Ben ARE ee 8 a  eee ae Ge  eS Soe red ae gee an ae ria whe ER OES pce ey es ae aes  ee 2  ee  eee oe See:1S ee ot ee eee e ard macs 7 esJ se hee Nee (reg:eae hip ae BRS. Sas 22 Hom ak Se oe a a oe . 8 LU es ee Contra ee tet ide) Contiac ae oe ae i oe ea 333 phd CANS Sey eee ;cas as oe ees Ae oo yee ee ms a 2 :8 aS eee oe oo oo ee ee oo tive Un ae oe es  WE. 0200005 EM OF ee et ent as Of Soe ee ee eee ee Se ae oe oS ive,Continge ee ee  Active. C ot ee Bedroom:oe es 8 oe :oe eae ee re a3 a ee ee ee eee i Ces son ec ane ae coe ee ae a oS ST Ny,ee re 28  ee a :he ees oes ee :2 ie Baths ees  es es Sel SAA ei Ce oe oe Sy Las Ne Partial es  a ::os Se eo ee ee te CA aa a ee a ee a3 ee a oe List. Dat O28 oF ee ee es ee eas ee 5 PRS ae as ss ee Daysink ding Area ( os Days ee  Building oe . port oR Soe ay ene ee  ;ate ee ee De oe ae ated? ) ee eae oe ee ant Estim oo Current,eS ee es :eo as PANT H HEH oe oe ee So  :ag ere 1S:ee ee ee 2 ee RAY oe ension:S226 Pe Ne 005 ee Cas are es ay:oe eS 15:oe ee ae ee ss Os :es ee oN yes ss Coan date:as ee JM Upda Seas oe Garage ae sue! ee ce Se SG ee oes ee oe eae as ela oe ce ae mee es oe ee er ae oe ae Sees Se ae oe Se MES Benge  oe ee ee a  at oe rade,(spaces: :AVIV 2K  260K  Soe ees ee Sees  ic Soak  es one eae NCC ES So ae oe Contidel Ne ele Boe oe pe 7 _ a Mice AS ae oan ees oe ae NM a ee. ee ee eee oe Orne) oe Yeare Le :sk oo  a a  ee ee ke anes ne ;M:Change 000 oe ee AN 4) oe ae ee oe ees 6 ees es en oes ae a es  ly Se es:oe ee Se a SS See Vi Che ee oe eee oe ee LS ee oe coe es ake Cone eS ee ue 8 ee Bee Be ee ing ee A So. 2 Concrete Block,SS oe a oe oe ae os es zs ee lated See es Os Loe ne ee ee ee ee eee a ee ee inome ee aa tion:ees ee ee poke eS ae es ing Rivers eae . ::;on  bee So ee oe ) iscoversthis ae elcoming oe ORS Sue oe a oe stand we inn acs es ote ae and:Property. ee ee c ce Unitse  an Ce is a tyand:eed 2 a oo inthe. es hoodl:Ce are ber of,Unit ae eee Ge ee fan Mun ge Tae :ees ima Valley chess ees See ee ae ee S oe Point neigt mise Home eatur umber,ye oe ae a   a ee De Baie wae es Rk eee he ae  oe ee ee oe Se oo coe eee :i edrooms,pr ations ee :pe ee as Co ee ee ee fae relaxatio ee oe Oe ee igs See () fon BoA vba coer Snes Bue oo Ss Son Ror Ce Be eae iene ee i :eee ee Ce 2 Te ee eee Spacey lé:sp asis:ae Re ae ee ee ee ee ee Seen 22 amp yt Oe ee oe ee ee os a  y. bedroom Closet:offering ey ae ae Se oe a oe es 912:ee ee 4 Aas ee oe ae me es  prima dois ar an Mic thers ee ee ae  ploutside to:oe. 8 Size es ee oe a ee ee Le ee a oo oe pe ae ee ini as aaa ARES,oe Reserved oe ae eo Soe oe ee cy yon Ls ee oe ee ortunity:ee eae PSU ORE ete ee Boe eee Resourc Housing Opp ins ee  oe oe ee ee ae tors Hou ee oe a eo ee as ee'
2025-05-29 12:12:06 | INFO     | app.utils.extract_fields_util:extract_fields_from_text:107 - Trying (?i)-\s*Flood\s+Risk\s+Score:\s*(\d+) on line: 'ti os ES pees A ee oo Ne fe pe on Se _ Cees ee ree Pee SS  en ee oe eae SO ene ED (3) Aan Cees ae HE ind HWA  SSS EN a ve A SR wae POCKY,AS te CS ES IES ol open ERVICE aA a  ee oo Sd OR ae LE LIS:See earn WRG:Vo ees UET she oP as A) vend Poe ae oe oe 2  2 ee  ee Lil Pen a nd 7 i  a re Nt eee ee wee OF fs Paes Poms:Fo J :ie :  ane (vA LO BO) ee Po ne Ves here    ee eee NG Ge Oe ee Se OES SE oN 0 WU be EN Le  eS Ne Hees AWS 7 AO) a Ad ee a : oe ee 4 Re TAX 10 i Ca es ee ee ee Se :Sone ee Woh) A Cee ey eras ee ee oS  es a ee 7 ,2  a a Vek cis Be ji oe pee os  a a : ee poe Vea CEN eres Rae a ee (6) a 4 391 N oS :ey ae es eis cane MO) oe eee 1D SING! Peeve ee a ae ee ee Ana et 1 oe  ra ep acy EAN ALE deere nee es Se SN oe CE SPT ae sess ER Oe oe O01  ie ae ee aan ee. ons ee :es ae as ee te ee:Pou ess Boy See x OS Demet Ot fs ee Se Peon ee Sse ie ones oe OEBA eta es putas ee Se ot -ee en es ee See eee os PAPE:ee ce Pe i ie ;ot Al :to  pe ae ee Ae ue oe ae ea es a acs NOES ae eee es es pee peak a ee A i :i Ca es boa ee 1S ao ee ane ee ae eS eo i oe ees 8 eee a eo Boned Res eae a :pO oe ae oe Ley ya  a  ee oe ee ee ey Sona ae :ee oe oe Blowing ei egy ae eae i ee es pe) ay a es:aN ae eee Oo. oS ay ae ies S oe a Lo ee aes ee ee See on ae eee oe a  aes ice ef aS ::oe Se oe oe ee oe Nel Cet  Bil EDGER NG See a ee a a So aN oes  is ae ee pie aN Steere ie  im Panto as eae : Se eSNG ss Wee ee aoe eee) eee  pees ae ee ates Sus SN VEE oe es Sat ORE ee! a SUES ees Eee ee oe NEE eet oe a a 7 ee a icons See Gay  5! ate Ais a a  oS Sees ee rs eee ore i ene ve] i oe elle a oe iE ee ee oe ee) ee Dee es Sy ees cl ee es Se Boe ae ates oe i ee TUR Sees bane BS ee ee ep War : i  Ned Ree 3 a eee ea fee ad [Bs eet ie :eas Coe ee Aad MEN:nes mene ome oS ee val :Kae es SUS ae hSc ot Se 5 ol ee es one Were eee i ino   ee Soe ee eee es era oe Sl SJUNE sadn ie Pee SN ie eee ee ECG pee ;roe teas oe une 0 a Bis i NEE tl TEV ne ares Us oe ae oe ae 7 Ls RES Ree ease es ae Las  iE aX 2 eee ese SOR Rates  Gay oe ee oe aa SS oe Cats SS ae ey res oe oe pee oe  ale  NG ee  ee eee Se ee ee aes pea NCEE ae Ce ATE:Be es Ses Oe ONES es NT ae ee EME :ae ngs Se ee ie oe oe Ube:a See ees ee ee a EES ae aes oe i CS a aos Tae Sree ee ae ue ee eas poo ViWetmore soe ee ;os ss Sees! Pelee es Sa es ees Wet en 2 es oe eee Sa Aa nee lan:ACRE  eS Fone alc PP Sean ee  Google saute oe ee ee Se Ve Ng:oS et es ens ee Re as oo a cu ee SS ASIN ae oe as ee oe Be Ghee Sos At Ee Seay a vs Le  :es Boe eek STE ) ee rea :ace eo :oa)  oe Be RONG eae Sa eee Reese  7 jee esos ORE:eee Dee oe  ees os oe SS ae eee Oe oe ar sone Bee See a cas ee eee oe ees 6 eee ae See oa Sa a ee ee ae eee eee NN Gs RRC BEERS ES wee  :eed ae Bere RN ee ON ane :ee [eee Ee on chy aed RR oe a    a :2 . ey Ben ARE ee 8 a  eee ae Ge  eS Soe red ae gee an ae ria whe ER OES pce ey es ae aes  ee 2  ee  eee oe See:1S ee ot ee eee e ard macs 7 esJ se hee Nee (reg:eae hip ae BRS. Sas 22 Hom ak Se oe a a oe . 8 LU es ee Contra ee tet ide) Contiac ae oe ae i oe ea 333 phd CANS Sey eee ;cas as oe ees Ae oo yee ee ms a 2 :8 aS eee oe oo oo ee ee oo tive Un ae oe es  WE. 0200005 EM OF ee et ent as Of Soe ee ee eee ee Se ae oe oS ive,Continge ee ee  Active. C ot ee Bedroom:oe es 8 oe :oe eae ee re a3 a ee ee ee eee i Ces son ec ane ae coe ee ae a oS ST Ny,ee re 28  ee a :he ees oes ee :2 ie Baths ees  es es Sel SAA ei Ce oe oe Sy Las Ne Partial es  a ::os Se eo ee ee te CA aa a ee a ee a3 ee a oe List. Dat O28 oF ee ee es ee eas ee 5 PRS ae as ss ee Daysink ding Area ( os Days ee  Building oe . port oR Soe ay ene ee  ;ate ee ee De oe ae ated? ) ee eae oe ee ant Estim oo Current,eS ee es :eo as PANT H HEH oe oe ee So  :ag ere 1S:ee ee ee 2 ee RAY oe ension:S226 Pe Ne 005 ee Cas are es ay:oe eS 15:oe ee ae ee ss Os :es ee oN yes ss Coan date:as ee JM Upda Seas oe Garage ae sue! ee ce Se SG ee oes ee oe eae as ela oe ce ae mee es oe ee er ae oe ae Sees Se ae oe Se MES Benge  oe ee ee a  at oe rade,(spaces: :AVIV 2K  260K  Soe ees ee Sees  ic Soak  es one eae NCC ES So ae oe Contidel Ne ele Boe oe pe 7 _ a Mice AS ae oan ees oe ae NM a ee. ee ee eee oe Orne) oe Yeare Le :sk oo  a a  ee ee ke anes ne ;M:Change 000 oe ee AN 4) oe ae ee oe ees 6 ees es en oes ae a es  ly Se es:oe ee Se a SS See Vi Che ee oe eee oe ee LS ee oe coe es ake Cone eS ee ue 8 ee Bee Be ee ing ee A So. 2 Concrete Block,SS oe a oe oe ae os es zs ee lated See es Os Loe ne ee ee ee ee eee a ee ee inome ee aa tion:ees ee ee poke eS ae es ing Rivers eae . ::;on  bee So ee oe ) iscoversthis ae elcoming oe ORS Sue oe a oe stand we inn acs es ote ae and:Property. ee ee c ce Unitse  an Ce is a tyand:eed 2 a oo inthe. es hoodl:Ce are ber of,Unit ae eee Ge ee fan Mun ge Tae :ees ima Valley chess ees See ee ae ee S oe Point neigt mise Home eatur umber,ye oe ae a   a ee De Baie wae es Rk eee he ae  oe ee ee oe Se oo coe eee :i edrooms,pr ations ee :pe ee as Co ee ee ee fae relaxatio ee oe Oe ee igs See () fon BoA vba coer Snes Bue oo Ss Son Ror Ce Be eae iene ee i :eee ee Ce 2 Te ee eee Spacey lé:sp asis:ae Re ae ee ee ee ee ee Seen 22 amp yt Oe ee oe ee ee os a  y. bedroom Closet:offering ey ae ae Se oe a oe es 912:ee ee 4 Aas ee oe ae me es  prima dois ar an Mic thers ee ee ae  ploutside to:oe. 8 Size es ee oe a ee ee Le ee a oo oe pe ae ee ini as aaa ARES,oe Reserved oe ae eo Soe oe ee cy yon Ls ee oe ee ortunity:ee eae PSU ORE ete ee Boe eee Resourc Housing Opp ins ee  oe oe ee ee ae tors Hou ee oe a eo ee as ee'
2025-05-29 12:12:06 | INFO     | app.utils.extract_fields_util:extract_fields_from_text:107 - Trying (?i)Flood\s+Risk:\s*(\d+) on line: 'ti os ES pees A ee oo Ne fe pe on Se _ Cees ee ree Pee SS  en ee oe eae SO ene ED (3) Aan Cees ae HE ind HWA  SSS EN a ve A SR wae POCKY,AS te CS ES IES ol open ERVICE aA a  ee oo Sd OR ae LE LIS:See earn WRG:Vo ees UET she oP as A) vend Poe ae oe oe 2  2 ee  ee Lil Pen a nd 7 i  a re Nt eee ee wee OF fs Paes Poms:Fo J :ie :  ane (vA LO BO) ee Po ne Ves here    ee eee NG Ge Oe ee Se OES SE oN 0 WU be EN Le  eS Ne Hees AWS 7 AO) a Ad ee a : oe ee 4 Re TAX 10 i Ca es ee ee ee Se :Sone ee Woh) A Cee ey eras ee ee oS  es a ee 7 ,2  a a Vek cis Be ji oe pee os  a a : ee poe Vea CEN eres Rae a ee (6) a 4 391 N oS :ey ae es eis cane MO) oe eee 1D SING! Peeve ee a ae ee ee Ana et 1 oe  ra ep acy EAN ALE deere nee es Se SN oe CE SPT ae sess ER Oe oe O01  ie ae ee aan ee. ons ee :es ae as ee te ee:Pou ess Boy See x OS Demet Ot fs ee Se Peon ee Sse ie ones oe OEBA eta es putas ee Se ot -ee en es ee See eee os PAPE:ee ce Pe i ie ;ot Al :to  pe ae ee Ae ue oe ae ea es a acs NOES ae eee es es pee peak a ee A i :i Ca es boa ee 1S ao ee ane ee ae eS eo i oe ees 8 eee a eo Boned Res eae a :pO oe ae oe Ley ya  a  ee oe ee ee ey Sona ae :ee oe oe Blowing ei egy ae eae i ee es pe) ay a es:aN ae eee Oo. oS ay ae ies S oe a Lo ee aes ee ee See on ae eee oe a  aes ice ef aS ::oe Se oe oe ee oe Nel Cet  Bil EDGER NG See a ee a a So aN oes  is ae ee pie aN Steere ie  im Panto as eae : Se eSNG ss Wee ee aoe eee) eee  pees ae ee ates Sus SN VEE oe es Sat ORE ee! a SUES ees Eee ee oe NEE eet oe a a 7 ee a icons See Gay  5! ate Ais a a  oS Sees ee rs eee ore i ene ve] i oe elle a oe iE ee ee oe ee) ee Dee es Sy ees cl ee es Se Boe ae ates oe i ee TUR Sees bane BS ee ee ep War : i  Ned Ree 3 a eee ea fee ad [Bs eet ie :eas Coe ee Aad MEN:nes mene ome oS ee val :Kae es SUS ae hSc ot Se 5 ol ee es one Were eee i ino   ee Soe ee eee es era oe Sl SJUNE sadn ie Pee SN ie eee ee ECG pee ;roe teas oe une 0 a Bis i NEE tl TEV ne ares Us oe ae oe ae 7 Ls RES Ree ease es ae Las  iE aX 2 eee ese SOR Rates  Gay oe ee oe aa SS oe Cats SS ae ey res oe oe pee oe  ale  NG ee  ee eee Se ee ee aes pea NCEE ae Ce ATE:Be es Ses Oe ONES es NT ae ee EME :ae ngs Se ee ie oe oe Ube:a See ees ee ee a EES ae aes oe i CS a aos Tae Sree ee ae ue ee eas poo ViWetmore soe ee ;os ss Sees! Pelee es Sa es ees Wet en 2 es oe eee Sa Aa nee lan:ACRE  eS Fone alc PP Sean ee  Google saute oe ee ee Se Ve Ng:oS et es ens ee Re as oo a cu ee SS ASIN ae oe as ee oe Be Ghee Sos At Ee Seay a vs Le  :es Boe eek STE ) ee rea :ace eo :oa)  oe Be RONG eae Sa eee Reese  7 jee esos ORE:eee Dee oe  ees os oe SS ae eee Oe oe ar sone Bee See a cas ee eee oe ees 6 eee ae See oa Sa a ee ee ae eee eee NN Gs RRC BEERS ES wee  :eed ae Bere RN ee ON ane :ee [eee Ee on chy aed RR oe a    a :2 . ey Ben ARE ee 8 a  eee ae Ge  eS Soe red ae gee an ae ria whe ER OES pce ey es ae aes  ee 2  ee  eee oe See:1S ee ot ee eee e ard macs 7 esJ se hee Nee (reg:eae hip ae BRS. Sas 22 Hom ak Se oe a a oe . 8 LU es ee Contra ee tet ide) Contiac ae oe ae i oe ea 333 phd CANS Sey eee ;cas as oe ees Ae oo yee ee ms a 2 :8 aS eee oe oo oo ee ee oo tive Un ae oe es  WE. 0200005 EM OF ee et ent as Of Soe ee ee eee ee Se ae oe oS ive,Continge ee ee  Active. C ot ee Bedroom:oe es 8 oe :oe eae ee re a3 a ee ee ee eee i Ces son ec ane ae coe ee ae a oS ST Ny,ee re 28  ee a :he ees oes ee :2 ie Baths ees  es es Sel SAA ei Ce oe oe Sy Las Ne Partial es  a ::os Se eo ee ee te CA aa a ee a ee a3 ee a oe List. Dat O28 oF ee ee es ee eas ee 5 PRS ae as ss ee Daysink ding Area ( os Days ee  Building oe . port oR Soe ay ene ee  ;ate ee ee De oe ae ated? ) ee eae oe ee ant Estim oo Current,eS ee es :eo as PANT H HEH oe oe ee So  :ag ere 1S:ee ee ee 2 ee RAY oe ension:S226 Pe Ne 005 ee Cas are es ay:oe eS 15:oe ee ae ee ss Os :es ee oN yes ss Coan date:as ee JM Upda Seas oe Garage ae sue! ee ce Se SG ee oes ee oe eae as ela oe ce ae mee es oe ee er ae oe ae Sees Se ae oe Se MES Benge  oe ee ee a  at oe rade,(spaces: :AVIV 2K  260K  Soe ees ee Sees  ic Soak  es one eae NCC ES So ae oe Contidel Ne ele Boe oe pe 7 _ a Mice AS ae oan ees oe ae NM a ee. ee ee eee oe Orne) oe Yeare Le :sk oo  a a  ee ee ke anes ne ;M:Change 000 oe ee AN 4) oe ae ee oe ees 6 ees es en oes ae a es  ly Se es:oe ee Se a SS See Vi Che ee oe eee oe ee LS ee oe coe es ake Cone eS ee ue 8 ee Bee Be ee ing ee A So. 2 Concrete Block,SS oe a oe oe ae os es zs ee lated See es Os Loe ne ee ee ee ee eee a ee ee inome ee aa tion:ees ee ee poke eS ae es ing Rivers eae . ::;on  bee So ee oe ) iscoversthis ae elcoming oe ORS Sue oe a oe stand we inn acs es ote ae and:Property. ee ee c ce Unitse  an Ce is a tyand:eed 2 a oo inthe. es hoodl:Ce are ber of,Unit ae eee Ge ee fan Mun ge Tae :ees ima Valley chess ees See ee ae ee S oe Point neigt mise Home eatur umber,ye oe ae a   a ee De Baie wae es Rk eee he ae  oe ee ee oe Se oo coe eee :i edrooms,pr ations ee :pe ee as Co ee ee ee fae relaxatio ee oe Oe ee igs See () fon BoA vba coer Snes Bue oo Ss Son Ror Ce Be eae iene ee i :eee ee Ce 2 Te ee eee Spacey lé:sp asis:ae Re ae ee ee ee ee ee Seen 22 amp yt Oe ee oe ee ee os a  y. bedroom Closet:offering ey ae ae Se oe a oe es 912:ee ee 4 Aas ee oe ae me es  prima dois ar an Mic thers ee ee ae  ploutside to:oe. 8 Size es ee oe a ee ee Le ee a oo oe pe ae ee ini as aaa ARES,oe Reserved oe ae eo Soe oe ee cy yon Ls ee oe ee ortunity:ee eae PSU ORE ete ee Boe eee Resourc Housing Opp ins ee  oe oe ee ee ae tors Hou ee oe a eo ee as ee'
2025-05-29 12:12:06 | INFO     | app.utils.extract_fields_util:extract_fields_from_text:107 - Trying (?i)Zoning:\s*([\w\s.-]+) on line: 'ti os ES pees A ee oo Ne fe pe on Se _ Cees ee ree Pee SS  en ee oe eae SO ene ED (3) Aan Cees ae HE ind HWA  SSS EN a ve A SR wae POCKY,AS te CS ES IES ol open ERVICE aA a  ee oo Sd OR ae LE LIS:See earn WRG:Vo ees UET she oP as A) vend Poe ae oe oe 2  2 ee  ee Lil Pen a nd 7 i  a re Nt eee ee wee OF fs Paes Poms:Fo J :ie :  ane (vA LO BO) ee Po ne Ves here    ee eee NG Ge Oe ee Se OES SE oN 0 WU be EN Le  eS Ne Hees AWS 7 AO) a Ad ee a : oe ee 4 Re TAX 10 i Ca es ee ee ee Se :Sone ee Woh) A Cee ey eras ee ee oS  es a ee 7 ,2  a a Vek cis Be ji oe pee os  a a : ee poe Vea CEN eres Rae a ee (6) a 4 391 N oS :ey ae es eis cane MO) oe eee 1D SING! Peeve ee a ae ee ee Ana et 1 oe  ra ep acy EAN ALE deere nee es Se SN oe CE SPT ae sess ER Oe oe O01  ie ae ee aan ee. ons ee :es ae as ee te ee:Pou ess Boy See x OS Demet Ot fs ee Se Peon ee Sse ie ones oe OEBA eta es putas ee Se ot -ee en es ee See eee os PAPE:ee ce Pe i ie ;ot Al :to  pe ae ee Ae ue oe ae ea es a acs NOES ae eee es es pee peak a ee A i :i Ca es boa ee 1S ao ee ane ee ae eS eo i oe ees 8 eee a eo Boned Res eae a :pO oe ae oe Ley ya  a  ee oe ee ee ey Sona ae :ee oe oe Blowing ei egy ae eae i ee es pe) ay a es:aN ae eee Oo. oS ay ae ies S oe a Lo ee aes ee ee See on ae eee oe a  aes ice ef aS ::oe Se oe oe ee oe Nel Cet  Bil EDGER NG See a ee a a So aN oes  is ae ee pie aN Steere ie  im Panto as eae : Se eSNG ss Wee ee aoe eee) eee  pees ae ee ates Sus SN VEE oe es Sat ORE ee! a SUES ees Eee ee oe NEE eet oe a a 7 ee a icons See Gay  5! ate Ais a a  oS Sees ee rs eee ore i ene ve] i oe elle a oe iE ee ee oe ee) ee Dee es Sy ees cl ee es Se Boe ae ates oe i ee TUR Sees bane BS ee ee ep War : i  Ned Ree 3 a eee ea fee ad [Bs eet ie :eas Coe ee Aad MEN:nes mene ome oS ee val :Kae es SUS ae hSc ot Se 5 ol ee es one Were eee i ino   ee Soe ee eee es era oe Sl SJUNE sadn ie Pee SN ie eee ee ECG pee ;roe teas oe une 0 a Bis i NEE tl TEV ne ares Us oe ae oe ae 7 Ls RES Ree ease es ae Las  iE aX 2 eee ese SOR Rates  Gay oe ee oe aa SS oe Cats SS ae ey res oe oe pee oe  ale  NG ee  ee eee Se ee ee aes pea NCEE ae Ce ATE:Be es Ses Oe ONES es NT ae ee EME :ae ngs Se ee ie oe oe Ube:a See ees ee ee a EES ae aes oe i CS a aos Tae Sree ee ae ue ee eas poo ViWetmore soe ee ;os ss Sees! Pelee es Sa es ees Wet en 2 es oe eee Sa Aa nee lan:ACRE  eS Fone alc PP Sean ee  Google saute oe ee ee Se Ve Ng:oS et es ens ee Re as oo a cu ee SS ASIN ae oe as ee oe Be Ghee Sos At Ee Seay a vs Le  :es Boe eek STE ) ee rea :ace eo :oa)  oe Be RONG eae Sa eee Reese  7 jee esos ORE:eee Dee oe  ees os oe SS ae eee Oe oe ar sone Bee See a cas ee eee oe ees 6 eee ae See oa Sa a ee ee ae eee eee NN Gs RRC BEERS ES wee  :eed ae Bere RN ee ON ane :ee [eee Ee on chy aed RR oe a    a :2 . ey Ben ARE ee 8 a  eee ae Ge  eS Soe red ae gee an ae ria whe ER OES pce ey es ae aes  ee 2  ee  eee oe See:1S ee ot ee eee e ard macs 7 esJ se hee Nee (reg:eae hip ae BRS. Sas 22 Hom ak Se oe a a oe . 8 LU es ee Contra ee tet ide) Contiac ae oe ae i oe ea 333 phd CANS Sey eee ;cas as oe ees Ae oo yee ee ms a 2 :8 aS eee oe oo oo ee ee oo tive Un ae oe es  WE. 0200005 EM OF ee et ent as Of Soe ee ee eee ee Se ae oe oS ive,Continge ee ee  Active. C ot ee Bedroom:oe es 8 oe :oe eae ee re a3 a ee ee ee eee i Ces son ec ane ae coe ee ae a oS ST Ny,ee re 28  ee a :he ees oes ee :2 ie Baths ees  es es Sel SAA ei Ce oe oe Sy Las Ne Partial es  a ::os Se eo ee ee te CA aa a ee a ee a3 ee a oe List. Dat O28 oF ee ee es ee eas ee 5 PRS ae as ss ee Daysink ding Area ( os Days ee  Building oe . port oR Soe ay ene ee  ;ate ee ee De oe ae ated? ) ee eae oe ee ant Estim oo Current,eS ee es :eo as PANT H HEH oe oe ee So  :ag ere 1S:ee ee ee 2 ee RAY oe ension:S226 Pe Ne 005 ee Cas are es ay:oe eS 15:oe ee ae ee ss Os :es ee oN yes ss Coan date:as ee JM Upda Seas oe Garage ae sue! ee ce Se SG ee oes ee oe eae as ela oe ce ae mee es oe ee er ae oe ae Sees Se ae oe Se MES Benge  oe ee ee a  at oe rade,(spaces: :AVIV 2K  260K  Soe ees ee Sees  ic Soak  es one eae NCC ES So ae oe Contidel Ne ele Boe oe pe 7 _ a Mice AS ae oan ees oe ae NM a ee. ee ee eee oe Orne) oe Yeare Le :sk oo  a a  ee ee ke anes ne ;M:Change 000 oe ee AN 4) oe ae ee oe ees 6 ees es en oes ae a es  ly Se es:oe ee Se a SS See Vi Che ee oe eee oe ee LS ee oe coe es ake Cone eS ee ue 8 ee Bee Be ee ing ee A So. 2 Concrete Block,SS oe a oe oe ae os es zs ee lated See es Os Loe ne ee ee ee ee eee a ee ee inome ee aa tion:ees ee ee poke eS ae es ing Rivers eae . ::;on  bee So ee oe ) iscoversthis ae elcoming oe ORS Sue oe a oe stand we inn acs es ote ae and:Property. ee ee c ce Unitse  an Ce is a tyand:eed 2 a oo inthe. es hoodl:Ce are ber of,Unit ae eee Ge ee fan Mun ge Tae :ees ima Valley chess ees See ee ae ee S oe Point neigt mise Home eatur umber,ye oe ae a   a ee De Baie wae es Rk eee he ae  oe ee ee oe Se oo coe eee :i edrooms,pr ations ee :pe ee as Co ee ee ee fae relaxatio ee oe Oe ee igs See () fon BoA vba coer Snes Bue oo Ss Son Ror Ce Be eae iene ee i :eee ee Ce 2 Te ee eee Spacey lé:sp asis:ae Re ae ee ee ee ee ee Seen 22 amp yt Oe ee oe ee ee os a  y. bedroom Closet:offering ey ae ae Se oe a oe es 912:ee ee 4 Aas ee oe ae me es  prima dois ar an Mic thers ee ee ae  ploutside to:oe. 8 Size es ee oe a ee ee Le ee a oo oe pe ae ee ini as aaa ARES,oe Reserved oe ae eo Soe oe ee cy yon Ls ee oe ee ortunity:ee eae PSU ORE ete ee Boe eee Resourc Housing Opp ins ee  oe oe ee ee ae tors Hou ee oe a eo ee as ee'
2025-05-29 12:12:06 | INFO     | app.utils.extract_fields_util:extract_fields_from_text:107 - Trying (?i)-\s*Zoning:\s*([\w\s.-]+) on line: 'ti os ES pees A ee oo Ne fe pe on Se _ Cees ee ree Pee SS  en ee oe eae SO ene ED (3) Aan Cees ae HE ind HWA  SSS EN a ve A SR wae POCKY,AS te CS ES IES ol open ERVICE aA a  ee oo Sd OR ae LE LIS:See earn WRG:Vo ees UET she oP as A) vend Poe ae oe oe 2  2 ee  ee Lil Pen a nd 7 i  a re Nt eee ee wee OF fs Paes Poms:Fo J :ie :  ane (vA LO BO) ee Po ne Ves here    ee eee NG Ge Oe ee Se OES SE oN 0 WU be EN Le  eS Ne Hees AWS 7 AO) a Ad ee a : oe ee 4 Re TAX 10 i Ca es ee ee ee Se :Sone ee Woh) A Cee ey eras ee ee oS  es a ee 7 ,2  a a Vek cis Be ji oe pee os  a a : ee poe Vea CEN eres Rae a ee (6) a 4 391 N oS :ey ae es eis cane MO) oe eee 1D SING! Peeve ee a ae ee ee Ana et 1 oe  ra ep acy EAN ALE deere nee es Se SN oe CE SPT ae sess ER Oe oe O01  ie ae ee aan ee. ons ee :es ae as ee te ee:Pou ess Boy See x OS Demet Ot fs ee Se Peon ee Sse ie ones oe OEBA eta es putas ee Se ot -ee en es ee See eee os PAPE:ee ce Pe i ie ;ot Al :to  pe ae ee Ae ue oe ae ea es a acs NOES ae eee es es pee peak a ee A i :i Ca es boa ee 1S ao ee ane ee ae eS eo i oe ees 8 eee a eo Boned Res eae a :pO oe ae oe Ley ya  a  ee oe ee ee ey Sona ae :ee oe oe Blowing ei egy ae eae i ee es pe) ay a es:aN ae eee Oo. oS ay ae ies S oe a Lo ee aes ee ee See on ae eee oe a  aes ice ef aS ::oe Se oe oe ee oe Nel Cet  Bil EDGER NG See a ee a a So aN oes  is ae ee pie aN Steere ie  im Panto as eae : Se eSNG ss Wee ee aoe eee) eee  pees ae ee ates Sus SN VEE oe es Sat ORE ee! a SUES ees Eee ee oe NEE eet oe a a 7 ee a icons See Gay  5! ate Ais a a  oS Sees ee rs eee ore i ene ve] i oe elle a oe iE ee ee oe ee) ee Dee es Sy ees cl ee es Se Boe ae ates oe i ee TUR Sees bane BS ee ee ep War : i  Ned Ree 3 a eee ea fee ad [Bs eet ie :eas Coe ee Aad MEN:nes mene ome oS ee val :Kae es SUS ae hSc ot Se 5 ol ee es one Were eee i ino   ee Soe ee eee es era oe Sl SJUNE sadn ie Pee SN ie eee ee ECG pee ;roe teas oe une 0 a Bis i NEE tl TEV ne ares Us oe ae oe ae 7 Ls RES Ree ease es ae Las  iE aX 2 eee ese SOR Rates  Gay oe ee oe aa SS oe Cats SS ae ey res oe oe pee oe  ale  NG ee  ee eee Se ee ee aes pea NCEE ae Ce ATE:Be es Ses Oe ONES es NT ae ee EME :ae ngs Se ee ie oe oe Ube:a See ees ee ee a EES ae aes oe i CS a aos Tae Sree ee ae ue ee eas poo ViWetmore soe ee ;os ss Sees! Pelee es Sa es ees Wet en 2 es oe eee Sa Aa nee lan:ACRE  eS Fone alc PP Sean ee  Google saute oe ee ee Se Ve Ng:oS et es ens ee Re as oo a cu ee SS ASIN ae oe as ee oe Be Ghee Sos At Ee Seay a vs Le  :es Boe eek STE ) ee rea :ace eo :oa)  oe Be RONG eae Sa eee Reese  7 jee esos ORE:eee Dee oe  ees os oe SS ae eee Oe oe ar sone Bee See a cas ee eee oe ees 6 eee ae See oa Sa a ee ee ae eee eee NN Gs RRC BEERS ES wee  :eed ae Bere RN ee ON ane :ee [eee Ee on chy aed RR oe a    a :2 . ey Ben ARE ee 8 a  eee ae Ge  eS Soe red ae gee an ae ria whe ER OES pce ey es ae aes  ee 2  ee  eee oe See:1S ee ot ee eee e ard macs 7 esJ se hee Nee (reg:eae hip ae BRS. Sas 22 Hom ak Se oe a a oe . 8 LU es ee Contra ee tet ide) Contiac ae oe ae i oe ea 333 phd CANS Sey eee ;cas as oe ees Ae oo yee ee ms a 2 :8 aS eee oe oo oo ee ee oo tive Un ae oe es  WE. 0200005 EM OF ee et ent as Of Soe ee ee eee ee Se ae oe oS ive,Continge ee ee  Active. C ot ee Bedroom:oe es 8 oe :oe eae ee re a3 a ee ee ee eee i Ces son ec ane ae coe ee ae a oS ST Ny,ee re 28  ee a :he ees oes ee :2 ie Baths ees  es es Sel SAA ei Ce oe oe Sy Las Ne Partial es  a ::os Se eo ee ee te CA aa a ee a ee a3 ee a oe List. Dat O28 oF ee ee es ee eas ee 5 PRS ae as ss ee Daysink ding Area ( os Days ee  Building oe . port oR Soe ay ene ee  ;ate ee ee De oe ae ated? ) ee eae oe ee ant Estim oo Current,eS ee es :eo as PANT H HEH oe oe ee So  :ag ere 1S:ee ee ee 2 ee RAY oe ension:S226 Pe Ne 005 ee Cas are es ay:oe eS 15:oe ee ae ee ss Os :es ee oN yes ss Coan date:as ee JM Upda Seas oe Garage ae sue! ee ce Se SG ee oes ee oe eae as ela oe ce ae mee es oe ee er ae oe ae Sees Se ae oe Se MES Benge  oe ee ee a  at oe rade,(spaces: :AVIV 2K  260K  Soe ees ee Sees  ic Soak  es one eae NCC ES So ae oe Contidel Ne ele Boe oe pe 7 _ a Mice AS ae oan ees oe ae NM a ee. ee ee eee oe Orne) oe Yeare Le :sk oo  a a  ee ee ke anes ne ;M:Change 000 oe ee AN 4) oe ae ee oe ees 6 ees es en oes ae a es  ly Se es:oe ee Se a SS See Vi Che ee oe eee oe ee LS ee oe coe es ake Cone eS ee ue 8 ee Bee Be ee ing ee A So. 2 Concrete Block,SS oe a oe oe ae os es zs ee lated See es Os Loe ne ee ee ee ee eee a ee ee inome ee aa tion:ees ee ee poke eS ae es ing Rivers eae . ::;on  bee So ee oe ) iscoversthis ae elcoming oe ORS Sue oe a oe stand we inn acs es ote ae and:Property. ee ee c ce Unitse  an Ce is a tyand:eed 2 a oo inthe. es hoodl:Ce are ber of,Unit ae eee Ge ee fan Mun ge Tae :ees ima Valley chess ees See ee ae ee S oe Point neigt mise Home eatur umber,ye oe ae a   a ee De Baie wae es Rk eee he ae  oe ee ee oe Se oo coe eee :i edrooms,pr ations ee :pe ee as Co ee ee ee fae relaxatio ee oe Oe ee igs See () fon BoA vba coer Snes Bue oo Ss Son Ror Ce Be eae iene ee i :eee ee Ce 2 Te ee eee Spacey lé:sp asis:ae Re ae ee ee ee ee ee Seen 22 amp yt Oe ee oe ee ee os a  y. bedroom Closet:offering ey ae ae Se oe a oe es 912:ee ee 4 Aas ee oe ae me es  prima dois ar an Mic thers ee ee ae  ploutside to:oe. 8 Size es ee oe a ee ee Le ee a oo oe pe ae ee ini as aaa ARES,oe Reserved oe ae eo Soe oe ee cy yon Ls ee oe ee ortunity:ee eae PSU ORE ete ee Boe eee Resourc Housing Opp ins ee  oe oe ee ee ae tors Hou ee oe a eo ee as ee'
2025-05-29 12:12:06 | INFO     | app.utils.extract_fields_util:extract_fields_from_text:107 - Trying (?i)Zoning\s+Record:\s*([\w\s.-]+) on line: 'ti os ES pees A ee oo Ne fe pe on Se _ Cees ee ree Pee SS  en ee oe eae SO ene ED (3) Aan Cees ae HE ind HWA  SSS EN a ve A SR wae POCKY,AS te CS ES IES ol open ERVICE aA a  ee oo Sd OR ae LE LIS:See earn WRG:Vo ees UET she oP as A) vend Poe ae oe oe 2  2 ee  ee Lil Pen a nd 7 i  a re Nt eee ee wee OF fs Paes Poms:Fo J :ie :  ane (vA LO BO) ee Po ne Ves here    ee eee NG Ge Oe ee Se OES SE oN 0 WU be EN Le  eS Ne Hees AWS 7 AO) a Ad ee a : oe ee 4 Re TAX 10 i Ca es ee ee ee Se :Sone ee Woh) A Cee ey eras ee ee oS  es a ee 7 ,2  a a Vek cis Be ji oe pee os  a a : ee poe Vea CEN eres Rae a ee (6) a 4 391 N oS :ey ae es eis cane MO) oe eee 1D SING! Peeve ee a ae ee ee Ana et 1 oe  ra ep acy EAN ALE deere nee es Se SN oe CE SPT ae sess ER Oe oe O01  ie ae ee aan ee. ons ee :es ae as ee te ee:Pou ess Boy See x OS Demet Ot fs ee Se Peon ee Sse ie ones oe OEBA eta es putas ee Se ot -ee en es ee See eee os PAPE:ee ce Pe i ie ;ot Al :to  pe ae ee Ae ue oe ae ea es a acs NOES ae eee es es pee peak a ee A i :i Ca es boa ee 1S ao ee ane ee ae eS eo i oe ees 8 eee a eo Boned Res eae a :pO oe ae oe Ley ya  a  ee oe ee ee ey Sona ae :ee oe oe Blowing ei egy ae eae i ee es pe) ay a es:aN ae eee Oo. oS ay ae ies S oe a Lo ee aes ee ee See on ae eee oe a  aes ice ef aS ::oe Se oe oe ee oe Nel Cet  Bil EDGER NG See a ee a a So aN oes  is ae ee pie aN Steere ie  im Panto as eae : Se eSNG ss Wee ee aoe eee) eee  pees ae ee ates Sus SN VEE oe es Sat ORE ee! a SUES ees Eee ee oe NEE eet oe a a 7 ee a icons See Gay  5! ate Ais a a  oS Sees ee rs eee ore i ene ve] i oe elle a oe iE ee ee oe ee) ee Dee es Sy ees cl ee es Se Boe ae ates oe i ee TUR Sees bane BS ee ee ep War : i  Ned Ree 3 a eee ea fee ad [Bs eet ie :eas Coe ee Aad MEN:nes mene ome oS ee val :Kae es SUS ae hSc ot Se 5 ol ee es one Were eee i ino   ee Soe ee eee es era oe Sl SJUNE sadn ie Pee SN ie eee ee ECG pee ;roe teas oe une 0 a Bis i NEE tl TEV ne ares Us oe ae oe ae 7 Ls RES Ree ease es ae Las  iE aX 2 eee ese SOR Rates  Gay oe ee oe aa SS oe Cats SS ae ey res oe oe pee oe  ale  NG ee  ee eee Se ee ee aes pea NCEE ae Ce ATE:Be es Ses Oe ONES es NT ae ee EME :ae ngs Se ee ie oe oe Ube:a See ees ee ee a EES ae aes oe i CS a aos Tae Sree ee ae ue ee eas poo ViWetmore soe ee ;os ss Sees! Pelee es Sa es ees Wet en 2 es oe eee Sa Aa nee lan:ACRE  eS Fone alc PP Sean ee  Google saute oe ee ee Se Ve Ng:oS et es ens ee Re as oo a cu ee SS ASIN ae oe as ee oe Be Ghee Sos At Ee Seay a vs Le  :es Boe eek STE ) ee rea :ace eo :oa)  oe Be RONG eae Sa eee Reese  7 jee esos ORE:eee Dee oe  ees os oe SS ae eee Oe oe ar sone Bee See a cas ee eee oe ees 6 eee ae See oa Sa a ee ee ae eee eee NN Gs RRC BEERS ES wee  :eed ae Bere RN ee ON ane :ee [eee Ee on chy aed RR oe a    a :2 . ey Ben ARE ee 8 a  eee ae Ge  eS Soe red ae gee an ae ria whe ER OES pce ey es ae aes  ee 2  ee  eee oe See:1S ee ot ee eee e ard macs 7 esJ se hee Nee (reg:eae hip ae BRS. Sas 22 Hom ak Se oe a a oe . 8 LU es ee Contra ee tet ide) Contiac ae oe ae i oe ea 333 phd CANS Sey eee ;cas as oe ees Ae oo yee ee ms a 2 :8 aS eee oe oo oo ee ee oo tive Un ae oe es  WE. 0200005 EM OF ee et ent as Of Soe ee ee eee ee Se ae oe oS ive,Continge ee ee  Active. C ot ee Bedroom:oe es 8 oe :oe eae ee re a3 a ee ee ee eee i Ces son ec ane ae coe ee ae a oS ST Ny,ee re 28  ee a :he ees oes ee :2 ie Baths ees  es es Sel SAA ei Ce oe oe Sy Las Ne Partial es  a ::os Se eo ee ee te CA aa a ee a ee a3 ee a oe List. Dat O28 oF ee ee es ee eas ee 5 PRS ae as ss ee Daysink ding Area ( os Days ee  Building oe . port oR Soe ay ene ee  ;ate ee ee De oe ae ated? ) ee eae oe ee ant Estim oo Current,eS ee es :eo as PANT H HEH oe oe ee So  :ag ere 1S:ee ee ee 2 ee RAY oe ension:S226 Pe Ne 005 ee Cas are es ay:oe eS 15:oe ee ae ee ss Os :es ee oN yes ss Coan date:as ee JM Upda Seas oe Garage ae sue! ee ce Se SG ee oes ee oe eae as ela oe ce ae mee es oe ee er ae oe ae Sees Se ae oe Se MES Benge  oe ee ee a  at oe rade,(spaces: :AVIV 2K  260K  Soe ees ee Sees  ic Soak  es one eae NCC ES So ae oe Contidel Ne ele Boe oe pe 7 _ a Mice AS ae oan ees oe ae NM a ee. ee ee eee oe Orne) oe Yeare Le :sk oo  a a  ee ee ke anes ne ;M:Change 000 oe ee AN 4) oe ae ee oe ees 6 ees es en oes ae a es  ly Se es:oe ee Se a SS See Vi Che ee oe eee oe ee LS ee oe coe es ake Cone eS ee ue 8 ee Bee Be ee ing ee A So. 2 Concrete Block,SS oe a oe oe ae os es zs ee lated See es Os Loe ne ee ee ee ee eee a ee ee inome ee aa tion:ees ee ee poke eS ae es ing Rivers eae . ::;on  bee So ee oe ) iscoversthis ae elcoming oe ORS Sue oe a oe stand we inn acs es ote ae and:Property. ee ee c ce Unitse  an Ce is a tyand:eed 2 a oo inthe. es hoodl:Ce are ber of,Unit ae eee Ge ee fan Mun ge Tae :ees ima Valley chess ees See ee ae ee S oe Point neigt mise Home eatur umber,ye oe ae a   a ee De Baie wae es Rk eee he ae  oe ee ee oe Se oo coe eee :i edrooms,pr ations ee :pe ee as Co ee ee ee fae relaxatio ee oe Oe ee igs See () fon BoA vba coer Snes Bue oo Ss Son Ror Ce Be eae iene ee i :eee ee Ce 2 Te ee eee Spacey lé:sp asis:ae Re ae ee ee ee ee ee Seen 22 amp yt Oe ee oe ee ee os a  y. bedroom Closet:offering ey ae ae Se oe a oe es 912:ee ee 4 Aas ee oe ae me es  prima dois ar an Mic thers ee ee ae  ploutside to:oe. 8 Size es ee oe a ee ee Le ee a oo oe pe ae ee ini as aaa ARES,oe Reserved oe ae eo Soe oe ee cy yon Ls ee oe ee ortunity:ee eae PSU ORE ete ee Boe eee Resourc Housing Opp ins ee  oe oe ee ee ae tors Hou ee oe a eo ee as ee'
2025-05-29 12:12:06 | INFO     | app.utils.extract_fields_util:extract_fields_from_text:107 - Trying (?i)Outdated\s+Tax\s+Delta:\s*([\d%]+) on line: 'ti os ES pees A ee oo Ne fe pe on Se _ Cees ee ree Pee SS  en ee oe eae SO ene ED (3) Aan Cees ae HE ind HWA  SSS EN a ve A SR wae POCKY,AS te CS ES IES ol open ERVICE aA a  ee oo Sd OR ae LE LIS:See earn WRG:Vo ees UET she oP as A) vend Poe ae oe oe 2  2 ee  ee Lil Pen a nd 7 i  a re Nt eee ee wee OF fs Paes Poms:Fo J :ie :  ane (vA LO BO) ee Po ne Ves here    ee eee NG Ge Oe ee Se OES SE oN 0 WU be EN Le  eS Ne Hees AWS 7 AO) a Ad ee a : oe ee 4 Re TAX 10 i Ca es ee ee ee Se :Sone ee Woh) A Cee ey eras ee ee oS  es a ee 7 ,2  a a Vek cis Be ji oe pee os  a a : ee poe Vea CEN eres Rae a ee (6) a 4 391 N oS :ey ae es eis cane MO) oe eee 1D SING! Peeve ee a ae ee ee Ana et 1 oe  ra ep acy EAN ALE deere nee es Se SN oe CE SPT ae sess ER Oe oe O01  ie ae ee aan ee. ons ee :es ae as ee te ee:Pou ess Boy See x OS Demet Ot fs ee Se Peon ee Sse ie ones oe OEBA eta es putas ee Se ot -ee en es ee See eee os PAPE:ee ce Pe i ie ;ot Al :to  pe ae ee Ae ue oe ae ea es a acs NOES ae eee es es pee peak a ee A i :i Ca es boa ee 1S ao ee ane ee ae eS eo i oe ees 8 eee a eo Boned Res eae a :pO oe ae oe Ley ya  a  ee oe ee ee ey Sona ae :ee oe oe Blowing ei egy ae eae i ee es pe) ay a es:aN ae eee Oo. oS ay ae ies S oe a Lo ee aes ee ee See on ae eee oe a  aes ice ef aS ::oe Se oe oe ee oe Nel Cet  Bil EDGER NG See a ee a a So aN oes  is ae ee pie aN Steere ie  im Panto as eae : Se eSNG ss Wee ee aoe eee) eee  pees ae ee ates Sus SN VEE oe es Sat ORE ee! a SUES ees Eee ee oe NEE eet oe a a 7 ee a icons See Gay  5! ate Ais a a  oS Sees ee rs eee ore i ene ve] i oe elle a oe iE ee ee oe ee) ee Dee es Sy ees cl ee es Se Boe ae ates oe i ee TUR Sees bane BS ee ee ep War : i  Ned Ree 3 a eee ea fee ad [Bs eet ie :eas Coe ee Aad MEN:nes mene ome oS ee val :Kae es SUS ae hSc ot Se 5 ol ee es one Were eee i ino   ee Soe ee eee es era oe Sl SJUNE sadn ie Pee SN ie eee ee ECG pee ;roe teas oe une 0 a Bis i NEE tl TEV ne ares Us oe ae oe ae 7 Ls RES Ree ease es ae Las  iE aX 2 eee ese SOR Rates  Gay oe ee oe aa SS oe Cats SS ae ey res oe oe pee oe  ale  NG ee  ee eee Se ee ee aes pea NCEE ae Ce ATE:Be es Ses Oe ONES es NT ae ee EME :ae ngs Se ee ie oe oe Ube:a See ees ee ee a EES ae aes oe i CS a aos Tae Sree ee ae ue ee eas poo ViWetmore soe ee ;os ss Sees! Pelee es Sa es ees Wet en 2 es oe eee Sa Aa nee lan:ACRE  eS Fone alc PP Sean ee  Google saute oe ee ee Se Ve Ng:oS et es ens ee Re as oo a cu ee SS ASIN ae oe as ee oe Be Ghee Sos At Ee Seay a vs Le  :es Boe eek STE ) ee rea :ace eo :oa)  oe Be RONG eae Sa eee Reese  7 jee esos ORE:eee Dee oe  ees os oe SS ae eee Oe oe ar sone Bee See a cas ee eee oe ees 6 eee ae See oa Sa a ee ee ae eee eee NN Gs RRC BEERS ES wee  :eed ae Bere RN ee ON ane :ee [eee Ee on chy aed RR oe a    a :2 . ey Ben ARE ee 8 a  eee ae Ge  eS Soe red ae gee an ae ria whe ER OES pce ey es ae aes  ee 2  ee  eee oe See:1S ee ot ee eee e ard macs 7 esJ se hee Nee (reg:eae hip ae BRS. Sas 22 Hom ak Se oe a a oe . 8 LU es ee Contra ee tet ide) Contiac ae oe ae i oe ea 333 phd CANS Sey eee ;cas as oe ees Ae oo yee ee ms a 2 :8 aS eee oe oo oo ee ee oo tive Un ae oe es  WE. 0200005 EM OF ee et ent as Of Soe ee ee eee ee Se ae oe oS ive,Continge ee ee  Active. C ot ee Bedroom:oe es 8 oe :oe eae ee re a3 a ee ee ee eee i Ces son ec ane ae coe ee ae a oS ST Ny,ee re 28  ee a :he ees oes ee :2 ie Baths ees  es es Sel SAA ei Ce oe oe Sy Las Ne Partial es  a ::os Se eo ee ee te CA aa a ee a ee a3 ee a oe List. Dat O28 oF ee ee es ee eas ee 5 PRS ae as ss ee Daysink ding Area ( os Days ee  Building oe . port oR Soe ay ene ee  ;ate ee ee De oe ae ated? ) ee eae oe ee ant Estim oo Current,eS ee es :eo as PANT H HEH oe oe ee So  :ag ere 1S:ee ee ee 2 ee RAY oe ension:S226 Pe Ne 005 ee Cas are es ay:oe eS 15:oe ee ae ee ss Os :es ee oN yes ss Coan date:as ee JM Upda Seas oe Garage ae sue! ee ce Se SG ee oes ee oe eae as ela oe ce ae mee es oe ee er ae oe ae Sees Se ae oe Se MES Benge  oe ee ee a  at oe rade,(spaces: :AVIV 2K  260K  Soe ees ee Sees  ic Soak  es one eae NCC ES So ae oe Contidel Ne ele Boe oe pe 7 _ a Mice AS ae oan ees oe ae NM a ee. ee ee eee oe Orne) oe Yeare Le :sk oo  a a  ee ee ke anes ne ;M:Change 000 oe ee AN 4) oe ae ee oe ees 6 ees es en oes ae a es  ly Se es:oe ee Se a SS See Vi Che ee oe eee oe ee LS ee oe coe es ake Cone eS ee ue 8 ee Bee Be ee ing ee A So. 2 Concrete Block,SS oe a oe oe ae os es zs ee lated See es Os Loe ne ee ee ee ee eee a ee ee inome ee aa tion:ees ee ee poke eS ae es ing Rivers eae . ::;on  bee So ee oe ) iscoversthis ae elcoming oe ORS Sue oe a oe stand we inn acs es ote ae and:Property. ee ee c ce Unitse  an Ce is a tyand:eed 2 a oo inthe. es hoodl:Ce are ber of,Unit ae eee Ge ee fan Mun ge Tae :ees ima Valley chess ees See ee ae ee S oe Point neigt mise Home eatur umber,ye oe ae a   a ee De Baie wae es Rk eee he ae  oe ee ee oe Se oo coe eee :i edrooms,pr ations ee :pe ee as Co ee ee ee fae relaxatio ee oe Oe ee igs See () fon BoA vba coer Snes Bue oo Ss Son Ror Ce Be eae iene ee i :eee ee Ce 2 Te ee eee Spacey lé:sp asis:ae Re ae ee ee ee ee ee Seen 22 amp yt Oe ee oe ee ee os a  y. bedroom Closet:offering ey ae ae Se oe a oe es 912:ee ee 4 Aas ee oe ae me es  prima dois ar an Mic thers ee ee ae  ploutside to:oe. 8 Size es ee oe a ee ee Le ee a oo oe pe ae ee ini as aaa ARES,oe Reserved oe ae eo Soe oe ee cy yon Ls ee oe ee ortunity:ee eae PSU ORE ete ee Boe eee Resourc Housing Opp ins ee  oe oe ee ee ae tors Hou ee oe a eo ee as ee'
2025-05-29 12:12:06 | INFO     | app.utils.extract_fields_util:extract_fields_from_text:107 - Trying (?i)-\s*Outdated\s+Tax\s+Delta:\s*([\d%]+) on line: 'ti os ES pees A ee oo Ne fe pe on Se _ Cees ee ree Pee SS  en ee oe eae SO ene ED (3) Aan Cees ae HE ind HWA  SSS EN a ve A SR wae POCKY,AS te CS ES IES ol open ERVICE aA a  ee oo Sd OR ae LE LIS:See earn WRG:Vo ees UET she oP as A) vend Poe ae oe oe 2  2 ee  ee Lil Pen a nd 7 i  a re Nt eee ee wee OF fs Paes Poms:Fo J :ie :  ane (vA LO BO) ee Po ne Ves here    ee eee NG Ge Oe ee Se OES SE oN 0 WU be EN Le  eS Ne Hees AWS 7 AO) a Ad ee a : oe ee 4 Re TAX 10 i Ca es ee ee ee Se :Sone ee Woh) A Cee ey eras ee ee oS  es a ee 7 ,2  a a Vek cis Be ji oe pee os  a a : ee poe Vea CEN eres Rae a ee (6) a 4 391 N oS :ey ae es eis cane MO) oe eee 1D SING! Peeve ee a ae ee ee Ana et 1 oe  ra ep acy EAN ALE deere nee es Se SN oe CE SPT ae sess ER Oe oe O01  ie ae ee aan ee. ons ee :es ae as ee te ee:Pou ess Boy See x OS Demet Ot fs ee Se Peon ee Sse ie ones oe OEBA eta es putas ee Se ot -ee en es ee See eee os PAPE:ee ce Pe i ie ;ot Al :to  pe ae ee Ae ue oe ae ea es a acs NOES ae eee es es pee peak a ee A i :i Ca es boa ee 1S ao ee ane ee ae eS eo i oe ees 8 eee a eo Boned Res eae a :pO oe ae oe Ley ya  a  ee oe ee ee ey Sona ae :ee oe oe Blowing ei egy ae eae i ee es pe) ay a es:aN ae eee Oo. oS ay ae ies S oe a Lo ee aes ee ee See on ae eee oe a  aes ice ef aS ::oe Se oe oe ee oe Nel Cet  Bil EDGER NG See a ee a a So aN oes  is ae ee pie aN Steere ie  im Panto as eae : Se eSNG ss Wee ee aoe eee) eee  pees ae ee ates Sus SN VEE oe es Sat ORE ee! a SUES ees Eee ee oe NEE eet oe a a 7 ee a icons See Gay  5! ate Ais a a  oS Sees ee rs eee ore i ene ve] i oe elle a oe iE ee ee oe ee) ee Dee es Sy ees cl ee es Se Boe ae ates oe i ee TUR Sees bane BS ee ee ep War : i  Ned Ree 3 a eee ea fee ad [Bs eet ie :eas Coe ee Aad MEN:nes mene ome oS ee val :Kae es SUS ae hSc ot Se 5 ol ee es one Were eee i ino   ee Soe ee eee es era oe Sl SJUNE sadn ie Pee SN ie eee ee ECG pee ;roe teas oe une 0 a Bis i NEE tl TEV ne ares Us oe ae oe ae 7 Ls RES Ree ease es ae Las  iE aX 2 eee ese SOR Rates  Gay oe ee oe aa SS oe Cats SS ae ey res oe oe pee oe  ale  NG ee  ee eee Se ee ee aes pea NCEE ae Ce ATE:Be es Ses Oe ONES es NT ae ee EME :ae ngs Se ee ie oe oe Ube:a See ees ee ee a EES ae aes oe i CS a aos Tae Sree ee ae ue ee eas poo ViWetmore soe ee ;os ss Sees! Pelee es Sa es ees Wet en 2 es oe eee Sa Aa nee lan:ACRE  eS Fone alc PP Sean ee  Google saute oe ee ee Se Ve Ng:oS et es ens ee Re as oo a cu ee SS ASIN ae oe as ee oe Be Ghee Sos At Ee Seay a vs Le  :es Boe eek STE ) ee rea :ace eo :oa)  oe Be RONG eae Sa eee Reese  7 jee esos ORE:eee Dee oe  ees os oe SS ae eee Oe oe ar sone Bee See a cas ee eee oe ees 6 eee ae See oa Sa a ee ee ae eee eee NN Gs RRC BEERS ES wee  :eed ae Bere RN ee ON ane :ee [eee Ee on chy aed RR oe a    a :2 . ey Ben ARE ee 8 a  eee ae Ge  eS Soe red ae gee an ae ria whe ER OES pce ey es ae aes  ee 2  ee  eee oe See:1S ee ot ee eee e ard macs 7 esJ se hee Nee (reg:eae hip ae BRS. Sas 22 Hom ak Se oe a a oe . 8 LU es ee Contra ee tet ide) Contiac ae oe ae i oe ea 333 phd CANS Sey eee ;cas as oe ees Ae oo yee ee ms a 2 :8 aS eee oe oo oo ee ee oo tive Un ae oe es  WE. 0200005 EM OF ee et ent as Of Soe ee ee eee ee Se ae oe oS ive,Continge ee ee  Active. C ot ee Bedroom:oe es 8 oe :oe eae ee re a3 a ee ee ee eee i Ces son ec ane ae coe ee ae a oS ST Ny,ee re 28  ee a :he ees oes ee :2 ie Baths ees  es es Sel SAA ei Ce oe oe Sy Las Ne Partial es  a ::os Se eo ee ee te CA aa a ee a ee a3 ee a oe List. Dat O28 oF ee ee es ee eas ee 5 PRS ae as ss ee Daysink ding Area ( os Days ee  Building oe . port oR Soe ay ene ee  ;ate ee ee De oe ae ated? ) ee eae oe ee ant Estim oo Current,eS ee es :eo as PANT H HEH oe oe ee So  :ag ere 1S:ee ee ee 2 ee RAY oe ension:S226 Pe Ne 005 ee Cas are es ay:oe eS 15:oe ee ae ee ss Os :es ee oN yes ss Coan date:as ee JM Upda Seas oe Garage ae sue! ee ce Se SG ee oes ee oe eae as ela oe ce ae mee es oe ee er ae oe ae Sees Se ae oe Se MES Benge  oe ee ee a  at oe rade,(spaces: :AVIV 2K  260K  Soe ees ee Sees  ic Soak  es one eae NCC ES So ae oe Contidel Ne ele Boe oe pe 7 _ a Mice AS ae oan ees oe ae NM a ee. ee ee eee oe Orne) oe Yeare Le :sk oo  a a  ee ee ke anes ne ;M:Change 000 oe ee AN 4) oe ae ee oe ees 6 ees es en oes ae a es  ly Se es:oe ee Se a SS See Vi Che ee oe eee oe ee LS ee oe coe es ake Cone eS ee ue 8 ee Bee Be ee ing ee A So. 2 Concrete Block,SS oe a oe oe ae os es zs ee lated See es Os Loe ne ee ee ee ee eee a ee ee inome ee aa tion:ees ee ee poke eS ae es ing Rivers eae . ::;on  bee So ee oe ) iscoversthis ae elcoming oe ORS Sue oe a oe stand we inn acs es ote ae and:Property. ee ee c ce Unitse  an Ce is a tyand:eed 2 a oo inthe. es hoodl:Ce are ber of,Unit ae eee Ge ee fan Mun ge Tae :ees ima Valley chess ees See ee ae ee S oe Point neigt mise Home eatur umber,ye oe ae a   a ee De Baie wae es Rk eee he ae  oe ee ee oe Se oo coe eee :i edrooms,pr ations ee :pe ee as Co ee ee ee fae relaxatio ee oe Oe ee igs See () fon BoA vba coer Snes Bue oo Ss Son Ror Ce Be eae iene ee i :eee ee Ce 2 Te ee eee Spacey lé:sp asis:ae Re ae ee ee ee ee ee Seen 22 amp yt Oe ee oe ee ee os a  y. bedroom Closet:offering ey ae ae Se oe a oe es 912:ee ee 4 Aas ee oe ae me es  prima dois ar an Mic thers ee ee ae  ploutside to:oe. 8 Size es ee oe a ee ee Le ee a oo oe pe ae ee ini as aaa ARES,oe Reserved oe ae eo Soe oe ee cy yon Ls ee oe ee ortunity:ee eae PSU ORE ete ee Boe eee Resourc Housing Opp ins ee  oe oe ee ee ae tors Hou ee oe a eo ee as ee'
2025-05-29 12:12:06 | INFO     | app.utils.extract_fields_util:extract_fields_from_text:107 - Trying (?i)Tax\s+Delta:\s*([\d%]+) on line: 'ti os ES pees A ee oo Ne fe pe on Se _ Cees ee ree Pee SS  en ee oe eae SO ene ED (3) Aan Cees ae HE ind HWA  SSS EN a ve A SR wae POCKY,AS te CS ES IES ol open ERVICE aA a  ee oo Sd OR ae LE LIS:See earn WRG:Vo ees UET she oP as A) vend Poe ae oe oe 2  2 ee  ee Lil Pen a nd 7 i  a re Nt eee ee wee OF fs Paes Poms:Fo J :ie :  ane (vA LO BO) ee Po ne Ves here    ee eee NG Ge Oe ee Se OES SE oN 0 WU be EN Le  eS Ne Hees AWS 7 AO) a Ad ee a : oe ee 4 Re TAX 10 i Ca es ee ee ee Se :Sone ee Woh) A Cee ey eras ee ee oS  es a ee 7 ,2  a a Vek cis Be ji oe pee os  a a : ee poe Vea CEN eres Rae a ee (6) a 4 391 N oS :ey ae es eis cane MO) oe eee 1D SING! Peeve ee a ae ee ee Ana et 1 oe  ra ep acy EAN ALE deere nee es Se SN oe CE SPT ae sess ER Oe oe O01  ie ae ee aan ee. ons ee :es ae as ee te ee:Pou ess Boy See x OS Demet Ot fs ee Se Peon ee Sse ie ones oe OEBA eta es putas ee Se ot -ee en es ee See eee os PAPE:ee ce Pe i ie ;ot Al :to  pe ae ee Ae ue oe ae ea es a acs NOES ae eee es es pee peak a ee A i :i Ca es boa ee 1S ao ee ane ee ae eS eo i oe ees 8 eee a eo Boned Res eae a :pO oe ae oe Ley ya  a  ee oe ee ee ey Sona ae :ee oe oe Blowing ei egy ae eae i ee es pe) ay a es:aN ae eee Oo. oS ay ae ies S oe a Lo ee aes ee ee See on ae eee oe a  aes ice ef aS ::oe Se oe oe ee oe Nel Cet  Bil EDGER NG See a ee a a So aN oes  is ae ee pie aN Steere ie  im Panto as eae : Se eSNG ss Wee ee aoe eee) eee  pees ae ee ates Sus SN VEE oe es Sat ORE ee! a SUES ees Eee ee oe NEE eet oe a a 7 ee a icons See Gay  5! ate Ais a a  oS Sees ee rs eee ore i ene ve] i oe elle a oe iE ee ee oe ee) ee Dee es Sy ees cl ee es Se Boe ae ates oe i ee TUR Sees bane BS ee ee ep War : i  Ned Ree 3 a eee ea fee ad [Bs eet ie :eas Coe ee Aad MEN:nes mene ome oS ee val :Kae es SUS ae hSc ot Se 5 ol ee es one Were eee i ino   ee Soe ee eee es era oe Sl SJUNE sadn ie Pee SN ie eee ee ECG pee ;roe teas oe une 0 a Bis i NEE tl TEV ne ares Us oe ae oe ae 7 Ls RES Ree ease es ae Las  iE aX 2 eee ese SOR Rates  Gay oe ee oe aa SS oe Cats SS ae ey res oe oe pee oe  ale  NG ee  ee eee Se ee ee aes pea NCEE ae Ce ATE:Be es Ses Oe ONES es NT ae ee EME :ae ngs Se ee ie oe oe Ube:a See ees ee ee a EES ae aes oe i CS a aos Tae Sree ee ae ue ee eas poo ViWetmore soe ee ;os ss Sees! Pelee es Sa es ees Wet en 2 es oe eee Sa Aa nee lan:ACRE  eS Fone alc PP Sean ee  Google saute oe ee ee Se Ve Ng:oS et es ens ee Re as oo a cu ee SS ASIN ae oe as ee oe Be Ghee Sos At Ee Seay a vs Le  :es Boe eek STE ) ee rea :ace eo :oa)  oe Be RONG eae Sa eee Reese  7 jee esos ORE:eee Dee oe  ees os oe SS ae eee Oe oe ar sone Bee See a cas ee eee oe ees 6 eee ae See oa Sa a ee ee ae eee eee NN Gs RRC BEERS ES wee  :eed ae Bere RN ee ON ane :ee [eee Ee on chy aed RR oe a    a :2 . ey Ben ARE ee 8 a  eee ae Ge  eS Soe red ae gee an ae ria whe ER OES pce ey es ae aes  ee 2  ee  eee oe See:1S ee ot ee eee e ard macs 7 esJ se hee Nee (reg:eae hip ae BRS. Sas 22 Hom ak Se oe a a oe . 8 LU es ee Contra ee tet ide) Contiac ae oe ae i oe ea 333 phd CANS Sey eee ;cas as oe ees Ae oo yee ee ms a 2 :8 aS eee oe oo oo ee ee oo tive Un ae oe es  WE. 0200005 EM OF ee et ent as Of Soe ee ee eee ee Se ae oe oS ive,Continge ee ee  Active. C ot ee Bedroom:oe es 8 oe :oe eae ee re a3 a ee ee ee eee i Ces son ec ane ae coe ee ae a oS ST Ny,ee re 28  ee a :he ees oes ee :2 ie Baths ees  es es Sel SAA ei Ce oe oe Sy Las Ne Partial es  a ::os Se eo ee ee te CA aa a ee a ee a3 ee a oe List. Dat O28 oF ee ee es ee eas ee 5 PRS ae as ss ee Daysink ding Area ( os Days ee  Building oe . port oR Soe ay ene ee  ;ate ee ee De oe ae ated? ) ee eae oe ee ant Estim oo Current,eS ee es :eo as PANT H HEH oe oe ee So  :ag ere 1S:ee ee ee 2 ee RAY oe ension:S226 Pe Ne 005 ee Cas are es ay:oe eS 15:oe ee ae ee ss Os :es ee oN yes ss Coan date:as ee JM Upda Seas oe Garage ae sue! ee ce Se SG ee oes ee oe eae as ela oe ce ae mee es oe ee er ae oe ae Sees Se ae oe Se MES Benge  oe ee ee a  at oe rade,(spaces: :AVIV 2K  260K  Soe ees ee Sees  ic Soak  es one eae NCC ES So ae oe Contidel Ne ele Boe oe pe 7 _ a Mice AS ae oan ees oe ae NM a ee. ee ee eee oe Orne) oe Yeare Le :sk oo  a a  ee ee ke anes ne ;M:Change 000 oe ee AN 4) oe ae ee oe ees 6 ees es en oes ae a es  ly Se es:oe ee Se a SS See Vi Che ee oe eee oe ee LS ee oe coe es ake Cone eS ee ue 8 ee Bee Be ee ing ee A So. 2 Concrete Block,SS oe a oe oe ae os es zs ee lated See es Os Loe ne ee ee ee ee eee a ee ee inome ee aa tion:ees ee ee poke eS ae es ing Rivers eae . ::;on  bee So ee oe ) iscoversthis ae elcoming oe ORS Sue oe a oe stand we inn acs es ote ae and:Property. ee ee c ce Unitse  an Ce is a tyand:eed 2 a oo inthe. es hoodl:Ce are ber of,Unit ae eee Ge ee fan Mun ge Tae :ees ima Valley chess ees See ee ae ee S oe Point neigt mise Home eatur umber,ye oe ae a   a ee De Baie wae es Rk eee he ae  oe ee ee oe Se oo coe eee :i edrooms,pr ations ee :pe ee as Co ee ee ee fae relaxatio ee oe Oe ee igs See () fon BoA vba coer Snes Bue oo Ss Son Ror Ce Be eae iene ee i :eee ee Ce 2 Te ee eee Spacey lé:sp asis:ae Re ae ee ee ee ee ee Seen 22 amp yt Oe ee oe ee ee os a  y. bedroom Closet:offering ey ae ae Se oe a oe es 912:ee ee 4 Aas ee oe ae me es  prima dois ar an Mic thers ee ee ae  ploutside to:oe. 8 Size es ee oe a ee ee Le ee a oo oe pe ae ee ini as aaa ARES,oe Reserved oe ae eo Soe oe ee cy yon Ls ee oe ee ortunity:ee eae PSU ORE ete ee Boe eee Resourc Housing Opp ins ee  oe oe ee ee ae tors Hou ee oe a eo ee as ee'
2025-05-29 12:12:06 | INFO     | app.utils.extract_fields_util:extract_fields_from_text:107 - Trying (?i)Infrastructure\s+Opacity:\s*([\d.]+) on line: 'ti os ES pees A ee oo Ne fe pe on Se _ Cees ee ree Pee SS  en ee oe eae SO ene ED (3) Aan Cees ae HE ind HWA  SSS EN a ve A SR wae POCKY,AS te CS ES IES ol open ERVICE aA a  ee oo Sd OR ae LE LIS:See earn WRG:Vo ees UET she oP as A) vend Poe ae oe oe 2  2 ee  ee Lil Pen a nd 7 i  a re Nt eee ee wee OF fs Paes Poms:Fo J :ie :  ane (vA LO BO) ee Po ne Ves here    ee eee NG Ge Oe ee Se OES SE oN 0 WU be EN Le  eS Ne Hees AWS 7 AO) a Ad ee a : oe ee 4 Re TAX 10 i Ca es ee ee ee Se :Sone ee Woh) A Cee ey eras ee ee oS  es a ee 7 ,2  a a Vek cis Be ji oe pee os  a a : ee poe Vea CEN eres Rae a ee (6) a 4 391 N oS :ey ae es eis cane MO) oe eee 1D SING! Peeve ee a ae ee ee Ana et 1 oe  ra ep acy EAN ALE deere nee es Se SN oe CE SPT ae sess ER Oe oe O01  ie ae ee aan ee. ons ee :es ae as ee te ee:Pou ess Boy See x OS Demet Ot fs ee Se Peon ee Sse ie ones oe OEBA eta es putas ee Se ot -ee en es ee See eee os PAPE:ee ce Pe i ie ;ot Al :to  pe ae ee Ae ue oe ae ea es a acs NOES ae eee es es pee peak a ee A i :i Ca es boa ee 1S ao ee ane ee ae eS eo i oe ees 8 eee a eo Boned Res eae a :pO oe ae oe Ley ya  a  ee oe ee ee ey Sona ae :ee oe oe Blowing ei egy ae eae i ee es pe) ay a es:aN ae eee Oo. oS ay ae ies S oe a Lo ee aes ee ee See on ae eee oe a  aes ice ef aS ::oe Se oe oe ee oe Nel Cet  Bil EDGER NG See a ee a a So aN oes  is ae ee pie aN Steere ie  im Panto as eae : Se eSNG ss Wee ee aoe eee) eee  pees ae ee ates Sus SN VEE oe es Sat ORE ee! a SUES ees Eee ee oe NEE eet oe a a 7 ee a icons See Gay  5! ate Ais a a  oS Sees ee rs eee ore i ene ve] i oe elle a oe iE ee ee oe ee) ee Dee es Sy ees cl ee es Se Boe ae ates oe i ee TUR Sees bane BS ee ee ep War : i  Ned Ree 3 a eee ea fee ad [Bs eet ie :eas Coe ee Aad MEN:nes mene ome oS ee val :Kae es SUS ae hSc ot Se 5 ol ee es one Were eee i ino   ee Soe ee eee es era oe Sl SJUNE sadn ie Pee SN ie eee ee ECG pee ;roe teas oe une 0 a Bis i NEE tl TEV ne ares Us oe ae oe ae 7 Ls RES Ree ease es ae Las  iE aX 2 eee ese SOR Rates  Gay oe ee oe aa SS oe Cats SS ae ey res oe oe pee oe  ale  NG ee  ee eee Se ee ee aes pea NCEE ae Ce ATE:Be es Ses Oe ONES es NT ae ee EME :ae ngs Se ee ie oe oe Ube:a See ees ee ee a EES ae aes oe i CS a aos Tae Sree ee ae ue ee eas poo ViWetmore soe ee ;os ss Sees! Pelee es Sa es ees Wet en 2 es oe eee Sa Aa nee lan:ACRE  eS Fone alc PP Sean ee  Google saute oe ee ee Se Ve Ng:oS et es ens ee Re as oo a cu ee SS ASIN ae oe as ee oe Be Ghee Sos At Ee Seay a vs Le  :es Boe eek STE ) ee rea :ace eo :oa)  oe Be RONG eae Sa eee Reese  7 jee esos ORE:eee Dee oe  ees os oe SS ae eee Oe oe ar sone Bee See a cas ee eee oe ees 6 eee ae See oa Sa a ee ee ae eee eee NN Gs RRC BEERS ES wee  :eed ae Bere RN ee ON ane :ee [eee Ee on chy aed RR oe a    a :2 . ey Ben ARE ee 8 a  eee ae Ge  eS Soe red ae gee an ae ria whe ER OES pce ey es ae aes  ee 2  ee  eee oe See:1S ee ot ee eee e ard macs 7 esJ se hee Nee (reg:eae hip ae BRS. Sas 22 Hom ak Se oe a a oe . 8 LU es ee Contra ee tet ide) Contiac ae oe ae i oe ea 333 phd CANS Sey eee ;cas as oe ees Ae oo yee ee ms a 2 :8 aS eee oe oo oo ee ee oo tive Un ae oe es  WE. 0200005 EM OF ee et ent as Of Soe ee ee eee ee Se ae oe oS ive,Continge ee ee  Active. C ot ee Bedroom:oe es 8 oe :oe eae ee re a3 a ee ee ee eee i Ces son ec ane ae coe ee ae a oS ST Ny,ee re 28  ee a :he ees oes ee :2 ie Baths ees  es es Sel SAA ei Ce oe oe Sy Las Ne Partial es  a ::os Se eo ee ee te CA aa a ee a ee a3 ee a oe List. Dat O28 oF ee ee es ee eas ee 5 PRS ae as ss ee Daysink ding Area ( os Days ee  Building oe . port oR Soe ay ene ee  ;ate ee ee De oe ae ated? ) ee eae oe ee ant Estim oo Current,eS ee es :eo as PANT H HEH oe oe ee So  :ag ere 1S:ee ee ee 2 ee RAY oe ension:S226 Pe Ne 005 ee Cas are es ay:oe eS 15:oe ee ae ee ss Os :es ee oN yes ss Coan date:as ee JM Upda Seas oe Garage ae sue! ee ce Se SG ee oes ee oe eae as ela oe ce ae mee es oe ee er ae oe ae Sees Se ae oe Se MES Benge  oe ee ee a  at oe rade,(spaces: :AVIV 2K  260K  Soe ees ee Sees  ic Soak  es one eae NCC ES So ae oe Contidel Ne ele Boe oe pe 7 _ a Mice AS ae oan ees oe ae NM a ee. ee ee eee oe Orne) oe Yeare Le :sk oo  a a  ee ee ke anes ne ;M:Change 000 oe ee AN 4) oe ae ee oe ees 6 ees es en oes ae a es  ly Se es:oe ee Se a SS See Vi Che ee oe eee oe ee LS ee oe coe es ake Cone eS ee ue 8 ee Bee Be ee ing ee A So. 2 Concrete Block,SS oe a oe oe ae os es zs ee lated See es Os Loe ne ee ee ee ee eee a ee ee inome ee aa tion:ees ee ee poke eS ae es ing Rivers eae . ::;on  bee So ee oe ) iscoversthis ae elcoming oe ORS Sue oe a oe stand we inn acs es ote ae and:Property. ee ee c ce Unitse  an Ce is a tyand:eed 2 a oo inthe. es hoodl:Ce are ber of,Unit ae eee Ge ee fan Mun ge Tae :ees ima Valley chess ees See ee ae ee S oe Point neigt mise Home eatur umber,ye oe ae a   a ee De Baie wae es Rk eee he ae  oe ee ee oe Se oo coe eee :i edrooms,pr ations ee :pe ee as Co ee ee ee fae relaxatio ee oe Oe ee igs See () fon BoA vba coer Snes Bue oo Ss Son Ror Ce Be eae iene ee i :eee ee Ce 2 Te ee eee Spacey lé:sp asis:ae Re ae ee ee ee ee ee Seen 22 amp yt Oe ee oe ee ee os a  y. bedroom Closet:offering ey ae ae Se oe a oe es 912:ee ee 4 Aas ee oe ae me es  prima dois ar an Mic thers ee ee ae  ploutside to:oe. 8 Size es ee oe a ee ee Le ee a oo oe pe ae ee ini as aaa ARES,oe Reserved oe ae eo Soe oe ee cy yon Ls ee oe ee ortunity:ee eae PSU ORE ete ee Boe eee Resourc Housing Opp ins ee  oe oe ee ee ae tors Hou ee oe a eo ee as ee'
2025-05-29 12:12:06 | INFO     | app.utils.extract_fields_util:extract_fields_from_text:107 - Trying (?i)-\s*Infrastructure\s+Opacity:\s*([\d.]+) on line: 'ti os ES pees A ee oo Ne fe pe on Se _ Cees ee ree Pee SS  en ee oe eae SO ene ED (3) Aan Cees ae HE ind HWA  SSS EN a ve A SR wae POCKY,AS te CS ES IES ol open ERVICE aA a  ee oo Sd OR ae LE LIS:See earn WRG:Vo ees UET she oP as A) vend Poe ae oe oe 2  2 ee  ee Lil Pen a nd 7 i  a re Nt eee ee wee OF fs Paes Poms:Fo J :ie :  ane (vA LO BO) ee Po ne Ves here    ee eee NG Ge Oe ee Se OES SE oN 0 WU be EN Le  eS Ne Hees AWS 7 AO) a Ad ee a : oe ee 4 Re TAX 10 i Ca es ee ee ee Se :Sone ee Woh) A Cee ey eras ee ee oS  es a ee 7 ,2  a a Vek cis Be ji oe pee os  a a : ee poe Vea CEN eres Rae a ee (6) a 4 391 N oS :ey ae es eis cane MO) oe eee 1D SING! Peeve ee a ae ee ee Ana et 1 oe  ra ep acy EAN ALE deere nee es Se SN oe CE SPT ae sess ER Oe oe O01  ie ae ee aan ee. ons ee :es ae as ee te ee:Pou ess Boy See x OS Demet Ot fs ee Se Peon ee Sse ie ones oe OEBA eta es putas ee Se ot -ee en es ee See eee os PAPE:ee ce Pe i ie ;ot Al :to  pe ae ee Ae ue oe ae ea es a acs NOES ae eee es es pee peak a ee A i :i Ca es boa ee 1S ao ee ane ee ae eS eo i oe ees 8 eee a eo Boned Res eae a :pO oe ae oe Ley ya  a  ee oe ee ee ey Sona ae :ee oe oe Blowing ei egy ae eae i ee es pe) ay a es:aN ae eee Oo. oS ay ae ies S oe a Lo ee aes ee ee See on ae eee oe a  aes ice ef aS ::oe Se oe oe ee oe Nel Cet  Bil EDGER NG See a ee a a So aN oes  is ae ee pie aN Steere ie  im Panto as eae : Se eSNG ss Wee ee aoe eee) eee  pees ae ee ates Sus SN VEE oe es Sat ORE ee! a SUES ees Eee ee oe NEE eet oe a a 7 ee a icons See Gay  5! ate Ais a a  oS Sees ee rs eee ore i ene ve] i oe elle a oe iE ee ee oe ee) ee Dee es Sy ees cl ee es Se Boe ae ates oe i ee TUR Sees bane BS ee ee ep War : i  Ned Ree 3 a eee ea fee ad [Bs eet ie :eas Coe ee Aad MEN:nes mene ome oS ee val :Kae es SUS ae hSc ot Se 5 ol ee es one Were eee i ino   ee Soe ee eee es era oe Sl SJUNE sadn ie Pee SN ie eee ee ECG pee ;roe teas oe une 0 a Bis i NEE tl TEV ne ares Us oe ae oe ae 7 Ls RES Ree ease es ae Las  iE aX 2 eee ese SOR Rates  Gay oe ee oe aa SS oe Cats SS ae ey res oe oe pee oe  ale  NG ee  ee eee Se ee ee aes pea NCEE ae Ce ATE:Be es Ses Oe ONES es NT ae ee EME :ae ngs Se ee ie oe oe Ube:a See ees ee ee a EES ae aes oe i CS a aos Tae Sree ee ae ue ee eas poo ViWetmore soe ee ;os ss Sees! Pelee es Sa es ees Wet en 2 es oe eee Sa Aa nee lan:ACRE  eS Fone alc PP Sean ee  Google saute oe ee ee Se Ve Ng:oS et es ens ee Re as oo a cu ee SS ASIN ae oe as ee oe Be Ghee Sos At Ee Seay a vs Le  :es Boe eek STE ) ee rea :ace eo :oa)  oe Be RONG eae Sa eee Reese  7 jee esos ORE:eee Dee oe  ees os oe SS ae eee Oe oe ar sone Bee See a cas ee eee oe ees 6 eee ae See oa Sa a ee ee ae eee eee NN Gs RRC BEERS ES wee  :eed ae Bere RN ee ON ane :ee [eee Ee on chy aed RR oe a    a :2 . ey Ben ARE ee 8 a  eee ae Ge  eS Soe red ae gee an ae ria whe ER OES pce ey es ae aes  ee 2  ee  eee oe See:1S ee ot ee eee e ard macs 7 esJ se hee Nee (reg:eae hip ae BRS. Sas 22 Hom ak Se oe a a oe . 8 LU es ee Contra ee tet ide) Contiac ae oe ae i oe ea 333 phd CANS Sey eee ;cas as oe ees Ae oo yee ee ms a 2 :8 aS eee oe oo oo ee ee oo tive Un ae oe es  WE. 0200005 EM OF ee et ent as Of Soe ee ee eee ee Se ae oe oS ive,Continge ee ee  Active. C ot ee Bedroom:oe es 8 oe :oe eae ee re a3 a ee ee ee eee i Ces son ec ane ae coe ee ae a oS ST Ny,ee re 28  ee a :he ees oes ee :2 ie Baths ees  es es Sel SAA ei Ce oe oe Sy Las Ne Partial es  a ::os Se eo ee ee te CA aa a ee a ee a3 ee a oe List. Dat O28 oF ee ee es ee eas ee 5 PRS ae as ss ee Daysink ding Area ( os Days ee  Building oe . port oR Soe ay ene ee  ;ate ee ee De oe ae ated? ) ee eae oe ee ant Estim oo Current,eS ee es :eo as PANT H HEH oe oe ee So  :ag ere 1S:ee ee ee 2 ee RAY oe ension:S226 Pe Ne 005 ee Cas are es ay:oe eS 15:oe ee ae ee ss Os :es ee oN yes ss Coan date:as ee JM Upda Seas oe Garage ae sue! ee ce Se SG ee oes ee oe eae as ela oe ce ae mee es oe ee er ae oe ae Sees Se ae oe Se MES Benge  oe ee ee a  at oe rade,(spaces: :AVIV 2K  260K  Soe ees ee Sees  ic Soak  es one eae NCC ES So ae oe Contidel Ne ele Boe oe pe 7 _ a Mice AS ae oan ees oe ae NM a ee. ee ee eee oe Orne) oe Yeare Le :sk oo  a a  ee ee ke anes ne ;M:Change 000 oe ee AN 4) oe ae ee oe ees 6 ees es en oes ae a es  ly Se es:oe ee Se a SS See Vi Che ee oe eee oe ee LS ee oe coe es ake Cone eS ee ue 8 ee Bee Be ee ing ee A So. 2 Concrete Block,SS oe a oe oe ae os es zs ee lated See es Os Loe ne ee ee ee ee eee a ee ee inome ee aa tion:ees ee ee poke eS ae es ing Rivers eae . ::;on  bee So ee oe ) iscoversthis ae elcoming oe ORS Sue oe a oe stand we inn acs es ote ae and:Property. ee ee c ce Unitse  an Ce is a tyand:eed 2 a oo inthe. es hoodl:Ce are ber of,Unit ae eee Ge ee fan Mun ge Tae :ees ima Valley chess ees See ee ae ee S oe Point neigt mise Home eatur umber,ye oe ae a   a ee De Baie wae es Rk eee he ae  oe ee ee oe Se oo coe eee :i edrooms,pr ations ee :pe ee as Co ee ee ee fae relaxatio ee oe Oe ee igs See () fon BoA vba coer Snes Bue oo Ss Son Ror Ce Be eae iene ee i :eee ee Ce 2 Te ee eee Spacey lé:sp asis:ae Re ae ee ee ee ee ee Seen 22 amp yt Oe ee oe ee ee os a  y. bedroom Closet:offering ey ae ae Se oe a oe es 912:ee ee 4 Aas ee oe ae me es  prima dois ar an Mic thers ee ee ae  ploutside to:oe. 8 Size es ee oe a ee ee Le ee a oo oe pe ae ee ini as aaa ARES,oe Reserved oe ae eo Soe oe ee cy yon Ls ee oe ee ortunity:ee eae PSU ORE ete ee Boe eee Resourc Housing Opp ins ee  oe oe ee ee ae tors Hou ee oe a eo ee as ee'
2025-05-29 12:12:06 | INFO     | app.utils.extract_fields_util:extract_fields_from_text:107 - Trying (?i)Infrastructure\s+Score:\s*([\d.]+) on line: 'ti os ES pees A ee oo Ne fe pe on Se _ Cees ee ree Pee SS  en ee oe eae SO ene ED (3) Aan Cees ae HE ind HWA  SSS EN a ve A SR wae POCKY,AS te CS ES IES ol open ERVICE aA a  ee oo Sd OR ae LE LIS:See earn WRG:Vo ees UET she oP as A) vend Poe ae oe oe 2  2 ee  ee Lil Pen a nd 7 i  a re Nt eee ee wee OF fs Paes Poms:Fo J :ie :  ane (vA LO BO) ee Po ne Ves here    ee eee NG Ge Oe ee Se OES SE oN 0 WU be EN Le  eS Ne Hees AWS 7 AO) a Ad ee a : oe ee 4 Re TAX 10 i Ca es ee ee ee Se :Sone ee Woh) A Cee ey eras ee ee oS  es a ee 7 ,2  a a Vek cis Be ji oe pee os  a a : ee poe Vea CEN eres Rae a ee (6) a 4 391 N oS :ey ae es eis cane MO) oe eee 1D SING! Peeve ee a ae ee ee Ana et 1 oe  ra ep acy EAN ALE deere nee es Se SN oe CE SPT ae sess ER Oe oe O01  ie ae ee aan ee. ons ee :es ae as ee te ee:Pou ess Boy See x OS Demet Ot fs ee Se Peon ee Sse ie ones oe OEBA eta es putas ee Se ot -ee en es ee See eee os PAPE:ee ce Pe i ie ;ot Al :to  pe ae ee Ae ue oe ae ea es a acs NOES ae eee es es pee peak a ee A i :i Ca es boa ee 1S ao ee ane ee ae eS eo i oe ees 8 eee a eo Boned Res eae a :pO oe ae oe Ley ya  a  ee oe ee ee ey Sona ae :ee oe oe Blowing ei egy ae eae i ee es pe) ay a es:aN ae eee Oo. oS ay ae ies S oe a Lo ee aes ee ee See on ae eee oe a  aes ice ef aS ::oe Se oe oe ee oe Nel Cet  Bil EDGER NG See a ee a a So aN oes  is ae ee pie aN Steere ie  im Panto as eae : Se eSNG ss Wee ee aoe eee) eee  pees ae ee ates Sus SN VEE oe es Sat ORE ee! a SUES ees Eee ee oe NEE eet oe a a 7 ee a icons See Gay  5! ate Ais a a  oS Sees ee rs eee ore i ene ve] i oe elle a oe iE ee ee oe ee) ee Dee es Sy ees cl ee es Se Boe ae ates oe i ee TUR Sees bane BS ee ee ep War : i  Ned Ree 3 a eee ea fee ad [Bs eet ie :eas Coe ee Aad MEN:nes mene ome oS ee val :Kae es SUS ae hSc ot Se 5 ol ee es one Were eee i ino   ee Soe ee eee es era oe Sl SJUNE sadn ie Pee SN ie eee ee ECG pee ;roe teas oe une 0 a Bis i NEE tl TEV ne ares Us oe ae oe ae 7 Ls RES Ree ease es ae Las  iE aX 2 eee ese SOR Rates  Gay oe ee oe aa SS oe Cats SS ae ey res oe oe pee oe  ale  NG ee  ee eee Se ee ee aes pea NCEE ae Ce ATE:Be es Ses Oe ONES es NT ae ee EME :ae ngs Se ee ie oe oe Ube:a See ees ee ee a EES ae aes oe i CS a aos Tae Sree ee ae ue ee eas poo ViWetmore soe ee ;os ss Sees! Pelee es Sa es ees Wet en 2 es oe eee Sa Aa nee lan:ACRE  eS Fone alc PP Sean ee  Google saute oe ee ee Se Ve Ng:oS et es ens ee Re as oo a cu ee SS ASIN ae oe as ee oe Be Ghee Sos At Ee Seay a vs Le  :es Boe eek STE ) ee rea :ace eo :oa)  oe Be RONG eae Sa eee Reese  7 jee esos ORE:eee Dee oe  ees os oe SS ae eee Oe oe ar sone Bee See a cas ee eee oe ees 6 eee ae See oa Sa a ee ee ae eee eee NN Gs RRC BEERS ES wee  :eed ae Bere RN ee ON ane :ee [eee Ee on chy aed RR oe a    a :2 . ey Ben ARE ee 8 a  eee ae Ge  eS Soe red ae gee an ae ria whe ER OES pce ey es ae aes  ee 2  ee  eee oe See:1S ee ot ee eee e ard macs 7 esJ se hee Nee (reg:eae hip ae BRS. Sas 22 Hom ak Se oe a a oe . 8 LU es ee Contra ee tet ide) Contiac ae oe ae i oe ea 333 phd CANS Sey eee ;cas as oe ees Ae oo yee ee ms a 2 :8 aS eee oe oo oo ee ee oo tive Un ae oe es  WE. 0200005 EM OF ee et ent as Of Soe ee ee eee ee Se ae oe oS ive,Continge ee ee  Active. C ot ee Bedroom:oe es 8 oe :oe eae ee re a3 a ee ee ee eee i Ces son ec ane ae coe ee ae a oS ST Ny,ee re 28  ee a :he ees oes ee :2 ie Baths ees  es es Sel SAA ei Ce oe oe Sy Las Ne Partial es  a ::os Se eo ee ee te CA aa a ee a ee a3 ee a oe List. Dat O28 oF ee ee es ee eas ee 5 PRS ae as ss ee Daysink ding Area ( os Days ee  Building oe . port oR Soe ay ene ee  ;ate ee ee De oe ae ated? ) ee eae oe ee ant Estim oo Current,eS ee es :eo as PANT H HEH oe oe ee So  :ag ere 1S:ee ee ee 2 ee RAY oe ension:S226 Pe Ne 005 ee Cas are es ay:oe eS 15:oe ee ae ee ss Os :es ee oN yes ss Coan date:as ee JM Upda Seas oe Garage ae sue! ee ce Se SG ee oes ee oe eae as ela oe ce ae mee es oe ee er ae oe ae Sees Se ae oe Se MES Benge  oe ee ee a  at oe rade,(spaces: :AVIV 2K  260K  Soe ees ee Sees  ic Soak  es one eae NCC ES So ae oe Contidel Ne ele Boe oe pe 7 _ a Mice AS ae oan ees oe ae NM a ee. ee ee eee oe Orne) oe Yeare Le :sk oo  a a  ee ee ke anes ne ;M:Change 000 oe ee AN 4) oe ae ee oe ees 6 ees es en oes ae a es  ly Se es:oe ee Se a SS See Vi Che ee oe eee oe ee LS ee oe coe es ake Cone eS ee ue 8 ee Bee Be ee ing ee A So. 2 Concrete Block,SS oe a oe oe ae os es zs ee lated See es Os Loe ne ee ee ee ee eee a ee ee inome ee aa tion:ees ee ee poke eS ae es ing Rivers eae . ::;on  bee So ee oe ) iscoversthis ae elcoming oe ORS Sue oe a oe stand we inn acs es ote ae and:Property. ee ee c ce Unitse  an Ce is a tyand:eed 2 a oo inthe. es hoodl:Ce are ber of,Unit ae eee Ge ee fan Mun ge Tae :ees ima Valley chess ees See ee ae ee S oe Point neigt mise Home eatur umber,ye oe ae a   a ee De Baie wae es Rk eee he ae  oe ee ee oe Se oo coe eee :i edrooms,pr ations ee :pe ee as Co ee ee ee fae relaxatio ee oe Oe ee igs See () fon BoA vba coer Snes Bue oo Ss Son Ror Ce Be eae iene ee i :eee ee Ce 2 Te ee eee Spacey lé:sp asis:ae Re ae ee ee ee ee ee Seen 22 amp yt Oe ee oe ee ee os a  y. bedroom Closet:offering ey ae ae Se oe a oe es 912:ee ee 4 Aas ee oe ae me es  prima dois ar an Mic thers ee ee ae  ploutside to:oe. 8 Size es ee oe a ee ee Le ee a oo oe pe ae ee ini as aaa ARES,oe Reserved oe ae eo Soe oe ee cy yon Ls ee oe ee ortunity:ee eae PSU ORE ete ee Boe eee Resourc Housing Opp ins ee  oe oe ee ee ae tors Hou ee oe a eo ee as ee'
2025-05-29 12:12:06 | INFO     | app.utils.extract_fields_util:extract_fields_from_text:107 - Trying (?i)Regional\s+Data\s+Variation:\s*([\d.]+) on line: 'ti os ES pees A ee oo Ne fe pe on Se _ Cees ee ree Pee SS  en ee oe eae SO ene ED (3) Aan Cees ae HE ind HWA  SSS EN a ve A SR wae POCKY,AS te CS ES IES ol open ERVICE aA a  ee oo Sd OR ae LE LIS:See earn WRG:Vo ees UET she oP as A) vend Poe ae oe oe 2  2 ee  ee Lil Pen a nd 7 i  a re Nt eee ee wee OF fs Paes Poms:Fo J :ie :  ane (vA LO BO) ee Po ne Ves here    ee eee NG Ge Oe ee Se OES SE oN 0 WU be EN Le  eS Ne Hees AWS 7 AO) a Ad ee a : oe ee 4 Re TAX 10 i Ca es ee ee ee Se :Sone ee Woh) A Cee ey eras ee ee oS  es a ee 7 ,2  a a Vek cis Be ji oe pee os  a a : ee poe Vea CEN eres Rae a ee (6) a 4 391 N oS :ey ae es eis cane MO) oe eee 1D SING! Peeve ee a ae ee ee Ana et 1 oe  ra ep acy EAN ALE deere nee es Se SN oe CE SPT ae sess ER Oe oe O01  ie ae ee aan ee. ons ee :es ae as ee te ee:Pou ess Boy See x OS Demet Ot fs ee Se Peon ee Sse ie ones oe OEBA eta es putas ee Se ot -ee en es ee See eee os PAPE:ee ce Pe i ie ;ot Al :to  pe ae ee Ae ue oe ae ea es a acs NOES ae eee es es pee peak a ee A i :i Ca es boa ee 1S ao ee ane ee ae eS eo i oe ees 8 eee a eo Boned Res eae a :pO oe ae oe Ley ya  a  ee oe ee ee ey Sona ae :ee oe oe Blowing ei egy ae eae i ee es pe) ay a es:aN ae eee Oo. oS ay ae ies S oe a Lo ee aes ee ee See on ae eee oe a  aes ice ef aS ::oe Se oe oe ee oe Nel Cet  Bil EDGER NG See a ee a a So aN oes  is ae ee pie aN Steere ie  im Panto as eae : Se eSNG ss Wee ee aoe eee) eee  pees ae ee ates Sus SN VEE oe es Sat ORE ee! a SUES ees Eee ee oe NEE eet oe a a 7 ee a icons See Gay  5! ate Ais a a  oS Sees ee rs eee ore i ene ve] i oe elle a oe iE ee ee oe ee) ee Dee es Sy ees cl ee es Se Boe ae ates oe i ee TUR Sees bane BS ee ee ep War : i  Ned Ree 3 a eee ea fee ad [Bs eet ie :eas Coe ee Aad MEN:nes mene ome oS ee val :Kae es SUS ae hSc ot Se 5 ol ee es one Were eee i ino   ee Soe ee eee es era oe Sl SJUNE sadn ie Pee SN ie eee ee ECG pee ;roe teas oe une 0 a Bis i NEE tl TEV ne ares Us oe ae oe ae 7 Ls RES Ree ease es ae Las  iE aX 2 eee ese SOR Rates  Gay oe ee oe aa SS oe Cats SS ae ey res oe oe pee oe  ale  NG ee  ee eee Se ee ee aes pea NCEE ae Ce ATE:Be es Ses Oe ONES es NT ae ee EME :ae ngs Se ee ie oe oe Ube:a See ees ee ee a EES ae aes oe i CS a aos Tae Sree ee ae ue ee eas poo ViWetmore soe ee ;os ss Sees! Pelee es Sa es ees Wet en 2 es oe eee Sa Aa nee lan:ACRE  eS Fone alc PP Sean ee  Google saute oe ee ee Se Ve Ng:oS et es ens ee Re as oo a cu ee SS ASIN ae oe as ee oe Be Ghee Sos At Ee Seay a vs Le  :es Boe eek STE ) ee rea :ace eo :oa)  oe Be RONG eae Sa eee Reese  7 jee esos ORE:eee Dee oe  ees os oe SS ae eee Oe oe ar sone Bee See a cas ee eee oe ees 6 eee ae See oa Sa a ee ee ae eee eee NN Gs RRC BEERS ES wee  :eed ae Bere RN ee ON ane :ee [eee Ee on chy aed RR oe a    a :2 . ey Ben ARE ee 8 a  eee ae Ge  eS Soe red ae gee an ae ria whe ER OES pce ey es ae aes  ee 2  ee  eee oe See:1S ee ot ee eee e ard macs 7 esJ se hee Nee (reg:eae hip ae BRS. Sas 22 Hom ak Se oe a a oe . 8 LU es ee Contra ee tet ide) Contiac ae oe ae i oe ea 333 phd CANS Sey eee ;cas as oe ees Ae oo yee ee ms a 2 :8 aS eee oe oo oo ee ee oo tive Un ae oe es  WE. 0200005 EM OF ee et ent as Of Soe ee ee eee ee Se ae oe oS ive,Continge ee ee  Active. C ot ee Bedroom:oe es 8 oe :oe eae ee re a3 a ee ee ee eee i Ces son ec ane ae coe ee ae a oS ST Ny,ee re 28  ee a :he ees oes ee :2 ie Baths ees  es es Sel SAA ei Ce oe oe Sy Las Ne Partial es  a ::os Se eo ee ee te CA aa a ee a ee a3 ee a oe List. Dat O28 oF ee ee es ee eas ee 5 PRS ae as ss ee Daysink ding Area ( os Days ee  Building oe . port oR Soe ay ene ee  ;ate ee ee De oe ae ated? ) ee eae oe ee ant Estim oo Current,eS ee es :eo as PANT H HEH oe oe ee So  :ag ere 1S:ee ee ee 2 ee RAY oe ension:S226 Pe Ne 005 ee Cas are es ay:oe eS 15:oe ee ae ee ss Os :es ee oN yes ss Coan date:as ee JM Upda Seas oe Garage ae sue! ee ce Se SG ee oes ee oe eae as ela oe ce ae mee es oe ee er ae oe ae Sees Se ae oe Se MES Benge  oe ee ee a  at oe rade,(spaces: :AVIV 2K  260K  Soe ees ee Sees  ic Soak  es one eae NCC ES So ae oe Contidel Ne ele Boe oe pe 7 _ a Mice AS ae oan ees oe ae NM a ee. ee ee eee oe Orne) oe Yeare Le :sk oo  a a  ee ee ke anes ne ;M:Change 000 oe ee AN 4) oe ae ee oe ees 6 ees es en oes ae a es  ly Se es:oe ee Se a SS See Vi Che ee oe eee oe ee LS ee oe coe es ake Cone eS ee ue 8 ee Bee Be ee ing ee A So. 2 Concrete Block,SS oe a oe oe ae os es zs ee lated See es Os Loe ne ee ee ee ee eee a ee ee inome ee aa tion:ees ee ee poke eS ae es ing Rivers eae . ::;on  bee So ee oe ) iscoversthis ae elcoming oe ORS Sue oe a oe stand we inn acs es ote ae and:Property. ee ee c ce Unitse  an Ce is a tyand:eed 2 a oo inthe. es hoodl:Ce are ber of,Unit ae eee Ge ee fan Mun ge Tae :ees ima Valley chess ees See ee ae ee S oe Point neigt mise Home eatur umber,ye oe ae a   a ee De Baie wae es Rk eee he ae  oe ee ee oe Se oo coe eee :i edrooms,pr ations ee :pe ee as Co ee ee ee fae relaxatio ee oe Oe ee igs See () fon BoA vba coer Snes Bue oo Ss Son Ror Ce Be eae iene ee i :eee ee Ce 2 Te ee eee Spacey lé:sp asis:ae Re ae ee ee ee ee ee Seen 22 amp yt Oe ee oe ee ee os a  y. bedroom Closet:offering ey ae ae Se oe a oe es 912:ee ee 4 Aas ee oe ae me es  prima dois ar an Mic thers ee ee ae  ploutside to:oe. 8 Size es ee oe a ee ee Le ee a oo oe pe ae ee ini as aaa ARES,oe Reserved oe ae eo Soe oe ee cy yon Ls ee oe ee ortunity:ee eae PSU ORE ete ee Boe eee Resourc Housing Opp ins ee  oe oe ee ee ae tors Hou ee oe a eo ee as ee'
2025-05-29 12:12:06 | INFO     | app.utils.extract_fields_util:extract_fields_from_text:107 - Trying (?i)-\s*Regional\s+Data\s+Variation:\s*([\d.]+) on line: 'ti os ES pees A ee oo Ne fe pe on Se _ Cees ee ree Pee SS  en ee oe eae SO ene ED (3) Aan Cees ae HE ind HWA  SSS EN a ve A SR wae POCKY,AS te CS ES IES ol open ERVICE aA a  ee oo Sd OR ae LE LIS:See earn WRG:Vo ees UET she oP as A) vend Poe ae oe oe 2  2 ee  ee Lil Pen a nd 7 i  a re Nt eee ee wee OF fs Paes Poms:Fo J :ie :  ane (vA LO BO) ee Po ne Ves here    ee eee NG Ge Oe ee Se OES SE oN 0 WU be EN Le  eS Ne Hees AWS 7 AO) a Ad ee a : oe ee 4 Re TAX 10 i Ca es ee ee ee Se :Sone ee Woh) A Cee ey eras ee ee oS  es a ee 7 ,2  a a Vek cis Be ji oe pee os  a a : ee poe Vea CEN eres Rae a ee (6) a 4 391 N oS :ey ae es eis cane MO) oe eee 1D SING! Peeve ee a ae ee ee Ana et 1 oe  ra ep acy EAN ALE deere nee es Se SN oe CE SPT ae sess ER Oe oe O01  ie ae ee aan ee. ons ee :es ae as ee te ee:Pou ess Boy See x OS Demet Ot fs ee Se Peon ee Sse ie ones oe OEBA eta es putas ee Se ot -ee en es ee See eee os PAPE:ee ce Pe i ie ;ot Al :to  pe ae ee Ae ue oe ae ea es a acs NOES ae eee es es pee peak a ee A i :i Ca es boa ee 1S ao ee ane ee ae eS eo i oe ees 8 eee a eo Boned Res eae a :pO oe ae oe Ley ya  a  ee oe ee ee ey Sona ae :ee oe oe Blowing ei egy ae eae i ee es pe) ay a es:aN ae eee Oo. oS ay ae ies S oe a Lo ee aes ee ee See on ae eee oe a  aes ice ef aS ::oe Se oe oe ee oe Nel Cet  Bil EDGER NG See a ee a a So aN oes  is ae ee pie aN Steere ie  im Panto as eae : Se eSNG ss Wee ee aoe eee) eee  pees ae ee ates Sus SN VEE oe es Sat ORE ee! a SUES ees Eee ee oe NEE eet oe a a 7 ee a icons See Gay  5! ate Ais a a  oS Sees ee rs eee ore i ene ve] i oe elle a oe iE ee ee oe ee) ee Dee es Sy ees cl ee es Se Boe ae ates oe i ee TUR Sees bane BS ee ee ep War : i  Ned Ree 3 a eee ea fee ad [Bs eet ie :eas Coe ee Aad MEN:nes mene ome oS ee val :Kae es SUS ae hSc ot Se 5 ol ee es one Were eee i ino   ee Soe ee eee es era oe Sl SJUNE sadn ie Pee SN ie eee ee ECG pee ;roe teas oe une 0 a Bis i NEE tl TEV ne ares Us oe ae oe ae 7 Ls RES Ree ease es ae Las  iE aX 2 eee ese SOR Rates  Gay oe ee oe aa SS oe Cats SS ae ey res oe oe pee oe  ale  NG ee  ee eee Se ee ee aes pea NCEE ae Ce ATE:Be es Ses Oe ONES es NT ae ee EME :ae ngs Se ee ie oe oe Ube:a See ees ee ee a EES ae aes oe i CS a aos Tae Sree ee ae ue ee eas poo ViWetmore soe ee ;os ss Sees! Pelee es Sa es ees Wet en 2 es oe eee Sa Aa nee lan:ACRE  eS Fone alc PP Sean ee  Google saute oe ee ee Se Ve Ng:oS et es ens ee Re as oo a cu ee SS ASIN ae oe as ee oe Be Ghee Sos At Ee Seay a vs Le  :es Boe eek STE ) ee rea :ace eo :oa)  oe Be RONG eae Sa eee Reese  7 jee esos ORE:eee Dee oe  ees os oe SS ae eee Oe oe ar sone Bee See a cas ee eee oe ees 6 eee ae See oa Sa a ee ee ae eee eee NN Gs RRC BEERS ES wee  :eed ae Bere RN ee ON ane :ee [eee Ee on chy aed RR oe a    a :2 . ey Ben ARE ee 8 a  eee ae Ge  eS Soe red ae gee an ae ria whe ER OES pce ey es ae aes  ee 2  ee  eee oe See:1S ee ot ee eee e ard macs 7 esJ se hee Nee (reg:eae hip ae BRS. Sas 22 Hom ak Se oe a a oe . 8 LU es ee Contra ee tet ide) Contiac ae oe ae i oe ea 333 phd CANS Sey eee ;cas as oe ees Ae oo yee ee ms a 2 :8 aS eee oe oo oo ee ee oo tive Un ae oe es  WE. 0200005 EM OF ee et ent as Of Soe ee ee eee ee Se ae oe oS ive,Continge ee ee  Active. C ot ee Bedroom:oe es 8 oe :oe eae ee re a3 a ee ee ee eee i Ces son ec ane ae coe ee ae a oS ST Ny,ee re 28  ee a :he ees oes ee :2 ie Baths ees  es es Sel SAA ei Ce oe oe Sy Las Ne Partial es  a ::os Se eo ee ee te CA aa a ee a ee a3 ee a oe List. Dat O28 oF ee ee es ee eas ee 5 PRS ae as ss ee Daysink ding Area ( os Days ee  Building oe . port oR Soe ay ene ee  ;ate ee ee De oe ae ated? ) ee eae oe ee ant Estim oo Current,eS ee es :eo as PANT H HEH oe oe ee So  :ag ere 1S:ee ee ee 2 ee RAY oe ension:S226 Pe Ne 005 ee Cas are es ay:oe eS 15:oe ee ae ee ss Os :es ee oN yes ss Coan date:as ee JM Upda Seas oe Garage ae sue! ee ce Se SG ee oes ee oe eae as ela oe ce ae mee es oe ee er ae oe ae Sees Se ae oe Se MES Benge  oe ee ee a  at oe rade,(spaces: :AVIV 2K  260K  Soe ees ee Sees  ic Soak  es one eae NCC ES So ae oe Contidel Ne ele Boe oe pe 7 _ a Mice AS ae oan ees oe ae NM a ee. ee ee eee oe Orne) oe Yeare Le :sk oo  a a  ee ee ke anes ne ;M:Change 000 oe ee AN 4) oe ae ee oe ees 6 ees es en oes ae a es  ly Se es:oe ee Se a SS See Vi Che ee oe eee oe ee LS ee oe coe es ake Cone eS ee ue 8 ee Bee Be ee ing ee A So. 2 Concrete Block,SS oe a oe oe ae os es zs ee lated See es Os Loe ne ee ee ee ee eee a ee ee inome ee aa tion:ees ee ee poke eS ae es ing Rivers eae . ::;on  bee So ee oe ) iscoversthis ae elcoming oe ORS Sue oe a oe stand we inn acs es ote ae and:Property. ee ee c ce Unitse  an Ce is a tyand:eed 2 a oo inthe. es hoodl:Ce are ber of,Unit ae eee Ge ee fan Mun ge Tae :ees ima Valley chess ees See ee ae ee S oe Point neigt mise Home eatur umber,ye oe ae a   a ee De Baie wae es Rk eee he ae  oe ee ee oe Se oo coe eee :i edrooms,pr ations ee :pe ee as Co ee ee ee fae relaxatio ee oe Oe ee igs See () fon BoA vba coer Snes Bue oo Ss Son Ror Ce Be eae iene ee i :eee ee Ce 2 Te ee eee Spacey lé:sp asis:ae Re ae ee ee ee ee ee Seen 22 amp yt Oe ee oe ee ee os a  y. bedroom Closet:offering ey ae ae Se oe a oe es 912:ee ee 4 Aas ee oe ae me es  prima dois ar an Mic thers ee ee ae  ploutside to:oe. 8 Size es ee oe a ee ee Le ee a oo oe pe ae ee ini as aaa ARES,oe Reserved oe ae eo Soe oe ee cy yon Ls ee oe ee ortunity:ee eae PSU ORE ete ee Boe eee Resourc Housing Opp ins ee  oe oe ee ee ae tors Hou ee oe a eo ee as ee'
2025-05-29 12:12:06 | INFO     | app.utils.extract_fields_util:extract_fields_from_text:107 - Trying (?i)Regional\s+Variation:\s*([\d.]+) on line: 'ti os ES pees A ee oo Ne fe pe on Se _ Cees ee ree Pee SS  en ee oe eae SO ene ED (3) Aan Cees ae HE ind HWA  SSS EN a ve A SR wae POCKY,AS te CS ES IES ol open ERVICE aA a  ee oo Sd OR ae LE LIS:See earn WRG:Vo ees UET she oP as A) vend Poe ae oe oe 2  2 ee  ee Lil Pen a nd 7 i  a re Nt eee ee wee OF fs Paes Poms:Fo J :ie :  ane (vA LO BO) ee Po ne Ves here    ee eee NG Ge Oe ee Se OES SE oN 0 WU be EN Le  eS Ne Hees AWS 7 AO) a Ad ee a : oe ee 4 Re TAX 10 i Ca es ee ee ee Se :Sone ee Woh) A Cee ey eras ee ee oS  es a ee 7 ,2  a a Vek cis Be ji oe pee os  a a : ee poe Vea CEN eres Rae a ee (6) a 4 391 N oS :ey ae es eis cane MO) oe eee 1D SING! Peeve ee a ae ee ee Ana et 1 oe  ra ep acy EAN ALE deere nee es Se SN oe CE SPT ae sess ER Oe oe O01  ie ae ee aan ee. ons ee :es ae as ee te ee:Pou ess Boy See x OS Demet Ot fs ee Se Peon ee Sse ie ones oe OEBA eta es putas ee Se ot -ee en es ee See eee os PAPE:ee ce Pe i ie ;ot Al :to  pe ae ee Ae ue oe ae ea es a acs NOES ae eee es es pee peak a ee A i :i Ca es boa ee 1S ao ee ane ee ae eS eo i oe ees 8 eee a eo Boned Res eae a :pO oe ae oe Ley ya  a  ee oe ee ee ey Sona ae :ee oe oe Blowing ei egy ae eae i ee es pe) ay a es:aN ae eee Oo. oS ay ae ies S oe a Lo ee aes ee ee See on ae eee oe a  aes ice ef aS ::oe Se oe oe ee oe Nel Cet  Bil EDGER NG See a ee a a So aN oes  is ae ee pie aN Steere ie  im Panto as eae : Se eSNG ss Wee ee aoe eee) eee  pees ae ee ates Sus SN VEE oe es Sat ORE ee! a SUES ees Eee ee oe NEE eet oe a a 7 ee a icons See Gay  5! ate Ais a a  oS Sees ee rs eee ore i ene ve] i oe elle a oe iE ee ee oe ee) ee Dee es Sy ees cl ee es Se Boe ae ates oe i ee TUR Sees bane BS ee ee ep War : i  Ned Ree 3 a eee ea fee ad [Bs eet ie :eas Coe ee Aad MEN:nes mene ome oS ee val :Kae es SUS ae hSc ot Se 5 ol ee es one Were eee i ino   ee Soe ee eee es era oe Sl SJUNE sadn ie Pee SN ie eee ee ECG pee ;roe teas oe une 0 a Bis i NEE tl TEV ne ares Us oe ae oe ae 7 Ls RES Ree ease es ae Las  iE aX 2 eee ese SOR Rates  Gay oe ee oe aa SS oe Cats SS ae ey res oe oe pee oe  ale  NG ee  ee eee Se ee ee aes pea NCEE ae Ce ATE:Be es Ses Oe ONES es NT ae ee EME :ae ngs Se ee ie oe oe Ube:a See ees ee ee a EES ae aes oe i CS a aos Tae Sree ee ae ue ee eas poo ViWetmore soe ee ;os ss Sees! Pelee es Sa es ees Wet en 2 es oe eee Sa Aa nee lan:ACRE  eS Fone alc PP Sean ee  Google saute oe ee ee Se Ve Ng:oS et es ens ee Re as oo a cu ee SS ASIN ae oe as ee oe Be Ghee Sos At Ee Seay a vs Le  :es Boe eek STE ) ee rea :ace eo :oa)  oe Be RONG eae Sa eee Reese  7 jee esos ORE:eee Dee oe  ees os oe SS ae eee Oe oe ar sone Bee See a cas ee eee oe ees 6 eee ae See oa Sa a ee ee ae eee eee NN Gs RRC BEERS ES wee  :eed ae Bere RN ee ON ane :ee [eee Ee on chy aed RR oe a    a :2 . ey Ben ARE ee 8 a  eee ae Ge  eS Soe red ae gee an ae ria whe ER OES pce ey es ae aes  ee 2  ee  eee oe See:1S ee ot ee eee e ard macs 7 esJ se hee Nee (reg:eae hip ae BRS. Sas 22 Hom ak Se oe a a oe . 8 LU es ee Contra ee tet ide) Contiac ae oe ae i oe ea 333 phd CANS Sey eee ;cas as oe ees Ae oo yee ee ms a 2 :8 aS eee oe oo oo ee ee oo tive Un ae oe es  WE. 0200005 EM OF ee et ent as Of Soe ee ee eee ee Se ae oe oS ive,Continge ee ee  Active. C ot ee Bedroom:oe es 8 oe :oe eae ee re a3 a ee ee ee eee i Ces son ec ane ae coe ee ae a oS ST Ny,ee re 28  ee a :he ees oes ee :2 ie Baths ees  es es Sel SAA ei Ce oe oe Sy Las Ne Partial es  a ::os Se eo ee ee te CA aa a ee a ee a3 ee a oe List. Dat O28 oF ee ee es ee eas ee 5 PRS ae as ss ee Daysink ding Area ( os Days ee  Building oe . port oR Soe ay ene ee  ;ate ee ee De oe ae ated? ) ee eae oe ee ant Estim oo Current,eS ee es :eo as PANT H HEH oe oe ee So  :ag ere 1S:ee ee ee 2 ee RAY oe ension:S226 Pe Ne 005 ee Cas are es ay:oe eS 15:oe ee ae ee ss Os :es ee oN yes ss Coan date:as ee JM Upda Seas oe Garage ae sue! ee ce Se SG ee oes ee oe eae as ela oe ce ae mee es oe ee er ae oe ae Sees Se ae oe Se MES Benge  oe ee ee a  at oe rade,(spaces: :AVIV 2K  260K  Soe ees ee Sees  ic Soak  es one eae NCC ES So ae oe Contidel Ne ele Boe oe pe 7 _ a Mice AS ae oan ees oe ae NM a ee. ee ee eee oe Orne) oe Yeare Le :sk oo  a a  ee ee ke anes ne ;M:Change 000 oe ee AN 4) oe ae ee oe ees 6 ees es en oes ae a es  ly Se es:oe ee Se a SS See Vi Che ee oe eee oe ee LS ee oe coe es ake Cone eS ee ue 8 ee Bee Be ee ing ee A So. 2 Concrete Block,SS oe a oe oe ae os es zs ee lated See es Os Loe ne ee ee ee ee eee a ee ee inome ee aa tion:ees ee ee poke eS ae es ing Rivers eae . ::;on  bee So ee oe ) iscoversthis ae elcoming oe ORS Sue oe a oe stand we inn acs es ote ae and:Property. ee ee c ce Unitse  an Ce is a tyand:eed 2 a oo inthe. es hoodl:Ce are ber of,Unit ae eee Ge ee fan Mun ge Tae :ees ima Valley chess ees See ee ae ee S oe Point neigt mise Home eatur umber,ye oe ae a   a ee De Baie wae es Rk eee he ae  oe ee ee oe Se oo coe eee :i edrooms,pr ations ee :pe ee as Co ee ee ee fae relaxatio ee oe Oe ee igs See () fon BoA vba coer Snes Bue oo Ss Son Ror Ce Be eae iene ee i :eee ee Ce 2 Te ee eee Spacey lé:sp asis:ae Re ae ee ee ee ee ee Seen 22 amp yt Oe ee oe ee ee os a  y. bedroom Closet:offering ey ae ae Se oe a oe es 912:ee ee 4 Aas ee oe ae me es  prima dois ar an Mic thers ee ee ae  ploutside to:oe. 8 Size es ee oe a ee ee Le ee a oo oe pe ae ee ini as aaa ARES,oe Reserved oe ae eo Soe oe ee cy yon Ls ee oe ee ortunity:ee eae PSU ORE ete ee Boe eee Resourc Housing Opp ins ee  oe oe ee ee ae tors Hou ee oe a eo ee as ee'
2025-05-29 12:12:06 | INFO     | app.utils.extract_fields_util:extract_fields_from_text:107 - Trying (?i)Climate\s+Score:\s*(\d+) on line: 'ti os ES pees A ee oo Ne fe pe on Se _ Cees ee ree Pee SS  en ee oe eae SO ene ED (3) Aan Cees ae HE ind HWA  SSS EN a ve A SR wae POCKY,AS te CS ES IES ol open ERVICE aA a  ee oo Sd OR ae LE LIS:See earn WRG:Vo ees UET she oP as A) vend Poe ae oe oe 2  2 ee  ee Lil Pen a nd 7 i  a re Nt eee ee wee OF fs Paes Poms:Fo J :ie :  ane (vA LO BO) ee Po ne Ves here    ee eee NG Ge Oe ee Se OES SE oN 0 WU be EN Le  eS Ne Hees AWS 7 AO) a Ad ee a : oe ee 4 Re TAX 10 i Ca es ee ee ee Se :Sone ee Woh) A Cee ey eras ee ee oS  es a ee 7 ,2  a a Vek cis Be ji oe pee os  a a : ee poe Vea CEN eres Rae a ee (6) a 4 391 N oS :ey ae es eis cane MO) oe eee 1D SING! Peeve ee a ae ee ee Ana et 1 oe  ra ep acy EAN ALE deere nee es Se SN oe CE SPT ae sess ER Oe oe O01  ie ae ee aan ee. ons ee :es ae as ee te ee:Pou ess Boy See x OS Demet Ot fs ee Se Peon ee Sse ie ones oe OEBA eta es putas ee Se ot -ee en es ee See eee os PAPE:ee ce Pe i ie ;ot Al :to  pe ae ee Ae ue oe ae ea es a acs NOES ae eee es es pee peak a ee A i :i Ca es boa ee 1S ao ee ane ee ae eS eo i oe ees 8 eee a eo Boned Res eae a :pO oe ae oe Ley ya  a  ee oe ee ee ey Sona ae :ee oe oe Blowing ei egy ae eae i ee es pe) ay a es:aN ae eee Oo. oS ay ae ies S oe a Lo ee aes ee ee See on ae eee oe a  aes ice ef aS ::oe Se oe oe ee oe Nel Cet  Bil EDGER NG See a ee a a So aN oes  is ae ee pie aN Steere ie  im Panto as eae : Se eSNG ss Wee ee aoe eee) eee  pees ae ee ates Sus SN VEE oe es Sat ORE ee! a SUES ees Eee ee oe NEE eet oe a a 7 ee a icons See Gay  5! ate Ais a a  oS Sees ee rs eee ore i ene ve] i oe elle a oe iE ee ee oe ee) ee Dee es Sy ees cl ee es Se Boe ae ates oe i ee TUR Sees bane BS ee ee ep War : i  Ned Ree 3 a eee ea fee ad [Bs eet ie :eas Coe ee Aad MEN:nes mene ome oS ee val :Kae es SUS ae hSc ot Se 5 ol ee es one Were eee i ino   ee Soe ee eee es era oe Sl SJUNE sadn ie Pee SN ie eee ee ECG pee ;roe teas oe une 0 a Bis i NEE tl TEV ne ares Us oe ae oe ae 7 Ls RES Ree ease es ae Las  iE aX 2 eee ese SOR Rates  Gay oe ee oe aa SS oe Cats SS ae ey res oe oe pee oe  ale  NG ee  ee eee Se ee ee aes pea NCEE ae Ce ATE:Be es Ses Oe ONES es NT ae ee EME :ae ngs Se ee ie oe oe Ube:a See ees ee ee a EES ae aes oe i CS a aos Tae Sree ee ae ue ee eas poo ViWetmore soe ee ;os ss Sees! Pelee es Sa es ees Wet en 2 es oe eee Sa Aa nee lan:ACRE  eS Fone alc PP Sean ee  Google saute oe ee ee Se Ve Ng:oS et es ens ee Re as oo a cu ee SS ASIN ae oe as ee oe Be Ghee Sos At Ee Seay a vs Le  :es Boe eek STE ) ee rea :ace eo :oa)  oe Be RONG eae Sa eee Reese  7 jee esos ORE:eee Dee oe  ees os oe SS ae eee Oe oe ar sone Bee See a cas ee eee oe ees 6 eee ae See oa Sa a ee ee ae eee eee NN Gs RRC BEERS ES wee  :eed ae Bere RN ee ON ane :ee [eee Ee on chy aed RR oe a    a :2 . ey Ben ARE ee 8 a  eee ae Ge  eS Soe red ae gee an ae ria whe ER OES pce ey es ae aes  ee 2  ee  eee oe See:1S ee ot ee eee e ard macs 7 esJ se hee Nee (reg:eae hip ae BRS. Sas 22 Hom ak Se oe a a oe . 8 LU es ee Contra ee tet ide) Contiac ae oe ae i oe ea 333 phd CANS Sey eee ;cas as oe ees Ae oo yee ee ms a 2 :8 aS eee oe oo oo ee ee oo tive Un ae oe es  WE. 0200005 EM OF ee et ent as Of Soe ee ee eee ee Se ae oe oS ive,Continge ee ee  Active. C ot ee Bedroom:oe es 8 oe :oe eae ee re a3 a ee ee ee eee i Ces son ec ane ae coe ee ae a oS ST Ny,ee re 28  ee a :he ees oes ee :2 ie Baths ees  es es Sel SAA ei Ce oe oe Sy Las Ne Partial es  a ::os Se eo ee ee te CA aa a ee a ee a3 ee a oe List. Dat O28 oF ee ee es ee eas ee 5 PRS ae as ss ee Daysink ding Area ( os Days ee  Building oe . port oR Soe ay ene ee  ;ate ee ee De oe ae ated? ) ee eae oe ee ant Estim oo Current,eS ee es :eo as PANT H HEH oe oe ee So  :ag ere 1S:ee ee ee 2 ee RAY oe ension:S226 Pe Ne 005 ee Cas are es ay:oe eS 15:oe ee ae ee ss Os :es ee oN yes ss Coan date:as ee JM Upda Seas oe Garage ae sue! ee ce Se SG ee oes ee oe eae as ela oe ce ae mee es oe ee er ae oe ae Sees Se ae oe Se MES Benge  oe ee ee a  at oe rade,(spaces: :AVIV 2K  260K  Soe ees ee Sees  ic Soak  es one eae NCC ES So ae oe Contidel Ne ele Boe oe pe 7 _ a Mice AS ae oan ees oe ae NM a ee. ee ee eee oe Orne) oe Yeare Le :sk oo  a a  ee ee ke anes ne ;M:Change 000 oe ee AN 4) oe ae ee oe ees 6 ees es en oes ae a es  ly Se es:oe ee Se a SS See Vi Che ee oe eee oe ee LS ee oe coe es ake Cone eS ee ue 8 ee Bee Be ee ing ee A So. 2 Concrete Block,SS oe a oe oe ae os es zs ee lated See es Os Loe ne ee ee ee ee eee a ee ee inome ee aa tion:ees ee ee poke eS ae es ing Rivers eae . ::;on  bee So ee oe ) iscoversthis ae elcoming oe ORS Sue oe a oe stand we inn acs es ote ae and:Property. ee ee c ce Unitse  an Ce is a tyand:eed 2 a oo inthe. es hoodl:Ce are ber of,Unit ae eee Ge ee fan Mun ge Tae :ees ima Valley chess ees See ee ae ee S oe Point neigt mise Home eatur umber,ye oe ae a   a ee De Baie wae es Rk eee he ae  oe ee ee oe Se oo coe eee :i edrooms,pr ations ee :pe ee as Co ee ee ee fae relaxatio ee oe Oe ee igs See () fon BoA vba coer Snes Bue oo Ss Son Ror Ce Be eae iene ee i :eee ee Ce 2 Te ee eee Spacey lé:sp asis:ae Re ae ee ee ee ee ee Seen 22 amp yt Oe ee oe ee ee os a  y. bedroom Closet:offering ey ae ae Se oe a oe es 912:ee ee 4 Aas ee oe ae me es  prima dois ar an Mic thers ee ee ae  ploutside to:oe. 8 Size es ee oe a ee ee Le ee a oo oe pe ae ee ini as aaa ARES,oe Reserved oe ae eo Soe oe ee cy yon Ls ee oe ee ortunity:ee eae PSU ORE ete ee Boe eee Resourc Housing Opp ins ee  oe oe ee ee ae tors Hou ee oe a eo ee as ee'
2025-05-29 12:12:06 | INFO     | app.utils.extract_fields_util:extract_fields_from_text:107 - Trying (?i)-\s*Climate\s+Score:\s*(\d+) on line: 'ti os ES pees A ee oo Ne fe pe on Se _ Cees ee ree Pee SS  en ee oe eae SO ene ED (3) Aan Cees ae HE ind HWA  SSS EN a ve A SR wae POCKY,AS te CS ES IES ol open ERVICE aA a  ee oo Sd OR ae LE LIS:See earn WRG:Vo ees UET she oP as A) vend Poe ae oe oe 2  2 ee  ee Lil Pen a nd 7 i  a re Nt eee ee wee OF fs Paes Poms:Fo J :ie :  ane (vA LO BO) ee Po ne Ves here    ee eee NG Ge Oe ee Se OES SE oN 0 WU be EN Le  eS Ne Hees AWS 7 AO) a Ad ee a : oe ee 4 Re TAX 10 i Ca es ee ee ee Se :Sone ee Woh) A Cee ey eras ee ee oS  es a ee 7 ,2  a a Vek cis Be ji oe pee os  a a : ee poe Vea CEN eres Rae a ee (6) a 4 391 N oS :ey ae es eis cane MO) oe eee 1D SING! Peeve ee a ae ee ee Ana et 1 oe  ra ep acy EAN ALE deere nee es Se SN oe CE SPT ae sess ER Oe oe O01  ie ae ee aan ee. ons ee :es ae as ee te ee:Pou ess Boy See x OS Demet Ot fs ee Se Peon ee Sse ie ones oe OEBA eta es putas ee Se ot -ee en es ee See eee os PAPE:ee ce Pe i ie ;ot Al :to  pe ae ee Ae ue oe ae ea es a acs NOES ae eee es es pee peak a ee A i :i Ca es boa ee 1S ao ee ane ee ae eS eo i oe ees 8 eee a eo Boned Res eae a :pO oe ae oe Ley ya  a  ee oe ee ee ey Sona ae :ee oe oe Blowing ei egy ae eae i ee es pe) ay a es:aN ae eee Oo. oS ay ae ies S oe a Lo ee aes ee ee See on ae eee oe a  aes ice ef aS ::oe Se oe oe ee oe Nel Cet  Bil EDGER NG See a ee a a So aN oes  is ae ee pie aN Steere ie  im Panto as eae : Se eSNG ss Wee ee aoe eee) eee  pees ae ee ates Sus SN VEE oe es Sat ORE ee! a SUES ees Eee ee oe NEE eet oe a a 7 ee a icons See Gay  5! ate Ais a a  oS Sees ee rs eee ore i ene ve] i oe elle a oe iE ee ee oe ee) ee Dee es Sy ees cl ee es Se Boe ae ates oe i ee TUR Sees bane BS ee ee ep War : i  Ned Ree 3 a eee ea fee ad [Bs eet ie :eas Coe ee Aad MEN:nes mene ome oS ee val :Kae es SUS ae hSc ot Se 5 ol ee es one Were eee i ino   ee Soe ee eee es era oe Sl SJUNE sadn ie Pee SN ie eee ee ECG pee ;roe teas oe une 0 a Bis i NEE tl TEV ne ares Us oe ae oe ae 7 Ls RES Ree ease es ae Las  iE aX 2 eee ese SOR Rates  Gay oe ee oe aa SS oe Cats SS ae ey res oe oe pee oe  ale  NG ee  ee eee Se ee ee aes pea NCEE ae Ce ATE:Be es Ses Oe ONES es NT ae ee EME :ae ngs Se ee ie oe oe Ube:a See ees ee ee a EES ae aes oe i CS a aos Tae Sree ee ae ue ee eas poo ViWetmore soe ee ;os ss Sees! Pelee es Sa es ees Wet en 2 es oe eee Sa Aa nee lan:ACRE  eS Fone alc PP Sean ee  Google saute oe ee ee Se Ve Ng:oS et es ens ee Re as oo a cu ee SS ASIN ae oe as ee oe Be Ghee Sos At Ee Seay a vs Le  :es Boe eek STE ) ee rea :ace eo :oa)  oe Be RONG eae Sa eee Reese  7 jee esos ORE:eee Dee oe  ees os oe SS ae eee Oe oe ar sone Bee See a cas ee eee oe ees 6 eee ae See oa Sa a ee ee ae eee eee NN Gs RRC BEERS ES wee  :eed ae Bere RN ee ON ane :ee [eee Ee on chy aed RR oe a    a :2 . ey Ben ARE ee 8 a  eee ae Ge  eS Soe red ae gee an ae ria whe ER OES pce ey es ae aes  ee 2  ee  eee oe See:1S ee ot ee eee e ard macs 7 esJ se hee Nee (reg:eae hip ae BRS. Sas 22 Hom ak Se oe a a oe . 8 LU es ee Contra ee tet ide) Contiac ae oe ae i oe ea 333 phd CANS Sey eee ;cas as oe ees Ae oo yee ee ms a 2 :8 aS eee oe oo oo ee ee oo tive Un ae oe es  WE. 0200005 EM OF ee et ent as Of Soe ee ee eee ee Se ae oe oS ive,Continge ee ee  Active. C ot ee Bedroom:oe es 8 oe :oe eae ee re a3 a ee ee ee eee i Ces son ec ane ae coe ee ae a oS ST Ny,ee re 28  ee a :he ees oes ee :2 ie Baths ees  es es Sel SAA ei Ce oe oe Sy Las Ne Partial es  a ::os Se eo ee ee te CA aa a ee a ee a3 ee a oe List. Dat O28 oF ee ee es ee eas ee 5 PRS ae as ss ee Daysink ding Area ( os Days ee  Building oe . port oR Soe ay ene ee  ;ate ee ee De oe ae ated? ) ee eae oe ee ant Estim oo Current,eS ee es :eo as PANT H HEH oe oe ee So  :ag ere 1S:ee ee ee 2 ee RAY oe ension:S226 Pe Ne 005 ee Cas are es ay:oe eS 15:oe ee ae ee ss Os :es ee oN yes ss Coan date:as ee JM Upda Seas oe Garage ae sue! ee ce Se SG ee oes ee oe eae as ela oe ce ae mee es oe ee er ae oe ae Sees Se ae oe Se MES Benge  oe ee ee a  at oe rade,(spaces: :AVIV 2K  260K  Soe ees ee Sees  ic Soak  es one eae NCC ES So ae oe Contidel Ne ele Boe oe pe 7 _ a Mice AS ae oan ees oe ae NM a ee. ee ee eee oe Orne) oe Yeare Le :sk oo  a a  ee ee ke anes ne ;M:Change 000 oe ee AN 4) oe ae ee oe ees 6 ees es en oes ae a es  ly Se es:oe ee Se a SS See Vi Che ee oe eee oe ee LS ee oe coe es ake Cone eS ee ue 8 ee Bee Be ee ing ee A So. 2 Concrete Block,SS oe a oe oe ae os es zs ee lated See es Os Loe ne ee ee ee ee eee a ee ee inome ee aa tion:ees ee ee poke eS ae es ing Rivers eae . ::;on  bee So ee oe ) iscoversthis ae elcoming oe ORS Sue oe a oe stand we inn acs es ote ae and:Property. ee ee c ce Unitse  an Ce is a tyand:eed 2 a oo inthe. es hoodl:Ce are ber of,Unit ae eee Ge ee fan Mun ge Tae :ees ima Valley chess ees See ee ae ee S oe Point neigt mise Home eatur umber,ye oe ae a   a ee De Baie wae es Rk eee he ae  oe ee ee oe Se oo coe eee :i edrooms,pr ations ee :pe ee as Co ee ee ee fae relaxatio ee oe Oe ee igs See () fon BoA vba coer Snes Bue oo Ss Son Ror Ce Be eae iene ee i :eee ee Ce 2 Te ee eee Spacey lé:sp asis:ae Re ae ee ee ee ee ee Seen 22 amp yt Oe ee oe ee ee os a  y. bedroom Closet:offering ey ae ae Se oe a oe es 912:ee ee 4 Aas ee oe ae me es  prima dois ar an Mic thers ee ee ae  ploutside to:oe. 8 Size es ee oe a ee ee Le ee a oo oe pe ae ee ini as aaa ARES,oe Reserved oe ae eo Soe oe ee cy yon Ls ee oe ee ortunity:ee eae PSU ORE ete ee Boe eee Resourc Housing Opp ins ee  oe oe ee ee ae tors Hou ee oe a eo ee as ee'
2025-05-29 12:12:06 | INFO     | app.utils.extract_fields_util:extract_fields_from_text:107 - Trying (?i)Climate\s+Risk:\s*(\d+) on line: 'ti os ES pees A ee oo Ne fe pe on Se _ Cees ee ree Pee SS  en ee oe eae SO ene ED (3) Aan Cees ae HE ind HWA  SSS EN a ve A SR wae POCKY,AS te CS ES IES ol open ERVICE aA a  ee oo Sd OR ae LE LIS:See earn WRG:Vo ees UET she oP as A) vend Poe ae oe oe 2  2 ee  ee Lil Pen a nd 7 i  a re Nt eee ee wee OF fs Paes Poms:Fo J :ie :  ane (vA LO BO) ee Po ne Ves here    ee eee NG Ge Oe ee Se OES SE oN 0 WU be EN Le  eS Ne Hees AWS 7 AO) a Ad ee a : oe ee 4 Re TAX 10 i Ca es ee ee ee Se :Sone ee Woh) A Cee ey eras ee ee oS  es a ee 7 ,2  a a Vek cis Be ji oe pee os  a a : ee poe Vea CEN eres Rae a ee (6) a 4 391 N oS :ey ae es eis cane MO) oe eee 1D SING! Peeve ee a ae ee ee Ana et 1 oe  ra ep acy EAN ALE deere nee es Se SN oe CE SPT ae sess ER Oe oe O01  ie ae ee aan ee. ons ee :es ae as ee te ee:Pou ess Boy See x OS Demet Ot fs ee Se Peon ee Sse ie ones oe OEBA eta es putas ee Se ot -ee en es ee See eee os PAPE:ee ce Pe i ie ;ot Al :to  pe ae ee Ae ue oe ae ea es a acs NOES ae eee es es pee peak a ee A i :i Ca es boa ee 1S ao ee ane ee ae eS eo i oe ees 8 eee a eo Boned Res eae a :pO oe ae oe Ley ya  a  ee oe ee ee ey Sona ae :ee oe oe Blowing ei egy ae eae i ee es pe) ay a es:aN ae eee Oo. oS ay ae ies S oe a Lo ee aes ee ee See on ae eee oe a  aes ice ef aS ::oe Se oe oe ee oe Nel Cet  Bil EDGER NG See a ee a a So aN oes  is ae ee pie aN Steere ie  im Panto as eae : Se eSNG ss Wee ee aoe eee) eee  pees ae ee ates Sus SN VEE oe es Sat ORE ee! a SUES ees Eee ee oe NEE eet oe a a 7 ee a icons See Gay  5! ate Ais a a  oS Sees ee rs eee ore i ene ve] i oe elle a oe iE ee ee oe ee) ee Dee es Sy ees cl ee es Se Boe ae ates oe i ee TUR Sees bane BS ee ee ep War : i  Ned Ree 3 a eee ea fee ad [Bs eet ie :eas Coe ee Aad MEN:nes mene ome oS ee val :Kae es SUS ae hSc ot Se 5 ol ee es one Were eee i ino   ee Soe ee eee es era oe Sl SJUNE sadn ie Pee SN ie eee ee ECG pee ;roe teas oe une 0 a Bis i NEE tl TEV ne ares Us oe ae oe ae 7 Ls RES Ree ease es ae Las  iE aX 2 eee ese SOR Rates  Gay oe ee oe aa SS oe Cats SS ae ey res oe oe pee oe  ale  NG ee  ee eee Se ee ee aes pea NCEE ae Ce ATE:Be es Ses Oe ONES es NT ae ee EME :ae ngs Se ee ie oe oe Ube:a See ees ee ee a EES ae aes oe i CS a aos Tae Sree ee ae ue ee eas poo ViWetmore soe ee ;os ss Sees! Pelee es Sa es ees Wet en 2 es oe eee Sa Aa nee lan:ACRE  eS Fone alc PP Sean ee  Google saute oe ee ee Se Ve Ng:oS et es ens ee Re as oo a cu ee SS ASIN ae oe as ee oe Be Ghee Sos At Ee Seay a vs Le  :es Boe eek STE ) ee rea :ace eo :oa)  oe Be RONG eae Sa eee Reese  7 jee esos ORE:eee Dee oe  ees os oe SS ae eee Oe oe ar sone Bee See a cas ee eee oe ees 6 eee ae See oa Sa a ee ee ae eee eee NN Gs RRC BEERS ES wee  :eed ae Bere RN ee ON ane :ee [eee Ee on chy aed RR oe a    a :2 . ey Ben ARE ee 8 a  eee ae Ge  eS Soe red ae gee an ae ria whe ER OES pce ey es ae aes  ee 2  ee  eee oe See:1S ee ot ee eee e ard macs 7 esJ se hee Nee (reg:eae hip ae BRS. Sas 22 Hom ak Se oe a a oe . 8 LU es ee Contra ee tet ide) Contiac ae oe ae i oe ea 333 phd CANS Sey eee ;cas as oe ees Ae oo yee ee ms a 2 :8 aS eee oe oo oo ee ee oo tive Un ae oe es  WE. 0200005 EM OF ee et ent as Of Soe ee ee eee ee Se ae oe oS ive,Continge ee ee  Active. C ot ee Bedroom:oe es 8 oe :oe eae ee re a3 a ee ee ee eee i Ces son ec ane ae coe ee ae a oS ST Ny,ee re 28  ee a :he ees oes ee :2 ie Baths ees  es es Sel SAA ei Ce oe oe Sy Las Ne Partial es  a ::os Se eo ee ee te CA aa a ee a ee a3 ee a oe List. Dat O28 oF ee ee es ee eas ee 5 PRS ae as ss ee Daysink ding Area ( os Days ee  Building oe . port oR Soe ay ene ee  ;ate ee ee De oe ae ated? ) ee eae oe ee ant Estim oo Current,eS ee es :eo as PANT H HEH oe oe ee So  :ag ere 1S:ee ee ee 2 ee RAY oe ension:S226 Pe Ne 005 ee Cas are es ay:oe eS 15:oe ee ae ee ss Os :es ee oN yes ss Coan date:as ee JM Upda Seas oe Garage ae sue! ee ce Se SG ee oes ee oe eae as ela oe ce ae mee es oe ee er ae oe ae Sees Se ae oe Se MES Benge  oe ee ee a  at oe rade,(spaces: :AVIV 2K  260K  Soe ees ee Sees  ic Soak  es one eae NCC ES So ae oe Contidel Ne ele Boe oe pe 7 _ a Mice AS ae oan ees oe ae NM a ee. ee ee eee oe Orne) oe Yeare Le :sk oo  a a  ee ee ke anes ne ;M:Change 000 oe ee AN 4) oe ae ee oe ees 6 ees es en oes ae a es  ly Se es:oe ee Se a SS See Vi Che ee oe eee oe ee LS ee oe coe es ake Cone eS ee ue 8 ee Bee Be ee ing ee A So. 2 Concrete Block,SS oe a oe oe ae os es zs ee lated See es Os Loe ne ee ee ee ee eee a ee ee inome ee aa tion:ees ee ee poke eS ae es ing Rivers eae . ::;on  bee So ee oe ) iscoversthis ae elcoming oe ORS Sue oe a oe stand we inn acs es ote ae and:Property. ee ee c ce Unitse  an Ce is a tyand:eed 2 a oo inthe. es hoodl:Ce are ber of,Unit ae eee Ge ee fan Mun ge Tae :ees ima Valley chess ees See ee ae ee S oe Point neigt mise Home eatur umber,ye oe ae a   a ee De Baie wae es Rk eee he ae  oe ee ee oe Se oo coe eee :i edrooms,pr ations ee :pe ee as Co ee ee ee fae relaxatio ee oe Oe ee igs See () fon BoA vba coer Snes Bue oo Ss Son Ror Ce Be eae iene ee i :eee ee Ce 2 Te ee eee Spacey lé:sp asis:ae Re ae ee ee ee ee ee Seen 22 amp yt Oe ee oe ee ee os a  y. bedroom Closet:offering ey ae ae Se oe a oe es 912:ee ee 4 Aas ee oe ae me es  prima dois ar an Mic thers ee ee ae  ploutside to:oe. 8 Size es ee oe a ee ee Le ee a oo oe pe ae ee ini as aaa ARES,oe Reserved oe ae eo Soe oe ee cy yon Ls ee oe ee ortunity:ee eae PSU ORE ete ee Boe eee Resourc Housing Opp ins ee  oe oe ee ee ae tors Hou ee oe a eo ee as ee'
2025-05-29 12:12:06 | INFO     | app.utils.extract_fields_util:extract_fields_from_text:107 - Trying (?i)Property\s+Address:\s*([\w\d\s.,#-]+) on line: 'ti os ES pees A ee oo Ne fe pe on Se _ Cees ee ree Pee SS  en ee oe eae SO ene ED (3) Aan Cees ae HE ind HWA  SSS EN a ve A SR wae POCKY,AS te CS ES IES ol open ERVICE aA a  ee oo Sd OR ae LE LIS:See earn WRG:Vo ees UET she oP as A) vend Poe ae oe oe 2  2 ee  ee Lil Pen a nd 7 i  a re Nt eee ee wee OF fs Paes Poms:Fo J :ie :  ane (vA LO BO) ee Po ne Ves here    ee eee NG Ge Oe ee Se OES SE oN 0 WU be EN Le  eS Ne Hees AWS 7 AO) a Ad ee a : oe ee 4 Re TAX 10 i Ca es ee ee ee Se :Sone ee Woh) A Cee ey eras ee ee oS  es a ee 7 ,2  a a Vek cis Be ji oe pee os  a a : ee poe Vea CEN eres Rae a ee (6) a 4 391 N oS :ey ae es eis cane MO) oe eee 1D SING! Peeve ee a ae ee ee Ana et 1 oe  ra ep acy EAN ALE deere nee es Se SN oe CE SPT ae sess ER Oe oe O01  ie ae ee aan ee. ons ee :es ae as ee te ee:Pou ess Boy See x OS Demet Ot fs ee Se Peon ee Sse ie ones oe OEBA eta es putas ee Se ot -ee en es ee See eee os PAPE:ee ce Pe i ie ;ot Al :to  pe ae ee Ae ue oe ae ea es a acs NOES ae eee es es pee peak a ee A i :i Ca es boa ee 1S ao ee ane ee ae eS eo i oe ees 8 eee a eo Boned Res eae a :pO oe ae oe Ley ya  a  ee oe ee ee ey Sona ae :ee oe oe Blowing ei egy ae eae i ee es pe) ay a es:aN ae eee Oo. oS ay ae ies S oe a Lo ee aes ee ee See on ae eee oe a  aes ice ef aS ::oe Se oe oe ee oe Nel Cet  Bil EDGER NG See a ee a a So aN oes  is ae ee pie aN Steere ie  im Panto as eae : Se eSNG ss Wee ee aoe eee) eee  pees ae ee ates Sus SN VEE oe es Sat ORE ee! a SUES ees Eee ee oe NEE eet oe a a 7 ee a icons See Gay  5! ate Ais a a  oS Sees ee rs eee ore i ene ve] i oe elle a oe iE ee ee oe ee) ee Dee es Sy ees cl ee es Se Boe ae ates oe i ee TUR Sees bane BS ee ee ep War : i  Ned Ree 3 a eee ea fee ad [Bs eet ie :eas Coe ee Aad MEN:nes mene ome oS ee val :Kae es SUS ae hSc ot Se 5 ol ee es one Were eee i ino   ee Soe ee eee es era oe Sl SJUNE sadn ie Pee SN ie eee ee ECG pee ;roe teas oe une 0 a Bis i NEE tl TEV ne ares Us oe ae oe ae 7 Ls RES Ree ease es ae Las  iE aX 2 eee ese SOR Rates  Gay oe ee oe aa SS oe Cats SS ae ey res oe oe pee oe  ale  NG ee  ee eee Se ee ee aes pea NCEE ae Ce ATE:Be es Ses Oe ONES es NT ae ee EME :ae ngs Se ee ie oe oe Ube:a See ees ee ee a EES ae aes oe i CS a aos Tae Sree ee ae ue ee eas poo ViWetmore soe ee ;os ss Sees! Pelee es Sa es ees Wet en 2 es oe eee Sa Aa nee lan:ACRE  eS Fone alc PP Sean ee  Google saute oe ee ee Se Ve Ng:oS et es ens ee Re as oo a cu ee SS ASIN ae oe as ee oe Be Ghee Sos At Ee Seay a vs Le  :es Boe eek STE ) ee rea :ace eo :oa)  oe Be RONG eae Sa eee Reese  7 jee esos ORE:eee Dee oe  ees os oe SS ae eee Oe oe ar sone Bee See a cas ee eee oe ees 6 eee ae See oa Sa a ee ee ae eee eee NN Gs RRC BEERS ES wee  :eed ae Bere RN ee ON ane :ee [eee Ee on chy aed RR oe a    a :2 . ey Ben ARE ee 8 a  eee ae Ge  eS Soe red ae gee an ae ria whe ER OES pce ey es ae aes  ee 2  ee  eee oe See:1S ee ot ee eee e ard macs 7 esJ se hee Nee (reg:eae hip ae BRS. Sas 22 Hom ak Se oe a a oe . 8 LU es ee Contra ee tet ide) Contiac ae oe ae i oe ea 333 phd CANS Sey eee ;cas as oe ees Ae oo yee ee ms a 2 :8 aS eee oe oo oo ee ee oo tive Un ae oe es  WE. 0200005 EM OF ee et ent as Of Soe ee ee eee ee Se ae oe oS ive,Continge ee ee  Active. C ot ee Bedroom:oe es 8 oe :oe eae ee re a3 a ee ee ee eee i Ces son ec ane ae coe ee ae a oS ST Ny,ee re 28  ee a :he ees oes ee :2 ie Baths ees  es es Sel SAA ei Ce oe oe Sy Las Ne Partial es  a ::os Se eo ee ee te CA aa a ee a ee a3 ee a oe List. Dat O28 oF ee ee es ee eas ee 5 PRS ae as ss ee Daysink ding Area ( os Days ee  Building oe . port oR Soe ay ene ee  ;ate ee ee De oe ae ated? ) ee eae oe ee ant Estim oo Current,eS ee es :eo as PANT H HEH oe oe ee So  :ag ere 1S:ee ee ee 2 ee RAY oe ension:S226 Pe Ne 005 ee Cas are es ay:oe eS 15:oe ee ae ee ss Os :es ee oN yes ss Coan date:as ee JM Upda Seas oe Garage ae sue! ee ce Se SG ee oes ee oe eae as ela oe ce ae mee es oe ee er ae oe ae Sees Se ae oe Se MES Benge  oe ee ee a  at oe rade,(spaces: :AVIV 2K  260K  Soe ees ee Sees  ic Soak  es one eae NCC ES So ae oe Contidel Ne ele Boe oe pe 7 _ a Mice AS ae oan ees oe ae NM a ee. ee ee eee oe Orne) oe Yeare Le :sk oo  a a  ee ee ke anes ne ;M:Change 000 oe ee AN 4) oe ae ee oe ees 6 ees es en oes ae a es  ly Se es:oe ee Se a SS See Vi Che ee oe eee oe ee LS ee oe coe es ake Cone eS ee ue 8 ee Bee Be ee ing ee A So. 2 Concrete Block,SS oe a oe oe ae os es zs ee lated See es Os Loe ne ee ee ee ee eee a ee ee inome ee aa tion:ees ee ee poke eS ae es ing Rivers eae . ::;on  bee So ee oe ) iscoversthis ae elcoming oe ORS Sue oe a oe stand we inn acs es ote ae and:Property. ee ee c ce Unitse  an Ce is a tyand:eed 2 a oo inthe. es hoodl:Ce are ber of,Unit ae eee Ge ee fan Mun ge Tae :ees ima Valley chess ees See ee ae ee S oe Point neigt mise Home eatur umber,ye oe ae a   a ee De Baie wae es Rk eee he ae  oe ee ee oe Se oo coe eee :i edrooms,pr ations ee :pe ee as Co ee ee ee fae relaxatio ee oe Oe ee igs See () fon BoA vba coer Snes Bue oo Ss Son Ror Ce Be eae iene ee i :eee ee Ce 2 Te ee eee Spacey lé:sp asis:ae Re ae ee ee ee ee ee Seen 22 amp yt Oe ee oe ee ee os a  y. bedroom Closet:offering ey ae ae Se oe a oe es 912:ee ee 4 Aas ee oe ae me es  prima dois ar an Mic thers ee ee ae  ploutside to:oe. 8 Size es ee oe a ee ee Le ee a oo oe pe ae ee ini as aaa ARES,oe Reserved oe ae eo Soe oe ee cy yon Ls ee oe ee ortunity:ee eae PSU ORE ete ee Boe eee Resourc Housing Opp ins ee  oe oe ee ee ae tors Hou ee oe a eo ee as ee'
2025-05-29 12:12:06 | INFO     | app.utils.extract_fields_util:extract_fields_from_text:107 - Trying (?i)-\s*Property\s+Address:\s*([\w\d\s.,#-]+) on line: 'ti os ES pees A ee oo Ne fe pe on Se _ Cees ee ree Pee SS  en ee oe eae SO ene ED (3) Aan Cees ae HE ind HWA  SSS EN a ve A SR wae POCKY,AS te CS ES IES ol open ERVICE aA a  ee oo Sd OR ae LE LIS:See earn WRG:Vo ees UET she oP as A) vend Poe ae oe oe 2  2 ee  ee Lil Pen a nd 7 i  a re Nt eee ee wee OF fs Paes Poms:Fo J :ie :  ane (vA LO BO) ee Po ne Ves here    ee eee NG Ge Oe ee Se OES SE oN 0 WU be EN Le  eS Ne Hees AWS 7 AO) a Ad ee a : oe ee 4 Re TAX 10 i Ca es ee ee ee Se :Sone ee Woh) A Cee ey eras ee ee oS  es a ee 7 ,2  a a Vek cis Be ji oe pee os  a a : ee poe Vea CEN eres Rae a ee (6) a 4 391 N oS :ey ae es eis cane MO) oe eee 1D SING! Peeve ee a ae ee ee Ana et 1 oe  ra ep acy EAN ALE deere nee es Se SN oe CE SPT ae sess ER Oe oe O01  ie ae ee aan ee. ons ee :es ae as ee te ee:Pou ess Boy See x OS Demet Ot fs ee Se Peon ee Sse ie ones oe OEBA eta es putas ee Se ot -ee en es ee See eee os PAPE:ee ce Pe i ie ;ot Al :to  pe ae ee Ae ue oe ae ea es a acs NOES ae eee es es pee peak a ee A i :i Ca es boa ee 1S ao ee ane ee ae eS eo i oe ees 8 eee a eo Boned Res eae a :pO oe ae oe Ley ya  a  ee oe ee ee ey Sona ae :ee oe oe Blowing ei egy ae eae i ee es pe) ay a es:aN ae eee Oo. oS ay ae ies S oe a Lo ee aes ee ee See on ae eee oe a  aes ice ef aS ::oe Se oe oe ee oe Nel Cet  Bil EDGER NG See a ee a a So aN oes  is ae ee pie aN Steere ie  im Panto as eae : Se eSNG ss Wee ee aoe eee) eee  pees ae ee ates Sus SN VEE oe es Sat ORE ee! a SUES ees Eee ee oe NEE eet oe a a 7 ee a icons See Gay  5! ate Ais a a  oS Sees ee rs eee ore i ene ve] i oe elle a oe iE ee ee oe ee) ee Dee es Sy ees cl ee es Se Boe ae ates oe i ee TUR Sees bane BS ee ee ep War : i  Ned Ree 3 a eee ea fee ad [Bs eet ie :eas Coe ee Aad MEN:nes mene ome oS ee val :Kae es SUS ae hSc ot Se 5 ol ee es one Were eee i ino   ee Soe ee eee es era oe Sl SJUNE sadn ie Pee SN ie eee ee ECG pee ;roe teas oe une 0 a Bis i NEE tl TEV ne ares Us oe ae oe ae 7 Ls RES Ree ease es ae Las  iE aX 2 eee ese SOR Rates  Gay oe ee oe aa SS oe Cats SS ae ey res oe oe pee oe  ale  NG ee  ee eee Se ee ee aes pea NCEE ae Ce ATE:Be es Ses Oe ONES es NT ae ee EME :ae ngs Se ee ie oe oe Ube:a See ees ee ee a EES ae aes oe i CS a aos Tae Sree ee ae ue ee eas poo ViWetmore soe ee ;os ss Sees! Pelee es Sa es ees Wet en 2 es oe eee Sa Aa nee lan:ACRE  eS Fone alc PP Sean ee  Google saute oe ee ee Se Ve Ng:oS et es ens ee Re as oo a cu ee SS ASIN ae oe as ee oe Be Ghee Sos At Ee Seay a vs Le  :es Boe eek STE ) ee rea :ace eo :oa)  oe Be RONG eae Sa eee Reese  7 jee esos ORE:eee Dee oe  ees os oe SS ae eee Oe oe ar sone Bee See a cas ee eee oe ees 6 eee ae See oa Sa a ee ee ae eee eee NN Gs RRC BEERS ES wee  :eed ae Bere RN ee ON ane :ee [eee Ee on chy aed RR oe a    a :2 . ey Ben ARE ee 8 a  eee ae Ge  eS Soe red ae gee an ae ria whe ER OES pce ey es ae aes  ee 2  ee  eee oe See:1S ee ot ee eee e ard macs 7 esJ se hee Nee (reg:eae hip ae BRS. Sas 22 Hom ak Se oe a a oe . 8 LU es ee Contra ee tet ide) Contiac ae oe ae i oe ea 333 phd CANS Sey eee ;cas as oe ees Ae oo yee ee ms a 2 :8 aS eee oe oo oo ee ee oo tive Un ae oe es  WE. 0200005 EM OF ee et ent as Of Soe ee ee eee ee Se ae oe oS ive,Continge ee ee  Active. C ot ee Bedroom:oe es 8 oe :oe eae ee re a3 a ee ee ee eee i Ces son ec ane ae coe ee ae a oS ST Ny,ee re 28  ee a :he ees oes ee :2 ie Baths ees  es es Sel SAA ei Ce oe oe Sy Las Ne Partial es  a ::os Se eo ee ee te CA aa a ee a ee a3 ee a oe List. Dat O28 oF ee ee es ee eas ee 5 PRS ae as ss ee Daysink ding Area ( os Days ee  Building oe . port oR Soe ay ene ee  ;ate ee ee De oe ae ated? ) ee eae oe ee ant Estim oo Current,eS ee es :eo as PANT H HEH oe oe ee So  :ag ere 1S:ee ee ee 2 ee RAY oe ension:S226 Pe Ne 005 ee Cas are es ay:oe eS 15:oe ee ae ee ss Os :es ee oN yes ss Coan date:as ee JM Upda Seas oe Garage ae sue! ee ce Se SG ee oes ee oe eae as ela oe ce ae mee es oe ee er ae oe ae Sees Se ae oe Se MES Benge  oe ee ee a  at oe rade,(spaces: :AVIV 2K  260K  Soe ees ee Sees  ic Soak  es one eae NCC ES So ae oe Contidel Ne ele Boe oe pe 7 _ a Mice AS ae oan ees oe ae NM a ee. ee ee eee oe Orne) oe Yeare Le :sk oo  a a  ee ee ke anes ne ;M:Change 000 oe ee AN 4) oe ae ee oe ees 6 ees es en oes ae a es  ly Se es:oe ee Se a SS See Vi Che ee oe eee oe ee LS ee oe coe es ake Cone eS ee ue 8 ee Bee Be ee ing ee A So. 2 Concrete Block,SS oe a oe oe ae os es zs ee lated See es Os Loe ne ee ee ee ee eee a ee ee inome ee aa tion:ees ee ee poke eS ae es ing Rivers eae . ::;on  bee So ee oe ) iscoversthis ae elcoming oe ORS Sue oe a oe stand we inn acs es ote ae and:Property. ee ee c ce Unitse  an Ce is a tyand:eed 2 a oo inthe. es hoodl:Ce are ber of,Unit ae eee Ge ee fan Mun ge Tae :ees ima Valley chess ees See ee ae ee S oe Point neigt mise Home eatur umber,ye oe ae a   a ee De Baie wae es Rk eee he ae  oe ee ee oe Se oo coe eee :i edrooms,pr ations ee :pe ee as Co ee ee ee fae relaxatio ee oe Oe ee igs See () fon BoA vba coer Snes Bue oo Ss Son Ror Ce Be eae iene ee i :eee ee Ce 2 Te ee eee Spacey lé:sp asis:ae Re ae ee ee ee ee ee Seen 22 amp yt Oe ee oe ee ee os a  y. bedroom Closet:offering ey ae ae Se oe a oe es 912:ee ee 4 Aas ee oe ae me es  prima dois ar an Mic thers ee ee ae  ploutside to:oe. 8 Size es ee oe a ee ee Le ee a oo oe pe ae ee ini as aaa ARES,oe Reserved oe ae eo Soe oe ee cy yon Ls ee oe ee ortunity:ee eae PSU ORE ete ee Boe eee Resourc Housing Opp ins ee  oe oe ee ee ae tors Hou ee oe a eo ee as ee'
2025-05-29 12:12:06 | INFO     | app.utils.extract_fields_util:extract_fields_from_text:107 - Trying (?i)Address:\s*([\w\d\s.,#-]+) on line: 'ti os ES pees A ee oo Ne fe pe on Se _ Cees ee ree Pee SS  en ee oe eae SO ene ED (3) Aan Cees ae HE ind HWA  SSS EN a ve A SR wae POCKY,AS te CS ES IES ol open ERVICE aA a  ee oo Sd OR ae LE LIS:See earn WRG:Vo ees UET she oP as A) vend Poe ae oe oe 2  2 ee  ee Lil Pen a nd 7 i  a re Nt eee ee wee OF fs Paes Poms:Fo J :ie :  ane (vA LO BO) ee Po ne Ves here    ee eee NG Ge Oe ee Se OES SE oN 0 WU be EN Le  eS Ne Hees AWS 7 AO) a Ad ee a : oe ee 4 Re TAX 10 i Ca es ee ee ee Se :Sone ee Woh) A Cee ey eras ee ee oS  es a ee 7 ,2  a a Vek cis Be ji oe pee os  a a : ee poe Vea CEN eres Rae a ee (6) a 4 391 N oS :ey ae es eis cane MO) oe eee 1D SING! Peeve ee a ae ee ee Ana et 1 oe  ra ep acy EAN ALE deere nee es Se SN oe CE SPT ae sess ER Oe oe O01  ie ae ee aan ee. ons ee :es ae as ee te ee:Pou ess Boy See x OS Demet Ot fs ee Se Peon ee Sse ie ones oe OEBA eta es putas ee Se ot -ee en es ee See eee os PAPE:ee ce Pe i ie ;ot Al :to  pe ae ee Ae ue oe ae ea es a acs NOES ae eee es es pee peak a ee A i :i Ca es boa ee 1S ao ee ane ee ae eS eo i oe ees 8 eee a eo Boned Res eae a :pO oe ae oe Ley ya  a  ee oe ee ee ey Sona ae :ee oe oe Blowing ei egy ae eae i ee es pe) ay a es:aN ae eee Oo. oS ay ae ies S oe a Lo ee aes ee ee See on ae eee oe a  aes ice ef aS ::oe Se oe oe ee oe Nel Cet  Bil EDGER NG See a ee a a So aN oes  is ae ee pie aN Steere ie  im Panto as eae : Se eSNG ss Wee ee aoe eee) eee  pees ae ee ates Sus SN VEE oe es Sat ORE ee! a SUES ees Eee ee oe NEE eet oe a a 7 ee a icons See Gay  5! ate Ais a a  oS Sees ee rs eee ore i ene ve] i oe elle a oe iE ee ee oe ee) ee Dee es Sy ees cl ee es Se Boe ae ates oe i ee TUR Sees bane BS ee ee ep War : i  Ned Ree 3 a eee ea fee ad [Bs eet ie :eas Coe ee Aad MEN:nes mene ome oS ee val :Kae es SUS ae hSc ot Se 5 ol ee es one Were eee i ino   ee Soe ee eee es era oe Sl SJUNE sadn ie Pee SN ie eee ee ECG pee ;roe teas oe une 0 a Bis i NEE tl TEV ne ares Us oe ae oe ae 7 Ls RES Ree ease es ae Las  iE aX 2 eee ese SOR Rates  Gay oe ee oe aa SS oe Cats SS ae ey res oe oe pee oe  ale  NG ee  ee eee Se ee ee aes pea NCEE ae Ce ATE:Be es Ses Oe ONES es NT ae ee EME :ae ngs Se ee ie oe oe Ube:a See ees ee ee a EES ae aes oe i CS a aos Tae Sree ee ae ue ee eas poo ViWetmore soe ee ;os ss Sees! Pelee es Sa es ees Wet en 2 es oe eee Sa Aa nee lan:ACRE  eS Fone alc PP Sean ee  Google saute oe ee ee Se Ve Ng:oS et es ens ee Re as oo a cu ee SS ASIN ae oe as ee oe Be Ghee Sos At Ee Seay a vs Le  :es Boe eek STE ) ee rea :ace eo :oa)  oe Be RONG eae Sa eee Reese  7 jee esos ORE:eee Dee oe  ees os oe SS ae eee Oe oe ar sone Bee See a cas ee eee oe ees 6 eee ae See oa Sa a ee ee ae eee eee NN Gs RRC BEERS ES wee  :eed ae Bere RN ee ON ane :ee [eee Ee on chy aed RR oe a    a :2 . ey Ben ARE ee 8 a  eee ae Ge  eS Soe red ae gee an ae ria whe ER OES pce ey es ae aes  ee 2  ee  eee oe See:1S ee ot ee eee e ard macs 7 esJ se hee Nee (reg:eae hip ae BRS. Sas 22 Hom ak Se oe a a oe . 8 LU es ee Contra ee tet ide) Contiac ae oe ae i oe ea 333 phd CANS Sey eee ;cas as oe ees Ae oo yee ee ms a 2 :8 aS eee oe oo oo ee ee oo tive Un ae oe es  WE. 0200005 EM OF ee et ent as Of Soe ee ee eee ee Se ae oe oS ive,Continge ee ee  Active. C ot ee Bedroom:oe es 8 oe :oe eae ee re a3 a ee ee ee eee i Ces son ec ane ae coe ee ae a oS ST Ny,ee re 28  ee a :he ees oes ee :2 ie Baths ees  es es Sel SAA ei Ce oe oe Sy Las Ne Partial es  a ::os Se eo ee ee te CA aa a ee a ee a3 ee a oe List. Dat O28 oF ee ee es ee eas ee 5 PRS ae as ss ee Daysink ding Area ( os Days ee  Building oe . port oR Soe ay ene ee  ;ate ee ee De oe ae ated? ) ee eae oe ee ant Estim oo Current,eS ee es :eo as PANT H HEH oe oe ee So  :ag ere 1S:ee ee ee 2 ee RAY oe ension:S226 Pe Ne 005 ee Cas are es ay:oe eS 15:oe ee ae ee ss Os :es ee oN yes ss Coan date:as ee JM Upda Seas oe Garage ae sue! ee ce Se SG ee oes ee oe eae as ela oe ce ae mee es oe ee er ae oe ae Sees Se ae oe Se MES Benge  oe ee ee a  at oe rade,(spaces: :AVIV 2K  260K  Soe ees ee Sees  ic Soak  es one eae NCC ES So ae oe Contidel Ne ele Boe oe pe 7 _ a Mice AS ae oan ees oe ae NM a ee. ee ee eee oe Orne) oe Yeare Le :sk oo  a a  ee ee ke anes ne ;M:Change 000 oe ee AN 4) oe ae ee oe ees 6 ees es en oes ae a es  ly Se es:oe ee Se a SS See Vi Che ee oe eee oe ee LS ee oe coe es ake Cone eS ee ue 8 ee Bee Be ee ing ee A So. 2 Concrete Block,SS oe a oe oe ae os es zs ee lated See es Os Loe ne ee ee ee ee eee a ee ee inome ee aa tion:ees ee ee poke eS ae es ing Rivers eae . ::;on  bee So ee oe ) iscoversthis ae elcoming oe ORS Sue oe a oe stand we inn acs es ote ae and:Property. ee ee c ce Unitse  an Ce is a tyand:eed 2 a oo inthe. es hoodl:Ce are ber of,Unit ae eee Ge ee fan Mun ge Tae :ees ima Valley chess ees See ee ae ee S oe Point neigt mise Home eatur umber,ye oe ae a   a ee De Baie wae es Rk eee he ae  oe ee ee oe Se oo coe eee :i edrooms,pr ations ee :pe ee as Co ee ee ee fae relaxatio ee oe Oe ee igs See () fon BoA vba coer Snes Bue oo Ss Son Ror Ce Be eae iene ee i :eee ee Ce 2 Te ee eee Spacey lé:sp asis:ae Re ae ee ee ee ee ee Seen 22 amp yt Oe ee oe ee ee os a  y. bedroom Closet:offering ey ae ae Se oe a oe es 912:ee ee 4 Aas ee oe ae me es  prima dois ar an Mic thers ee ee ae  ploutside to:oe. 8 Size es ee oe a ee ee Le ee a oo oe pe ae ee ini as aaa ARES,oe Reserved oe ae eo Soe oe ee cy yon Ls ee oe ee ortunity:ee eae PSU ORE ete ee Boe eee Resourc Housing Opp ins ee  oe oe ee ee ae tors Hou ee oe a eo ee as ee'
2025-05-29 12:12:06 | INFO     | app.utils.extract_fields_util:extract_fields_from_text:107 - Trying (?i)Parcel\s+#:\s*([\w\d-]+) on line: 'ti os ES pees A ee oo Ne fe pe on Se _ Cees ee ree Pee SS  en ee oe eae SO ene ED (3) Aan Cees ae HE ind HWA  SSS EN a ve A SR wae POCKY,AS te CS ES IES ol open ERVICE aA a  ee oo Sd OR ae LE LIS:See earn WRG:Vo ees UET she oP as A) vend Poe ae oe oe 2  2 ee  ee Lil Pen a nd 7 i  a re Nt eee ee wee OF fs Paes Poms:Fo J :ie :  ane (vA LO BO) ee Po ne Ves here    ee eee NG Ge Oe ee Se OES SE oN 0 WU be EN Le  eS Ne Hees AWS 7 AO) a Ad ee a : oe ee 4 Re TAX 10 i Ca es ee ee ee Se :Sone ee Woh) A Cee ey eras ee ee oS  es a ee 7 ,2  a a Vek cis Be ji oe pee os  a a : ee poe Vea CEN eres Rae a ee (6) a 4 391 N oS :ey ae es eis cane MO) oe eee 1D SING! Peeve ee a ae ee ee Ana et 1 oe  ra ep acy EAN ALE deere nee es Se SN oe CE SPT ae sess ER Oe oe O01  ie ae ee aan ee. ons ee :es ae as ee te ee:Pou ess Boy See x OS Demet Ot fs ee Se Peon ee Sse ie ones oe OEBA eta es putas ee Se ot -ee en es ee See eee os PAPE:ee ce Pe i ie ;ot Al :to  pe ae ee Ae ue oe ae ea es a acs NOES ae eee es es pee peak a ee A i :i Ca es boa ee 1S ao ee ane ee ae eS eo i oe ees 8 eee a eo Boned Res eae a :pO oe ae oe Ley ya  a  ee oe ee ee ey Sona ae :ee oe oe Blowing ei egy ae eae i ee es pe) ay a es:aN ae eee Oo. oS ay ae ies S oe a Lo ee aes ee ee See on ae eee oe a  aes ice ef aS ::oe Se oe oe ee oe Nel Cet  Bil EDGER NG See a ee a a So aN oes  is ae ee pie aN Steere ie  im Panto as eae : Se eSNG ss Wee ee aoe eee) eee  pees ae ee ates Sus SN VEE oe es Sat ORE ee! a SUES ees Eee ee oe NEE eet oe a a 7 ee a icons See Gay  5! ate Ais a a  oS Sees ee rs eee ore i ene ve] i oe elle a oe iE ee ee oe ee) ee Dee es Sy ees cl ee es Se Boe ae ates oe i ee TUR Sees bane BS ee ee ep War : i  Ned Ree 3 a eee ea fee ad [Bs eet ie :eas Coe ee Aad MEN:nes mene ome oS ee val :Kae es SUS ae hSc ot Se 5 ol ee es one Were eee i ino   ee Soe ee eee es era oe Sl SJUNE sadn ie Pee SN ie eee ee ECG pee ;roe teas oe une 0 a Bis i NEE tl TEV ne ares Us oe ae oe ae 7 Ls RES Ree ease es ae Las  iE aX 2 eee ese SOR Rates  Gay oe ee oe aa SS oe Cats SS ae ey res oe oe pee oe  ale  NG ee  ee eee Se ee ee aes pea NCEE ae Ce ATE:Be es Ses Oe ONES es NT ae ee EME :ae ngs Se ee ie oe oe Ube:a See ees ee ee a EES ae aes oe i CS a aos Tae Sree ee ae ue ee eas poo ViWetmore soe ee ;os ss Sees! Pelee es Sa es ees Wet en 2 es oe eee Sa Aa nee lan:ACRE  eS Fone alc PP Sean ee  Google saute oe ee ee Se Ve Ng:oS et es ens ee Re as oo a cu ee SS ASIN ae oe as ee oe Be Ghee Sos At Ee Seay a vs Le  :es Boe eek STE ) ee rea :ace eo :oa)  oe Be RONG eae Sa eee Reese  7 jee esos ORE:eee Dee oe  ees os oe SS ae eee Oe oe ar sone Bee See a cas ee eee oe ees 6 eee ae See oa Sa a ee ee ae eee eee NN Gs RRC BEERS ES wee  :eed ae Bere RN ee ON ane :ee [eee Ee on chy aed RR oe a    a :2 . ey Ben ARE ee 8 a  eee ae Ge  eS Soe red ae gee an ae ria whe ER OES pce ey es ae aes  ee 2  ee  eee oe See:1S ee ot ee eee e ard macs 7 esJ se hee Nee (reg:eae hip ae BRS. Sas 22 Hom ak Se oe a a oe . 8 LU es ee Contra ee tet ide) Contiac ae oe ae i oe ea 333 phd CANS Sey eee ;cas as oe ees Ae oo yee ee ms a 2 :8 aS eee oe oo oo ee ee oo tive Un ae oe es  WE. 0200005 EM OF ee et ent as Of Soe ee ee eee ee Se ae oe oS ive,Continge ee ee  Active. C ot ee Bedroom:oe es 8 oe :oe eae ee re a3 a ee ee ee eee i Ces son ec ane ae coe ee ae a oS ST Ny,ee re 28  ee a :he ees oes ee :2 ie Baths ees  es es Sel SAA ei Ce oe oe Sy Las Ne Partial es  a ::os Se eo ee ee te CA aa a ee a ee a3 ee a oe List. Dat O28 oF ee ee es ee eas ee 5 PRS ae as ss ee Daysink ding Area ( os Days ee  Building oe . port oR Soe ay ene ee  ;ate ee ee De oe ae ated? ) ee eae oe ee ant Estim oo Current,eS ee es :eo as PANT H HEH oe oe ee So  :ag ere 1S:ee ee ee 2 ee RAY oe ension:S226 Pe Ne 005 ee Cas are es ay:oe eS 15:oe ee ae ee ss Os :es ee oN yes ss Coan date:as ee JM Upda Seas oe Garage ae sue! ee ce Se SG ee oes ee oe eae as ela oe ce ae mee es oe ee er ae oe ae Sees Se ae oe Se MES Benge  oe ee ee a  at oe rade,(spaces: :AVIV 2K  260K  Soe ees ee Sees  ic Soak  es one eae NCC ES So ae oe Contidel Ne ele Boe oe pe 7 _ a Mice AS ae oan ees oe ae NM a ee. ee ee eee oe Orne) oe Yeare Le :sk oo  a a  ee ee ke anes ne ;M:Change 000 oe ee AN 4) oe ae ee oe ees 6 ees es en oes ae a es  ly Se es:oe ee Se a SS See Vi Che ee oe eee oe ee LS ee oe coe es ake Cone eS ee ue 8 ee Bee Be ee ing ee A So. 2 Concrete Block,SS oe a oe oe ae os es zs ee lated See es Os Loe ne ee ee ee ee eee a ee ee inome ee aa tion:ees ee ee poke eS ae es ing Rivers eae . ::;on  bee So ee oe ) iscoversthis ae elcoming oe ORS Sue oe a oe stand we inn acs es ote ae and:Property. ee ee c ce Unitse  an Ce is a tyand:eed 2 a oo inthe. es hoodl:Ce are ber of,Unit ae eee Ge ee fan Mun ge Tae :ees ima Valley chess ees See ee ae ee S oe Point neigt mise Home eatur umber,ye oe ae a   a ee De Baie wae es Rk eee he ae  oe ee ee oe Se oo coe eee :i edrooms,pr ations ee :pe ee as Co ee ee ee fae relaxatio ee oe Oe ee igs See () fon BoA vba coer Snes Bue oo Ss Son Ror Ce Be eae iene ee i :eee ee Ce 2 Te ee eee Spacey lé:sp asis:ae Re ae ee ee ee ee ee Seen 22 amp yt Oe ee oe ee ee os a  y. bedroom Closet:offering ey ae ae Se oe a oe es 912:ee ee 4 Aas ee oe ae me es  prima dois ar an Mic thers ee ee ae  ploutside to:oe. 8 Size es ee oe a ee ee Le ee a oo oe pe ae ee ini as aaa ARES,oe Reserved oe ae eo Soe oe ee cy yon Ls ee oe ee ortunity:ee eae PSU ORE ete ee Boe eee Resourc Housing Opp ins ee  oe oe ee ee ae tors Hou ee oe a eo ee as ee'
2025-05-29 12:12:06 | INFO     | app.utils.extract_fields_util:extract_fields_from_text:107 - Trying (?i)-\s*Parcel\s+#:\s*([\w\d-]+) on line: 'ti os ES pees A ee oo Ne fe pe on Se _ Cees ee ree Pee SS  en ee oe eae SO ene ED (3) Aan Cees ae HE ind HWA  SSS EN a ve A SR wae POCKY,AS te CS ES IES ol open ERVICE aA a  ee oo Sd OR ae LE LIS:See earn WRG:Vo ees UET she oP as A) vend Poe ae oe oe 2  2 ee  ee Lil Pen a nd 7 i  a re Nt eee ee wee OF fs Paes Poms:Fo J :ie :  ane (vA LO BO) ee Po ne Ves here    ee eee NG Ge Oe ee Se OES SE oN 0 WU be EN Le  eS Ne Hees AWS 7 AO) a Ad ee a : oe ee 4 Re TAX 10 i Ca es ee ee ee Se :Sone ee Woh) A Cee ey eras ee ee oS  es a ee 7 ,2  a a Vek cis Be ji oe pee os  a a : ee poe Vea CEN eres Rae a ee (6) a 4 391 N oS :ey ae es eis cane MO) oe eee 1D SING! Peeve ee a ae ee ee Ana et 1 oe  ra ep acy EAN ALE deere nee es Se SN oe CE SPT ae sess ER Oe oe O01  ie ae ee aan ee. ons ee :es ae as ee te ee:Pou ess Boy See x OS Demet Ot fs ee Se Peon ee Sse ie ones oe OEBA eta es putas ee Se ot -ee en es ee See eee os PAPE:ee ce Pe i ie ;ot Al :to  pe ae ee Ae ue oe ae ea es a acs NOES ae eee es es pee peak a ee A i :i Ca es boa ee 1S ao ee ane ee ae eS eo i oe ees 8 eee a eo Boned Res eae a :pO oe ae oe Ley ya  a  ee oe ee ee ey Sona ae :ee oe oe Blowing ei egy ae eae i ee es pe) ay a es:aN ae eee Oo. oS ay ae ies S oe a Lo ee aes ee ee See on ae eee oe a  aes ice ef aS ::oe Se oe oe ee oe Nel Cet  Bil EDGER NG See a ee a a So aN oes  is ae ee pie aN Steere ie  im Panto as eae : Se eSNG ss Wee ee aoe eee) eee  pees ae ee ates Sus SN VEE oe es Sat ORE ee! a SUES ees Eee ee oe NEE eet oe a a 7 ee a icons See Gay  5! ate Ais a a  oS Sees ee rs eee ore i ene ve] i oe elle a oe iE ee ee oe ee) ee Dee es Sy ees cl ee es Se Boe ae ates oe i ee TUR Sees bane BS ee ee ep War : i  Ned Ree 3 a eee ea fee ad [Bs eet ie :eas Coe ee Aad MEN:nes mene ome oS ee val :Kae es SUS ae hSc ot Se 5 ol ee es one Were eee i ino   ee Soe ee eee es era oe Sl SJUNE sadn ie Pee SN ie eee ee ECG pee ;roe teas oe une 0 a Bis i NEE tl TEV ne ares Us oe ae oe ae 7 Ls RES Ree ease es ae Las  iE aX 2 eee ese SOR Rates  Gay oe ee oe aa SS oe Cats SS ae ey res oe oe pee oe  ale  NG ee  ee eee Se ee ee aes pea NCEE ae Ce ATE:Be es Ses Oe ONES es NT ae ee EME :ae ngs Se ee ie oe oe Ube:a See ees ee ee a EES ae aes oe i CS a aos Tae Sree ee ae ue ee eas poo ViWetmore soe ee ;os ss Sees! Pelee es Sa es ees Wet en 2 es oe eee Sa Aa nee lan:ACRE  eS Fone alc PP Sean ee  Google saute oe ee ee Se Ve Ng:oS et es ens ee Re as oo a cu ee SS ASIN ae oe as ee oe Be Ghee Sos At Ee Seay a vs Le  :es Boe eek STE ) ee rea :ace eo :oa)  oe Be RONG eae Sa eee Reese  7 jee esos ORE:eee Dee oe  ees os oe SS ae eee Oe oe ar sone Bee See a cas ee eee oe ees 6 eee ae See oa Sa a ee ee ae eee eee NN Gs RRC BEERS ES wee  :eed ae Bere RN ee ON ane :ee [eee Ee on chy aed RR oe a    a :2 . ey Ben ARE ee 8 a  eee ae Ge  eS Soe red ae gee an ae ria whe ER OES pce ey es ae aes  ee 2  ee  eee oe See:1S ee ot ee eee e ard macs 7 esJ se hee Nee (reg:eae hip ae BRS. Sas 22 Hom ak Se oe a a oe . 8 LU es ee Contra ee tet ide) Contiac ae oe ae i oe ea 333 phd CANS Sey eee ;cas as oe ees Ae oo yee ee ms a 2 :8 aS eee oe oo oo ee ee oo tive Un ae oe es  WE. 0200005 EM OF ee et ent as Of Soe ee ee eee ee Se ae oe oS ive,Continge ee ee  Active. C ot ee Bedroom:oe es 8 oe :oe eae ee re a3 a ee ee ee eee i Ces son ec ane ae coe ee ae a oS ST Ny,ee re 28  ee a :he ees oes ee :2 ie Baths ees  es es Sel SAA ei Ce oe oe Sy Las Ne Partial es  a ::os Se eo ee ee te CA aa a ee a ee a3 ee a oe List. Dat O28 oF ee ee es ee eas ee 5 PRS ae as ss ee Daysink ding Area ( os Days ee  Building oe . port oR Soe ay ene ee  ;ate ee ee De oe ae ated? ) ee eae oe ee ant Estim oo Current,eS ee es :eo as PANT H HEH oe oe ee So  :ag ere 1S:ee ee ee 2 ee RAY oe ension:S226 Pe Ne 005 ee Cas are es ay:oe eS 15:oe ee ae ee ss Os :es ee oN yes ss Coan date:as ee JM Upda Seas oe Garage ae sue! ee ce Se SG ee oes ee oe eae as ela oe ce ae mee es oe ee er ae oe ae Sees Se ae oe Se MES Benge  oe ee ee a  at oe rade,(spaces: :AVIV 2K  260K  Soe ees ee Sees  ic Soak  es one eae NCC ES So ae oe Contidel Ne ele Boe oe pe 7 _ a Mice AS ae oan ees oe ae NM a ee. ee ee eee oe Orne) oe Yeare Le :sk oo  a a  ee ee ke anes ne ;M:Change 000 oe ee AN 4) oe ae ee oe ees 6 ees es en oes ae a es  ly Se es:oe ee Se a SS See Vi Che ee oe eee oe ee LS ee oe coe es ake Cone eS ee ue 8 ee Bee Be ee ing ee A So. 2 Concrete Block,SS oe a oe oe ae os es zs ee lated See es Os Loe ne ee ee ee ee eee a ee ee inome ee aa tion:ees ee ee poke eS ae es ing Rivers eae . ::;on  bee So ee oe ) iscoversthis ae elcoming oe ORS Sue oe a oe stand we inn acs es ote ae and:Property. ee ee c ce Unitse  an Ce is a tyand:eed 2 a oo inthe. es hoodl:Ce are ber of,Unit ae eee Ge ee fan Mun ge Tae :ees ima Valley chess ees See ee ae ee S oe Point neigt mise Home eatur umber,ye oe ae a   a ee De Baie wae es Rk eee he ae  oe ee ee oe Se oo coe eee :i edrooms,pr ations ee :pe ee as Co ee ee ee fae relaxatio ee oe Oe ee igs See () fon BoA vba coer Snes Bue oo Ss Son Ror Ce Be eae iene ee i :eee ee Ce 2 Te ee eee Spacey lé:sp asis:ae Re ae ee ee ee ee ee Seen 22 amp yt Oe ee oe ee ee os a  y. bedroom Closet:offering ey ae ae Se oe a oe es 912:ee ee 4 Aas ee oe ae me es  prima dois ar an Mic thers ee ee ae  ploutside to:oe. 8 Size es ee oe a ee ee Le ee a oo oe pe ae ee ini as aaa ARES,oe Reserved oe ae eo Soe oe ee cy yon Ls ee oe ee ortunity:ee eae PSU ORE ete ee Boe eee Resourc Housing Opp ins ee  oe oe ee ee ae tors Hou ee oe a eo ee as ee'
2025-05-29 12:12:06 | INFO     | app.utils.extract_fields_util:extract_fields_from_text:107 - Trying (?i)Parcel\s+ID:\s*([\w\d-]+) on line: 'ti os ES pees A ee oo Ne fe pe on Se _ Cees ee ree Pee SS  en ee oe eae SO ene ED (3) Aan Cees ae HE ind HWA  SSS EN a ve A SR wae POCKY,AS te CS ES IES ol open ERVICE aA a  ee oo Sd OR ae LE LIS:See earn WRG:Vo ees UET she oP as A) vend Poe ae oe oe 2  2 ee  ee Lil Pen a nd 7 i  a re Nt eee ee wee OF fs Paes Poms:Fo J :ie :  ane (vA LO BO) ee Po ne Ves here    ee eee NG Ge Oe ee Se OES SE oN 0 WU be EN Le  eS Ne Hees AWS 7 AO) a Ad ee a : oe ee 4 Re TAX 10 i Ca es ee ee ee Se :Sone ee Woh) A Cee ey eras ee ee oS  es a ee 7 ,2  a a Vek cis Be ji oe pee os  a a : ee poe Vea CEN eres Rae a ee (6) a 4 391 N oS :ey ae es eis cane MO) oe eee 1D SING! Peeve ee a ae ee ee Ana et 1 oe  ra ep acy EAN ALE deere nee es Se SN oe CE SPT ae sess ER Oe oe O01  ie ae ee aan ee. ons ee :es ae as ee te ee:Pou ess Boy See x OS Demet Ot fs ee Se Peon ee Sse ie ones oe OEBA eta es putas ee Se ot -ee en es ee See eee os PAPE:ee ce Pe i ie ;ot Al :to  pe ae ee Ae ue oe ae ea es a acs NOES ae eee es es pee peak a ee A i :i Ca es boa ee 1S ao ee ane ee ae eS eo i oe ees 8 eee a eo Boned Res eae a :pO oe ae oe Ley ya  a  ee oe ee ee ey Sona ae :ee oe oe Blowing ei egy ae eae i ee es pe) ay a es:aN ae eee Oo. oS ay ae ies S oe a Lo ee aes ee ee See on ae eee oe a  aes ice ef aS ::oe Se oe oe ee oe Nel Cet  Bil EDGER NG See a ee a a So aN oes  is ae ee pie aN Steere ie  im Panto as eae : Se eSNG ss Wee ee aoe eee) eee  pees ae ee ates Sus SN VEE oe es Sat ORE ee! a SUES ees Eee ee oe NEE eet oe a a 7 ee a icons See Gay  5! ate Ais a a  oS Sees ee rs eee ore i ene ve] i oe elle a oe iE ee ee oe ee) ee Dee es Sy ees cl ee es Se Boe ae ates oe i ee TUR Sees bane BS ee ee ep War : i  Ned Ree 3 a eee ea fee ad [Bs eet ie :eas Coe ee Aad MEN:nes mene ome oS ee val :Kae es SUS ae hSc ot Se 5 ol ee es one Were eee i ino   ee Soe ee eee es era oe Sl SJUNE sadn ie Pee SN ie eee ee ECG pee ;roe teas oe une 0 a Bis i NEE tl TEV ne ares Us oe ae oe ae 7 Ls RES Ree ease es ae Las  iE aX 2 eee ese SOR Rates  Gay oe ee oe aa SS oe Cats SS ae ey res oe oe pee oe  ale  NG ee  ee eee Se ee ee aes pea NCEE ae Ce ATE:Be es Ses Oe ONES es NT ae ee EME :ae ngs Se ee ie oe oe Ube:a See ees ee ee a EES ae aes oe i CS a aos Tae Sree ee ae ue ee eas poo ViWetmore soe ee ;os ss Sees! Pelee es Sa es ees Wet en 2 es oe eee Sa Aa nee lan:ACRE  eS Fone alc PP Sean ee  Google saute oe ee ee Se Ve Ng:oS et es ens ee Re as oo a cu ee SS ASIN ae oe as ee oe Be Ghee Sos At Ee Seay a vs Le  :es Boe eek STE ) ee rea :ace eo :oa)  oe Be RONG eae Sa eee Reese  7 jee esos ORE:eee Dee oe  ees os oe SS ae eee Oe oe ar sone Bee See a cas ee eee oe ees 6 eee ae See oa Sa a ee ee ae eee eee NN Gs RRC BEERS ES wee  :eed ae Bere RN ee ON ane :ee [eee Ee on chy aed RR oe a    a :2 . ey Ben ARE ee 8 a  eee ae Ge  eS Soe red ae gee an ae ria whe ER OES pce ey es ae aes  ee 2  ee  eee oe See:1S ee ot ee eee e ard macs 7 esJ se hee Nee (reg:eae hip ae BRS. Sas 22 Hom ak Se oe a a oe . 8 LU es ee Contra ee tet ide) Contiac ae oe ae i oe ea 333 phd CANS Sey eee ;cas as oe ees Ae oo yee ee ms a 2 :8 aS eee oe oo oo ee ee oo tive Un ae oe es  WE. 0200005 EM OF ee et ent as Of Soe ee ee eee ee Se ae oe oS ive,Continge ee ee  Active. C ot ee Bedroom:oe es 8 oe :oe eae ee re a3 a ee ee ee eee i Ces son ec ane ae coe ee ae a oS ST Ny,ee re 28  ee a :he ees oes ee :2 ie Baths ees  es es Sel SAA ei Ce oe oe Sy Las Ne Partial es  a ::os Se eo ee ee te CA aa a ee a ee a3 ee a oe List. Dat O28 oF ee ee es ee eas ee 5 PRS ae as ss ee Daysink ding Area ( os Days ee  Building oe . port oR Soe ay ene ee  ;ate ee ee De oe ae ated? ) ee eae oe ee ant Estim oo Current,eS ee es :eo as PANT H HEH oe oe ee So  :ag ere 1S:ee ee ee 2 ee RAY oe ension:S226 Pe Ne 005 ee Cas are es ay:oe eS 15:oe ee ae ee ss Os :es ee oN yes ss Coan date:as ee JM Upda Seas oe Garage ae sue! ee ce Se SG ee oes ee oe eae as ela oe ce ae mee es oe ee er ae oe ae Sees Se ae oe Se MES Benge  oe ee ee a  at oe rade,(spaces: :AVIV 2K  260K  Soe ees ee Sees  ic Soak  es one eae NCC ES So ae oe Contidel Ne ele Boe oe pe 7 _ a Mice AS ae oan ees oe ae NM a ee. ee ee eee oe Orne) oe Yeare Le :sk oo  a a  ee ee ke anes ne ;M:Change 000 oe ee AN 4) oe ae ee oe ees 6 ees es en oes ae a es  ly Se es:oe ee Se a SS See Vi Che ee oe eee oe ee LS ee oe coe es ake Cone eS ee ue 8 ee Bee Be ee ing ee A So. 2 Concrete Block,SS oe a oe oe ae os es zs ee lated See es Os Loe ne ee ee ee ee eee a ee ee inome ee aa tion:ees ee ee poke eS ae es ing Rivers eae . ::;on  bee So ee oe ) iscoversthis ae elcoming oe ORS Sue oe a oe stand we inn acs es ote ae and:Property. ee ee c ce Unitse  an Ce is a tyand:eed 2 a oo inthe. es hoodl:Ce are ber of,Unit ae eee Ge ee fan Mun ge Tae :ees ima Valley chess ees See ee ae ee S oe Point neigt mise Home eatur umber,ye oe ae a   a ee De Baie wae es Rk eee he ae  oe ee ee oe Se oo coe eee :i edrooms,pr ations ee :pe ee as Co ee ee ee fae relaxatio ee oe Oe ee igs See () fon BoA vba coer Snes Bue oo Ss Son Ror Ce Be eae iene ee i :eee ee Ce 2 Te ee eee Spacey lé:sp asis:ae Re ae ee ee ee ee ee Seen 22 amp yt Oe ee oe ee ee os a  y. bedroom Closet:offering ey ae ae Se oe a oe es 912:ee ee 4 Aas ee oe ae me es  prima dois ar an Mic thers ee ee ae  ploutside to:oe. 8 Size es ee oe a ee ee Le ee a oo oe pe ae ee ini as aaa ARES,oe Reserved oe ae eo Soe oe ee cy yon Ls ee oe ee ortunity:ee eae PSU ORE ete ee Boe eee Resourc Housing Opp ins ee  oe oe ee ee ae tors Hou ee oe a eo ee as ee'
2025-05-29 12:12:06 | INFO     | app.utils.extract_fields_util:extract_fields_from_text:107 - Trying (?i)APN[-#:]?\s*([\w\d-]+) on line: 'ti os ES pees A ee oo Ne fe pe on Se _ Cees ee ree Pee SS  en ee oe eae SO ene ED (3) Aan Cees ae HE ind HWA  SSS EN a ve A SR wae POCKY,AS te CS ES IES ol open ERVICE aA a  ee oo Sd OR ae LE LIS:See earn WRG:Vo ees UET she oP as A) vend Poe ae oe oe 2  2 ee  ee Lil Pen a nd 7 i  a re Nt eee ee wee OF fs Paes Poms:Fo J :ie :  ane (vA LO BO) ee Po ne Ves here    ee eee NG Ge Oe ee Se OES SE oN 0 WU be EN Le  eS Ne Hees AWS 7 AO) a Ad ee a : oe ee 4 Re TAX 10 i Ca es ee ee ee Se :Sone ee Woh) A Cee ey eras ee ee oS  es a ee 7 ,2  a a Vek cis Be ji oe pee os  a a : ee poe Vea CEN eres Rae a ee (6) a 4 391 N oS :ey ae es eis cane MO) oe eee 1D SING! Peeve ee a ae ee ee Ana et 1 oe  ra ep acy EAN ALE deere nee es Se SN oe CE SPT ae sess ER Oe oe O01  ie ae ee aan ee. ons ee :es ae as ee te ee:Pou ess Boy See x OS Demet Ot fs ee Se Peon ee Sse ie ones oe OEBA eta es putas ee Se ot -ee en es ee See eee os PAPE:ee ce Pe i ie ;ot Al :to  pe ae ee Ae ue oe ae ea es a acs NOES ae eee es es pee peak a ee A i :i Ca es boa ee 1S ao ee ane ee ae eS eo i oe ees 8 eee a eo Boned Res eae a :pO oe ae oe Ley ya  a  ee oe ee ee ey Sona ae :ee oe oe Blowing ei egy ae eae i ee es pe) ay a es:aN ae eee Oo. oS ay ae ies S oe a Lo ee aes ee ee See on ae eee oe a  aes ice ef aS ::oe Se oe oe ee oe Nel Cet  Bil EDGER NG See a ee a a So aN oes  is ae ee pie aN Steere ie  im Panto as eae : Se eSNG ss Wee ee aoe eee) eee  pees ae ee ates Sus SN VEE oe es Sat ORE ee! a SUES ees Eee ee oe NEE eet oe a a 7 ee a icons See Gay  5! ate Ais a a  oS Sees ee rs eee ore i ene ve] i oe elle a oe iE ee ee oe ee) ee Dee es Sy ees cl ee es Se Boe ae ates oe i ee TUR Sees bane BS ee ee ep War : i  Ned Ree 3 a eee ea fee ad [Bs eet ie :eas Coe ee Aad MEN:nes mene ome oS ee val :Kae es SUS ae hSc ot Se 5 ol ee es one Were eee i ino   ee Soe ee eee es era oe Sl SJUNE sadn ie Pee SN ie eee ee ECG pee ;roe teas oe une 0 a Bis i NEE tl TEV ne ares Us oe ae oe ae 7 Ls RES Ree ease es ae Las  iE aX 2 eee ese SOR Rates  Gay oe ee oe aa SS oe Cats SS ae ey res oe oe pee oe  ale  NG ee  ee eee Se ee ee aes pea NCEE ae Ce ATE:Be es Ses Oe ONES es NT ae ee EME :ae ngs Se ee ie oe oe Ube:a See ees ee ee a EES ae aes oe i CS a aos Tae Sree ee ae ue ee eas poo ViWetmore soe ee ;os ss Sees! Pelee es Sa es ees Wet en 2 es oe eee Sa Aa nee lan:ACRE  eS Fone alc PP Sean ee  Google saute oe ee ee Se Ve Ng:oS et es ens ee Re as oo a cu ee SS ASIN ae oe as ee oe Be Ghee Sos At Ee Seay a vs Le  :es Boe eek STE ) ee rea :ace eo :oa)  oe Be RONG eae Sa eee Reese  7 jee esos ORE:eee Dee oe  ees os oe SS ae eee Oe oe ar sone Bee See a cas ee eee oe ees 6 eee ae See oa Sa a ee ee ae eee eee NN Gs RRC BEERS ES wee  :eed ae Bere RN ee ON ane :ee [eee Ee on chy aed RR oe a    a :2 . ey Ben ARE ee 8 a  eee ae Ge  eS Soe red ae gee an ae ria whe ER OES pce ey es ae aes  ee 2  ee  eee oe See:1S ee ot ee eee e ard macs 7 esJ se hee Nee (reg:eae hip ae BRS. Sas 22 Hom ak Se oe a a oe . 8 LU es ee Contra ee tet ide) Contiac ae oe ae i oe ea 333 phd CANS Sey eee ;cas as oe ees Ae oo yee ee ms a 2 :8 aS eee oe oo oo ee ee oo tive Un ae oe es  WE. 0200005 EM OF ee et ent as Of Soe ee ee eee ee Se ae oe oS ive,Continge ee ee  Active. C ot ee Bedroom:oe es 8 oe :oe eae ee re a3 a ee ee ee eee i Ces son ec ane ae coe ee ae a oS ST Ny,ee re 28  ee a :he ees oes ee :2 ie Baths ees  es es Sel SAA ei Ce oe oe Sy Las Ne Partial es  a ::os Se eo ee ee te CA aa a ee a ee a3 ee a oe List. Dat O28 oF ee ee es ee eas ee 5 PRS ae as ss ee Daysink ding Area ( os Days ee  Building oe . port oR Soe ay ene ee  ;ate ee ee De oe ae ated? ) ee eae oe ee ant Estim oo Current,eS ee es :eo as PANT H HEH oe oe ee So  :ag ere 1S:ee ee ee 2 ee RAY oe ension:S226 Pe Ne 005 ee Cas are es ay:oe eS 15:oe ee ae ee ss Os :es ee oN yes ss Coan date:as ee JM Upda Seas oe Garage ae sue! ee ce Se SG ee oes ee oe eae as ela oe ce ae mee es oe ee er ae oe ae Sees Se ae oe Se MES Benge  oe ee ee a  at oe rade,(spaces: :AVIV 2K  260K  Soe ees ee Sees  ic Soak  es one eae NCC ES So ae oe Contidel Ne ele Boe oe pe 7 _ a Mice AS ae oan ees oe ae NM a ee. ee ee eee oe Orne) oe Yeare Le :sk oo  a a  ee ee ke anes ne ;M:Change 000 oe ee AN 4) oe ae ee oe ees 6 ees es en oes ae a es  ly Se es:oe ee Se a SS See Vi Che ee oe eee oe ee LS ee oe coe es ake Cone eS ee ue 8 ee Bee Be ee ing ee A So. 2 Concrete Block,SS oe a oe oe ae os es zs ee lated See es Os Loe ne ee ee ee ee eee a ee ee inome ee aa tion:ees ee ee poke eS ae es ing Rivers eae . ::;on  bee So ee oe ) iscoversthis ae elcoming oe ORS Sue oe a oe stand we inn acs es ote ae and:Property. ee ee c ce Unitse  an Ce is a tyand:eed 2 a oo inthe. es hoodl:Ce are ber of,Unit ae eee Ge ee fan Mun ge Tae :ees ima Valley chess ees See ee ae ee S oe Point neigt mise Home eatur umber,ye oe ae a   a ee De Baie wae es Rk eee he ae  oe ee ee oe Se oo coe eee :i edrooms,pr ations ee :pe ee as Co ee ee ee fae relaxatio ee oe Oe ee igs See () fon BoA vba coer Snes Bue oo Ss Son Ror Ce Be eae iene ee i :eee ee Ce 2 Te ee eee Spacey lé:sp asis:ae Re ae ee ee ee ee ee Seen 22 amp yt Oe ee oe ee ee os a  y. bedroom Closet:offering ey ae ae Se oe a oe es 912:ee ee 4 Aas ee oe ae me es  prima dois ar an Mic thers ee ee ae  ploutside to:oe. 8 Size es ee oe a ee ee Le ee a oo oe pe ae ee ini as aaa ARES,oe Reserved oe ae eo Soe oe ee cy yon Ls ee oe ee ortunity:ee eae PSU ORE ete ee Boe eee Resourc Housing Opp ins ee  oe oe ee ee ae tors Hou ee oe a eo ee as ee'
2025-05-29 12:12:06 | INFO     | app.utils.extract_fields_util:extract_fields_from_text:107 - Trying (?i)Tax\s+Value:\s*\$?(\d[\d,.]*) on line: 'ti os ES pees A ee oo Ne fe pe on Se _ Cees ee ree Pee SS  en ee oe eae SO ene ED (3) Aan Cees ae HE ind HWA  SSS EN a ve A SR wae POCKY,AS te CS ES IES ol open ERVICE aA a  ee oo Sd OR ae LE LIS:See earn WRG:Vo ees UET she oP as A) vend Poe ae oe oe 2  2 ee  ee Lil Pen a nd 7 i  a re Nt eee ee wee OF fs Paes Poms:Fo J :ie :  ane (vA LO BO) ee Po ne Ves here    ee eee NG Ge Oe ee Se OES SE oN 0 WU be EN Le  eS Ne Hees AWS 7 AO) a Ad ee a : oe ee 4 Re TAX 10 i Ca es ee ee ee Se :Sone ee Woh) A Cee ey eras ee ee oS  es a ee 7 ,2  a a Vek cis Be ji oe pee os  a a : ee poe Vea CEN eres Rae a ee (6) a 4 391 N oS :ey ae es eis cane MO) oe eee 1D SING! Peeve ee a ae ee ee Ana et 1 oe  ra ep acy EAN ALE deere nee es Se SN oe CE SPT ae sess ER Oe oe O01  ie ae ee aan ee. ons ee :es ae as ee te ee:Pou ess Boy See x OS Demet Ot fs ee Se Peon ee Sse ie ones oe OEBA eta es putas ee Se ot -ee en es ee See eee os PAPE:ee ce Pe i ie ;ot Al :to  pe ae ee Ae ue oe ae ea es a acs NOES ae eee es es pee peak a ee A i :i Ca es boa ee 1S ao ee ane ee ae eS eo i oe ees 8 eee a eo Boned Res eae a :pO oe ae oe Ley ya  a  ee oe ee ee ey Sona ae :ee oe oe Blowing ei egy ae eae i ee es pe) ay a es:aN ae eee Oo. oS ay ae ies S oe a Lo ee aes ee ee See on ae eee oe a  aes ice ef aS ::oe Se oe oe ee oe Nel Cet  Bil EDGER NG See a ee a a So aN oes  is ae ee pie aN Steere ie  im Panto as eae : Se eSNG ss Wee ee aoe eee) eee  pees ae ee ates Sus SN VEE oe es Sat ORE ee! a SUES ees Eee ee oe NEE eet oe a a 7 ee a icons See Gay  5! ate Ais a a  oS Sees ee rs eee ore i ene ve] i oe elle a oe iE ee ee oe ee) ee Dee es Sy ees cl ee es Se Boe ae ates oe i ee TUR Sees bane BS ee ee ep War : i  Ned Ree 3 a eee ea fee ad [Bs eet ie :eas Coe ee Aad MEN:nes mene ome oS ee val :Kae es SUS ae hSc ot Se 5 ol ee es one Were eee i ino   ee Soe ee eee es era oe Sl SJUNE sadn ie Pee SN ie eee ee ECG pee ;roe teas oe une 0 a Bis i NEE tl TEV ne ares Us oe ae oe ae 7 Ls RES Ree ease es ae Las  iE aX 2 eee ese SOR Rates  Gay oe ee oe aa SS oe Cats SS ae ey res oe oe pee oe  ale  NG ee  ee eee Se ee ee aes pea NCEE ae Ce ATE:Be es Ses Oe ONES es NT ae ee EME :ae ngs Se ee ie oe oe Ube:a See ees ee ee a EES ae aes oe i CS a aos Tae Sree ee ae ue ee eas poo ViWetmore soe ee ;os ss Sees! Pelee es Sa es ees Wet en 2 es oe eee Sa Aa nee lan:ACRE  eS Fone alc PP Sean ee  Google saute oe ee ee Se Ve Ng:oS et es ens ee Re as oo a cu ee SS ASIN ae oe as ee oe Be Ghee Sos At Ee Seay a vs Le  :es Boe eek STE ) ee rea :ace eo :oa)  oe Be RONG eae Sa eee Reese  7 jee esos ORE:eee Dee oe  ees os oe SS ae eee Oe oe ar sone Bee See a cas ee eee oe ees 6 eee ae See oa Sa a ee ee ae eee eee NN Gs RRC BEERS ES wee  :eed ae Bere RN ee ON ane :ee [eee Ee on chy aed RR oe a    a :2 . ey Ben ARE ee 8 a  eee ae Ge  eS Soe red ae gee an ae ria whe ER OES pce ey es ae aes  ee 2  ee  eee oe See:1S ee ot ee eee e ard macs 7 esJ se hee Nee (reg:eae hip ae BRS. Sas 22 Hom ak Se oe a a oe . 8 LU es ee Contra ee tet ide) Contiac ae oe ae i oe ea 333 phd CANS Sey eee ;cas as oe ees Ae oo yee ee ms a 2 :8 aS eee oe oo oo ee ee oo tive Un ae oe es  WE. 0200005 EM OF ee et ent as Of Soe ee ee eee ee Se ae oe oS ive,Continge ee ee  Active. C ot ee Bedroom:oe es 8 oe :oe eae ee re a3 a ee ee ee eee i Ces son ec ane ae coe ee ae a oS ST Ny,ee re 28  ee a :he ees oes ee :2 ie Baths ees  es es Sel SAA ei Ce oe oe Sy Las Ne Partial es  a ::os Se eo ee ee te CA aa a ee a ee a3 ee a oe List. Dat O28 oF ee ee es ee eas ee 5 PRS ae as ss ee Daysink ding Area ( os Days ee  Building oe . port oR Soe ay ene ee  ;ate ee ee De oe ae ated? ) ee eae oe ee ant Estim oo Current,eS ee es :eo as PANT H HEH oe oe ee So  :ag ere 1S:ee ee ee 2 ee RAY oe ension:S226 Pe Ne 005 ee Cas are es ay:oe eS 15:oe ee ae ee ss Os :es ee oN yes ss Coan date:as ee JM Upda Seas oe Garage ae sue! ee ce Se SG ee oes ee oe eae as ela oe ce ae mee es oe ee er ae oe ae Sees Se ae oe Se MES Benge  oe ee ee a  at oe rade,(spaces: :AVIV 2K  260K  Soe ees ee Sees  ic Soak  es one eae NCC ES So ae oe Contidel Ne ele Boe oe pe 7 _ a Mice AS ae oan ees oe ae NM a ee. ee ee eee oe Orne) oe Yeare Le :sk oo  a a  ee ee ke anes ne ;M:Change 000 oe ee AN 4) oe ae ee oe ees 6 ees es en oes ae a es  ly Se es:oe ee Se a SS See Vi Che ee oe eee oe ee LS ee oe coe es ake Cone eS ee ue 8 ee Bee Be ee ing ee A So. 2 Concrete Block,SS oe a oe oe ae os es zs ee lated See es Os Loe ne ee ee ee ee eee a ee ee inome ee aa tion:ees ee ee poke eS ae es ing Rivers eae . ::;on  bee So ee oe ) iscoversthis ae elcoming oe ORS Sue oe a oe stand we inn acs es ote ae and:Property. ee ee c ce Unitse  an Ce is a tyand:eed 2 a oo inthe. es hoodl:Ce are ber of,Unit ae eee Ge ee fan Mun ge Tae :ees ima Valley chess ees See ee ae ee S oe Point neigt mise Home eatur umber,ye oe ae a   a ee De Baie wae es Rk eee he ae  oe ee ee oe Se oo coe eee :i edrooms,pr ations ee :pe ee as Co ee ee ee fae relaxatio ee oe Oe ee igs See () fon BoA vba coer Snes Bue oo Ss Son Ror Ce Be eae iene ee i :eee ee Ce 2 Te ee eee Spacey lé:sp asis:ae Re ae ee ee ee ee ee Seen 22 amp yt Oe ee oe ee ee os a  y. bedroom Closet:offering ey ae ae Se oe a oe es 912:ee ee 4 Aas ee oe ae me es  prima dois ar an Mic thers ee ee ae  ploutside to:oe. 8 Size es ee oe a ee ee Le ee a oo oe pe ae ee ini as aaa ARES,oe Reserved oe ae eo Soe oe ee cy yon Ls ee oe ee ortunity:ee eae PSU ORE ete ee Boe eee Resourc Housing Opp ins ee  oe oe ee ee ae tors Hou ee oe a eo ee as ee'
2025-05-29 12:12:06 | INFO     | app.utils.extract_fields_util:extract_fields_from_text:107 - Trying (?i)-\s*Tax\s+Value:\s*\$?(\d[\d,.]*) on line: 'ti os ES pees A ee oo Ne fe pe on Se _ Cees ee ree Pee SS  en ee oe eae SO ene ED (3) Aan Cees ae HE ind HWA  SSS EN a ve A SR wae POCKY,AS te CS ES IES ol open ERVICE aA a  ee oo Sd OR ae LE LIS:See earn WRG:Vo ees UET she oP as A) vend Poe ae oe oe 2  2 ee  ee Lil Pen a nd 7 i  a re Nt eee ee wee OF fs Paes Poms:Fo J :ie :  ane (vA LO BO) ee Po ne Ves here    ee eee NG Ge Oe ee Se OES SE oN 0 WU be EN Le  eS Ne Hees AWS 7 AO) a Ad ee a : oe ee 4 Re TAX 10 i Ca es ee ee ee Se :Sone ee Woh) A Cee ey eras ee ee oS  es a ee 7 ,2  a a Vek cis Be ji oe pee os  a a : ee poe Vea CEN eres Rae a ee (6) a 4 391 N oS :ey ae es eis cane MO) oe eee 1D SING! Peeve ee a ae ee ee Ana et 1 oe  ra ep acy EAN ALE deere nee es Se SN oe CE SPT ae sess ER Oe oe O01  ie ae ee aan ee. ons ee :es ae as ee te ee:Pou ess Boy See x OS Demet Ot fs ee Se Peon ee Sse ie ones oe OEBA eta es putas ee Se ot -ee en es ee See eee os PAPE:ee ce Pe i ie ;ot Al :to  pe ae ee Ae ue oe ae ea es a acs NOES ae eee es es pee peak a ee A i :i Ca es boa ee 1S ao ee ane ee ae eS eo i oe ees 8 eee a eo Boned Res eae a :pO oe ae oe Ley ya  a  ee oe ee ee ey Sona ae :ee oe oe Blowing ei egy ae eae i ee es pe) ay a es:aN ae eee Oo. oS ay ae ies S oe a Lo ee aes ee ee See on ae eee oe a  aes ice ef aS ::oe Se oe oe ee oe Nel Cet  Bil EDGER NG See a ee a a So aN oes  is ae ee pie aN Steere ie  im Panto as eae : Se eSNG ss Wee ee aoe eee) eee  pees ae ee ates Sus SN VEE oe es Sat ORE ee! a SUES ees Eee ee oe NEE eet oe a a 7 ee a icons See Gay  5! ate Ais a a  oS Sees ee rs eee ore i ene ve] i oe elle a oe iE ee ee oe ee) ee Dee es Sy ees cl ee es Se Boe ae ates oe i ee TUR Sees bane BS ee ee ep War : i  Ned Ree 3 a eee ea fee ad [Bs eet ie :eas Coe ee Aad MEN:nes mene ome oS ee val :Kae es SUS ae hSc ot Se 5 ol ee es one Were eee i ino   ee Soe ee eee es era oe Sl SJUNE sadn ie Pee SN ie eee ee ECG pee ;roe teas oe une 0 a Bis i NEE tl TEV ne ares Us oe ae oe ae 7 Ls RES Ree ease es ae Las  iE aX 2 eee ese SOR Rates  Gay oe ee oe aa SS oe Cats SS ae ey res oe oe pee oe  ale  NG ee  ee eee Se ee ee aes pea NCEE ae Ce ATE:Be es Ses Oe ONES es NT ae ee EME :ae ngs Se ee ie oe oe Ube:a See ees ee ee a EES ae aes oe i CS a aos Tae Sree ee ae ue ee eas poo ViWetmore soe ee ;os ss Sees! Pelee es Sa es ees Wet en 2 es oe eee Sa Aa nee lan:ACRE  eS Fone alc PP Sean ee  Google saute oe ee ee Se Ve Ng:oS et es ens ee Re as oo a cu ee SS ASIN ae oe as ee oe Be Ghee Sos At Ee Seay a vs Le  :es Boe eek STE ) ee rea :ace eo :oa)  oe Be RONG eae Sa eee Reese  7 jee esos ORE:eee Dee oe  ees os oe SS ae eee Oe oe ar sone Bee See a cas ee eee oe ees 6 eee ae See oa Sa a ee ee ae eee eee NN Gs RRC BEERS ES wee  :eed ae Bere RN ee ON ane :ee [eee Ee on chy aed RR oe a    a :2 . ey Ben ARE ee 8 a  eee ae Ge  eS Soe red ae gee an ae ria whe ER OES pce ey es ae aes  ee 2  ee  eee oe See:1S ee ot ee eee e ard macs 7 esJ se hee Nee (reg:eae hip ae BRS. Sas 22 Hom ak Se oe a a oe . 8 LU es ee Contra ee tet ide) Contiac ae oe ae i oe ea 333 phd CANS Sey eee ;cas as oe ees Ae oo yee ee ms a 2 :8 aS eee oe oo oo ee ee oo tive Un ae oe es  WE. 0200005 EM OF ee et ent as Of Soe ee ee eee ee Se ae oe oS ive,Continge ee ee  Active. C ot ee Bedroom:oe es 8 oe :oe eae ee re a3 a ee ee ee eee i Ces son ec ane ae coe ee ae a oS ST Ny,ee re 28  ee a :he ees oes ee :2 ie Baths ees  es es Sel SAA ei Ce oe oe Sy Las Ne Partial es  a ::os Se eo ee ee te CA aa a ee a ee a3 ee a oe List. Dat O28 oF ee ee es ee eas ee 5 PRS ae as ss ee Daysink ding Area ( os Days ee  Building oe . port oR Soe ay ene ee  ;ate ee ee De oe ae ated? ) ee eae oe ee ant Estim oo Current,eS ee es :eo as PANT H HEH oe oe ee So  :ag ere 1S:ee ee ee 2 ee RAY oe ension:S226 Pe Ne 005 ee Cas are es ay:oe eS 15:oe ee ae ee ss Os :es ee oN yes ss Coan date:as ee JM Upda Seas oe Garage ae sue! ee ce Se SG ee oes ee oe eae as ela oe ce ae mee es oe ee er ae oe ae Sees Se ae oe Se MES Benge  oe ee ee a  at oe rade,(spaces: :AVIV 2K  260K  Soe ees ee Sees  ic Soak  es one eae NCC ES So ae oe Contidel Ne ele Boe oe pe 7 _ a Mice AS ae oan ees oe ae NM a ee. ee ee eee oe Orne) oe Yeare Le :sk oo  a a  ee ee ke anes ne ;M:Change 000 oe ee AN 4) oe ae ee oe ees 6 ees es en oes ae a es  ly Se es:oe ee Se a SS See Vi Che ee oe eee oe ee LS ee oe coe es ake Cone eS ee ue 8 ee Bee Be ee ing ee A So. 2 Concrete Block,SS oe a oe oe ae os es zs ee lated See es Os Loe ne ee ee ee ee eee a ee ee inome ee aa tion:ees ee ee poke eS ae es ing Rivers eae . ::;on  bee So ee oe ) iscoversthis ae elcoming oe ORS Sue oe a oe stand we inn acs es ote ae and:Property. ee ee c ce Unitse  an Ce is a tyand:eed 2 a oo inthe. es hoodl:Ce are ber of,Unit ae eee Ge ee fan Mun ge Tae :ees ima Valley chess ees See ee ae ee S oe Point neigt mise Home eatur umber,ye oe ae a   a ee De Baie wae es Rk eee he ae  oe ee ee oe Se oo coe eee :i edrooms,pr ations ee :pe ee as Co ee ee ee fae relaxatio ee oe Oe ee igs See () fon BoA vba coer Snes Bue oo Ss Son Ror Ce Be eae iene ee i :eee ee Ce 2 Te ee eee Spacey lé:sp asis:ae Re ae ee ee ee ee ee Seen 22 amp yt Oe ee oe ee ee os a  y. bedroom Closet:offering ey ae ae Se oe a oe es 912:ee ee 4 Aas ee oe ae me es  prima dois ar an Mic thers ee ee ae  ploutside to:oe. 8 Size es ee oe a ee ee Le ee a oo oe pe ae ee ini as aaa ARES,oe Reserved oe ae eo Soe oe ee cy yon Ls ee oe ee ortunity:ee eae PSU ORE ete ee Boe eee Resourc Housing Opp ins ee  oe oe ee ee ae tors Hou ee oe a eo ee as ee'
2025-05-29 12:12:06 | INFO     | app.utils.extract_fields_util:extract_fields_from_text:107 - Trying (?i)Value:\s*\$?(\d[\d,.]*) on line: 'ti os ES pees A ee oo Ne fe pe on Se _ Cees ee ree Pee SS  en ee oe eae SO ene ED (3) Aan Cees ae HE ind HWA  SSS EN a ve A SR wae POCKY,AS te CS ES IES ol open ERVICE aA a  ee oo Sd OR ae LE LIS:See earn WRG:Vo ees UET she oP as A) vend Poe ae oe oe 2  2 ee  ee Lil Pen a nd 7 i  a re Nt eee ee wee OF fs Paes Poms:Fo J :ie :  ane (vA LO BO) ee Po ne Ves here    ee eee NG Ge Oe ee Se OES SE oN 0 WU be EN Le  eS Ne Hees AWS 7 AO) a Ad ee a : oe ee 4 Re TAX 10 i Ca es ee ee ee Se :Sone ee Woh) A Cee ey eras ee ee oS  es a ee 7 ,2  a a Vek cis Be ji oe pee os  a a : ee poe Vea CEN eres Rae a ee (6) a 4 391 N oS :ey ae es eis cane MO) oe eee 1D SING! Peeve ee a ae ee ee Ana et 1 oe  ra ep acy EAN ALE deere nee es Se SN oe CE SPT ae sess ER Oe oe O01  ie ae ee aan ee. ons ee :es ae as ee te ee:Pou ess Boy See x OS Demet Ot fs ee Se Peon ee Sse ie ones oe OEBA eta es putas ee Se ot -ee en es ee See eee os PAPE:ee ce Pe i ie ;ot Al :to  pe ae ee Ae ue oe ae ea es a acs NOES ae eee es es pee peak a ee A i :i Ca es boa ee 1S ao ee ane ee ae eS eo i oe ees 8 eee a eo Boned Res eae a :pO oe ae oe Ley ya  a  ee oe ee ee ey Sona ae :ee oe oe Blowing ei egy ae eae i ee es pe) ay a es:aN ae eee Oo. oS ay ae ies S oe a Lo ee aes ee ee See on ae eee oe a  aes ice ef aS ::oe Se oe oe ee oe Nel Cet  Bil EDGER NG See a ee a a So aN oes  is ae ee pie aN Steere ie  im Panto as eae : Se eSNG ss Wee ee aoe eee) eee  pees ae ee ates Sus SN VEE oe es Sat ORE ee! a SUES ees Eee ee oe NEE eet oe a a 7 ee a icons See Gay  5! ate Ais a a  oS Sees ee rs eee ore i ene ve] i oe elle a oe iE ee ee oe ee) ee Dee es Sy ees cl ee es Se Boe ae ates oe i ee TUR Sees bane BS ee ee ep War : i  Ned Ree 3 a eee ea fee ad [Bs eet ie :eas Coe ee Aad MEN:nes mene ome oS ee val :Kae es SUS ae hSc ot Se 5 ol ee es one Were eee i ino   ee Soe ee eee es era oe Sl SJUNE sadn ie Pee SN ie eee ee ECG pee ;roe teas oe une 0 a Bis i NEE tl TEV ne ares Us oe ae oe ae 7 Ls RES Ree ease es ae Las  iE aX 2 eee ese SOR Rates  Gay oe ee oe aa SS oe Cats SS ae ey res oe oe pee oe  ale  NG ee  ee eee Se ee ee aes pea NCEE ae Ce ATE:Be es Ses Oe ONES es NT ae ee EME :ae ngs Se ee ie oe oe Ube:a See ees ee ee a EES ae aes oe i CS a aos Tae Sree ee ae ue ee eas poo ViWetmore soe ee ;os ss Sees! Pelee es Sa es ees Wet en 2 es oe eee Sa Aa nee lan:ACRE  eS Fone alc PP Sean ee  Google saute oe ee ee Se Ve Ng:oS et es ens ee Re as oo a cu ee SS ASIN ae oe as ee oe Be Ghee Sos At Ee Seay a vs Le  :es Boe eek STE ) ee rea :ace eo :oa)  oe Be RONG eae Sa eee Reese  7 jee esos ORE:eee Dee oe  ees os oe SS ae eee Oe oe ar sone Bee See a cas ee eee oe ees 6 eee ae See oa Sa a ee ee ae eee eee NN Gs RRC BEERS ES wee  :eed ae Bere RN ee ON ane :ee [eee Ee on chy aed RR oe a    a :2 . ey Ben ARE ee 8 a  eee ae Ge  eS Soe red ae gee an ae ria whe ER OES pce ey es ae aes  ee 2  ee  eee oe See:1S ee ot ee eee e ard macs 7 esJ se hee Nee (reg:eae hip ae BRS. Sas 22 Hom ak Se oe a a oe . 8 LU es ee Contra ee tet ide) Contiac ae oe ae i oe ea 333 phd CANS Sey eee ;cas as oe ees Ae oo yee ee ms a 2 :8 aS eee oe oo oo ee ee oo tive Un ae oe es  WE. 0200005 EM OF ee et ent as Of Soe ee ee eee ee Se ae oe oS ive,Continge ee ee  Active. C ot ee Bedroom:oe es 8 oe :oe eae ee re a3 a ee ee ee eee i Ces son ec ane ae coe ee ae a oS ST Ny,ee re 28  ee a :he ees oes ee :2 ie Baths ees  es es Sel SAA ei Ce oe oe Sy Las Ne Partial es  a ::os Se eo ee ee te CA aa a ee a ee a3 ee a oe List. Dat O28 oF ee ee es ee eas ee 5 PRS ae as ss ee Daysink ding Area ( os Days ee  Building oe . port oR Soe ay ene ee  ;ate ee ee De oe ae ated? ) ee eae oe ee ant Estim oo Current,eS ee es :eo as PANT H HEH oe oe ee So  :ag ere 1S:ee ee ee 2 ee RAY oe ension:S226 Pe Ne 005 ee Cas are es ay:oe eS 15:oe ee ae ee ss Os :es ee oN yes ss Coan date:as ee JM Upda Seas oe Garage ae sue! ee ce Se SG ee oes ee oe eae as ela oe ce ae mee es oe ee er ae oe ae Sees Se ae oe Se MES Benge  oe ee ee a  at oe rade,(spaces: :AVIV 2K  260K  Soe ees ee Sees  ic Soak  es one eae NCC ES So ae oe Contidel Ne ele Boe oe pe 7 _ a Mice AS ae oan ees oe ae NM a ee. ee ee eee oe Orne) oe Yeare Le :sk oo  a a  ee ee ke anes ne ;M:Change 000 oe ee AN 4) oe ae ee oe ees 6 ees es en oes ae a es  ly Se es:oe ee Se a SS See Vi Che ee oe eee oe ee LS ee oe coe es ake Cone eS ee ue 8 ee Bee Be ee ing ee A So. 2 Concrete Block,SS oe a oe oe ae os es zs ee lated See es Os Loe ne ee ee ee ee eee a ee ee inome ee aa tion:ees ee ee poke eS ae es ing Rivers eae . ::;on  bee So ee oe ) iscoversthis ae elcoming oe ORS Sue oe a oe stand we inn acs es ote ae and:Property. ee ee c ce Unitse  an Ce is a tyand:eed 2 a oo inthe. es hoodl:Ce are ber of,Unit ae eee Ge ee fan Mun ge Tae :ees ima Valley chess ees See ee ae ee S oe Point neigt mise Home eatur umber,ye oe ae a   a ee De Baie wae es Rk eee he ae  oe ee ee oe Se oo coe eee :i edrooms,pr ations ee :pe ee as Co ee ee ee fae relaxatio ee oe Oe ee igs See () fon BoA vba coer Snes Bue oo Ss Son Ror Ce Be eae iene ee i :eee ee Ce 2 Te ee eee Spacey lé:sp asis:ae Re ae ee ee ee ee ee Seen 22 amp yt Oe ee oe ee ee os a  y. bedroom Closet:offering ey ae ae Se oe a oe es 912:ee ee 4 Aas ee oe ae me es  prima dois ar an Mic thers ee ee ae  ploutside to:oe. 8 Size es ee oe a ee ee Le ee a oo oe pe ae ee ini as aaa ARES,oe Reserved oe ae eo Soe oe ee cy yon Ls ee oe ee ortunity:ee eae PSU ORE ete ee Boe eee Resourc Housing Opp ins ee  oe oe ee ee ae tors Hou ee oe a eo ee as ee'
2025-05-29 12:12:06 | INFO     | app.utils.extract_fields_util:extract_fields_from_text:144 - Extracted fields (final): {'mls_listing': 'Not Found', 'build_year': 'Not Found', 'land_use_code': 'Not Found', 'flood_risk_score': 'Not Found', 'zoning_record': 'Not Found', 'outdated_tax_delta': 'Not Found', 'infrastructure_opacity': 'Not Found', 'regional_data_variation': 'Not Found', 'climate_score': 'Not Found', 'property_address': 'Not Found', 'parcel_id': 'Not Found', 'tax_value': 'Not Found'}
2025-05-29 12:12:06 | INFO     | app.agents.nlu_extraction_agent:extract_fields:254 - Extracted 32 fields from document: extracted_text, text, Mls Listing, Build Year, Land Use Code, Flood Risk Score, Zoning Record, Outdated Tax Delta, Infrastructure Opacity, Regional Data Variation, Climate Score, Property Address, Parcel ID, Tax Value, document_type, name, date, amount, property_address, parcel_id, tax_value, mls_listing, build_year, bedrooms, bathrooms, land_use_code, flood_risk_score, zoning_record, outdated_tax_delta, infrastructure_opacity, regional_data_variation, climate_score
2025-05-29 12:12:06 | INFO     | app.agents.nlu_extraction_agent:extract_fields:258 - Successfully extracted 2 field values: {'document_type': 'Real Estate Document', 'date': 'as ee JM Upda Seas oe Garage ae sue'}
2025-05-29 12:12:06 | INFO     | main:process_document:486 - Calculated risk score: 50 based on extracted fields
2025-05-29 12:12:07 | INFO     | app.agents.embedding_agent:generate_embedding:109 - Successfully generated embedding of dimension 1536
2025-05-29 12:12:07 | INFO     | app.agents.embedding_agent:process_document:140 - Successfully processed document and generated embedding
2025-05-29 12:12:07 | INFO     | app.agents.rag_agent:_get_connection:128 - Attempting to connect to database postgres as user postgres...
2025-05-29 12:12:08 | INFO     | app.agents.rag_agent:_get_connection:142 - Database connection successful with PG_* parameters
2025-05-29 12:12:08 | INFO     | app.agents.rag_agent:_get_connection:128 - Attempting to connect to database postgres as user postgres...
2025-05-29 12:12:08 | INFO     | app.agents.rag_agent:_get_connection:142 - Database connection successful with PG_* parameters
2025-05-29 12:12:08 | INFO     | app.agents.rag_agent:_get_connection:128 - Attempting to connect to database postgres as user postgres...
2025-05-29 12:12:08 | INFO     | app.agents.rag_agent:_get_connection:142 - Database connection successful with PG_* parameters
2025-05-29 12:12:08 | INFO     | app.agents.rag_agent:_get_connection:128 - Attempting to connect to database postgres as user postgres...
2025-05-29 12:12:08 | INFO     | app.agents.rag_agent:_get_connection:142 - Database connection successful with PG_* parameters
2025-05-29 12:12:08 | INFO     | app.agents.rag_agent:store_embedding:362 - Successfully stored embedding with ID: 4d98e178-6838-4597-933a-eb8d7bfecaad
2025-05-29 12:12:08 | INFO     | app.agents.rag_agent:_get_connection:128 - Attempting to connect to database postgres as user postgres...
2025-05-29 12:12:08 | INFO     | app.agents.rag_agent:_get_connection:142 - Database connection successful with PG_* parameters
2025-05-29 12:12:08 | INFO     | app.agents.rag_agent:_get_connection:128 - Attempting to connect to database postgres as user postgres...
2025-05-29 12:12:08 | INFO     | app.agents.rag_agent:_get_connection:142 - Database connection successful with PG_* parameters
2025-05-29 12:12:08 | INFO     | app.agents.rag_agent:find_similar_documents:453 - Found 3 similar documents
2025-05-29 12:12:08 | INFO     | app.agents.rag_agent:process_document:564 - Successfully processed document through RAG pipeline
2025-05-29 12:12:08 | INFO     | main:process_document:548 - Successfully processed document: Seller-Report-4-Scanned.jpg
2025-05-29 12:39:57 | INFO     | app.utils.file_utils:create_upload_directory:11 - Ensured upload directory exists: ./uploads
2025-05-29 12:39:57 | INFO     | app.utils.document_validator:_load_config:50 - Loaded document patterns: ['CRS_Property_Report_*', 'Zoning_*', 'MLS_*', 'Property_Tax_*', 'Flood_Map_*', 'Title_Search_*', 'Appraisal_*']
2025-05-29 12:39:57 | ERROR    | app.utils.document_validator:_load_existing_checksums:93 - Error loading existing checksums: connection to server at "localhost" (::1), port 5432 failed: FATAL:  password authentication failed for user "postgres"

2025-05-29 12:39:57 | INFO     | app.agents.ocr_normalization_agent:__init__:60 - Found Tesseract at: C:\Program Files\Tesseract-OCR\tesseract.exe
2025-05-29 12:40:00 | INFO     | app.agents.ocr_normalization_agent:__init__:88 - OCR & Normalization Agent initialized with Tesseract OCR support
2025-05-29 12:40:00 | INFO     | app.agents.ocr_normalization_agent:__init__:60 - Found Tesseract at: C:\Program Files\Tesseract-OCR\tesseract.exe
2025-05-29 12:40:00 | INFO     | app.agents.ocr_normalization_agent:__init__:88 - OCR & Normalization Agent initialized with Tesseract OCR support
2025-05-29 12:40:01 | INFO     | app.agents.nlu_extraction_agent:__init__:30 - Loaded spaCy model: en_core_web_sm
2025-05-29 12:40:01 | INFO     | app.agents.embedding_agent:__init__:37 - Embedding Agent initialized successfully
2025-05-29 12:40:01 | INFO     | app.agents.rag_agent:_get_connection:128 - Attempting to connect to database postgres as user postgres...
2025-05-29 12:40:01 | INFO     | app.agents.rag_agent:_get_connection:142 - Database connection successful with PG_* parameters
2025-05-29 12:40:01 | INFO     | app.agents.rag_agent:__init__:67 - Vector extension already exists
2025-05-29 12:40:01 | INFO     | app.agents.rag_agent:__init__:100 - Successfully created or confirmed table public.real_estate_documents
2025-05-29 12:40:01 | INFO     | app.agents.rag_agent:__init__:110 - RAG Agent initialized with full vector search capabilities
2025-05-29 12:40:01 | INFO     | app.services.risk_scoring_service:_load_config:28 - Loaded risk scoring configuration for 11 fields
2025-05-29 12:40:01 | INFO     | app.services.field_validation_service:_load_config:25 - Loaded critical fields: ['parcel_id', 'tax_value', 'property_address', 'MLS_number']
2025-05-29 12:40:01 | INFO     | main:startup_event:948 - Starting PanoramaScore API
2025-05-29 12:40:01 | INFO     | main:startup_event:949 - Configuration: Upload folder=./uploads, Max file size=10MB
2025-05-29 12:40:01 | INFO     | main:startup_event:966 - Starting PanoramaScore API
2025-05-29 12:40:01 | INFO     | main:startup_event:967 - Configuration: Upload folder=./uploads, Max file size=10MB
2025-05-29 12:41:18 | INFO     | app.utils.file_utils:create_upload_directory:11 - Ensured upload directory exists: ./uploads
2025-05-29 12:41:18 | INFO     | app.utils.document_validator:_load_config:50 - Loaded document patterns: ['CRS_Property_Report_*', 'Zoning_*', 'MLS_*', 'Property_Tax_*', 'Flood_Map_*', 'Title_Search_*', 'Appraisal_*']
2025-05-29 12:41:18 | ERROR    | app.utils.document_validator:_load_existing_checksums:93 - Error loading existing checksums: connection to server at "localhost" (::1), port 5432 failed: FATAL:  password authentication failed for user "postgres"

2025-05-29 12:41:18 | INFO     | app.agents.ocr_normalization_agent:__init__:60 - Found Tesseract at: C:\Program Files\Tesseract-OCR\tesseract.exe
2025-05-29 12:41:19 | INFO     | app.agents.ocr_normalization_agent:__init__:88 - OCR & Normalization Agent initialized with Tesseract OCR support
2025-05-29 12:41:19 | INFO     | app.agents.ocr_normalization_agent:__init__:60 - Found Tesseract at: C:\Program Files\Tesseract-OCR\tesseract.exe
2025-05-29 12:41:19 | INFO     | app.agents.ocr_normalization_agent:__init__:88 - OCR & Normalization Agent initialized with Tesseract OCR support
2025-05-29 12:41:20 | INFO     | app.agents.nlu_extraction_agent:__init__:30 - Loaded spaCy model: en_core_web_sm
2025-05-29 12:41:20 | INFO     | app.agents.embedding_agent:__init__:37 - Embedding Agent initialized successfully
2025-05-29 12:41:20 | INFO     | app.agents.rag_agent:_get_connection:128 - Attempting to connect to database postgres as user postgres...
2025-05-29 12:41:20 | INFO     | app.agents.rag_agent:_get_connection:142 - Database connection successful with PG_* parameters
2025-05-29 12:41:20 | INFO     | app.agents.rag_agent:__init__:67 - Vector extension already exists
2025-05-29 12:41:20 | INFO     | app.agents.rag_agent:__init__:100 - Successfully created or confirmed table public.real_estate_documents
2025-05-29 12:41:20 | INFO     | app.agents.rag_agent:__init__:110 - RAG Agent initialized with full vector search capabilities
2025-05-29 12:41:20 | INFO     | app.services.risk_scoring_service:_load_config:28 - Loaded risk scoring configuration for 11 fields
2025-05-29 12:41:20 | INFO     | app.services.field_validation_service:_load_config:25 - Loaded critical fields: ['parcel_id', 'tax_value', 'property_address', 'MLS_number']
2025-05-29 12:41:20 | INFO     | main:startup_event:948 - Starting PanoramaScore API
2025-05-29 12:41:20 | INFO     | main:startup_event:949 - Configuration: Upload folder=./uploads, Max file size=10MB
2025-05-29 12:41:20 | INFO     | main:startup_event:966 - Starting PanoramaScore API
2025-05-29 12:41:20 | INFO     | main:startup_event:967 - Configuration: Upload folder=./uploads, Max file size=10MB
2025-05-29 12:53:32 | WARNING  | app.agents.document_ingest_agent:ingest_document:82 - File does not match standard naming patterns: Seller-Report-5-Scanned.jpg
2025-05-29 12:53:32 | INFO     | app.agents.document_ingest_agent:ingest_document:110 - File saved: ./uploads\f07c9b6d-cfb4-48c1-9066-1a1a22a7c436.jpg
2025-05-29 12:53:32 | WARNING  | app.utils.document_validator:validate_file_integrity:226 - File does not match standard naming patterns: Seller-Report-5-Scanned.jpg
2025-05-29 12:53:33 | INFO     | app.agents.document_ingest_agent:ingest_document:152 - Document type detected: scanned_image, needs OCR: True, rotation: 0°
2025-05-29 12:53:33 | INFO     | app.agents.ocr_normalization_agent:process_document:109 - Detected document type: scanned_image, needs OCR: True, rotation: 0°
2025-05-29 12:53:34 | INFO     | app.utils.ocr_preprocessor:preprocess_image:67 - Image preprocessed successfully: C:\Users\GSC-057\Desktop\panoramascore\uploads\f07c9b6d-cfb4-48c1-9066-1a1a22a7c436_preprocessed.jpg
2025-05-29 12:53:34 | INFO     | app.agents.ocr_normalization_agent:_process_image:285 - Image preprocessed successfully: C:\Users\GSC-057\Desktop\panoramascore\uploads\f07c9b6d-cfb4-48c1-9066-1a1a22a7c436_preprocessed.jpg
2025-05-29 12:53:34 | INFO     | app.agents.ocr_normalization_agent:_process_image:301 - Starting OCR processing on C:\Users\GSC-057\Desktop\panoramascore\uploads\f07c9b6d-cfb4-48c1-9066-1a1a22a7c436_preprocessed.jpg
2025-05-29 12:54:34 | INFO     | app.agents.ocr_normalization_agent:_process_image:333 - OCR completed successfully with confidence: 34.85
2025-05-29 12:54:34 | INFO     | app.agents.ocr_normalization_agent:process_document:146 - Successfully extracted text from f07c9b6d-cfb4-48c1-9066-1a1a22a7c436.jpg
2025-05-29 12:54:34 | INFO     | app.agents.metadata_hashing_agent:process_document:38 - Generated metadata for Seller-Report-5-Scanned.jpg
2025-05-29 12:54:34 | INFO     | app.agents.ocr_normalization_agent:process_document:109 - Detected document type: scanned_image, needs OCR: True, rotation: 0°
2025-05-29 12:54:35 | INFO     | app.utils.ocr_preprocessor:preprocess_image:67 - Image preprocessed successfully: C:\Users\GSC-057\Desktop\panoramascore\uploads\f07c9b6d-cfb4-48c1-9066-1a1a22a7c436_preprocessed.jpg
2025-05-29 12:54:35 | INFO     | app.agents.ocr_normalization_agent:_process_image:285 - Image preprocessed successfully: C:\Users\GSC-057\Desktop\panoramascore\uploads\f07c9b6d-cfb4-48c1-9066-1a1a22a7c436_preprocessed.jpg
2025-05-29 12:54:35 | INFO     | app.agents.ocr_normalization_agent:_process_image:301 - Starting OCR processing on C:\Users\GSC-057\Desktop\panoramascore\uploads\f07c9b6d-cfb4-48c1-9066-1a1a22a7c436_preprocessed.jpg
2025-05-29 12:55:33 | INFO     | app.agents.ocr_normalization_agent:_process_image:333 - OCR completed successfully with confidence: 34.85
2025-05-29 12:55:33 | INFO     | app.agents.ocr_normalization_agent:process_document:146 - Successfully extracted text from f07c9b6d-cfb4-48c1-9066-1a1a22a7c436.jpg
2025-05-29 12:55:33 | INFO     | app.utils.extract_fields_util:extract_fields_from_text:107 - Trying (?i)MLS#:\s*([\w\d-]+) on line: 'J Poe oe 2 ae oe pe Es is ee i ae oe ;a ae oF 5 oe cS ae oe ae ee ioe ee aioe Ae ie ::oe ce ae Se Die ce eed a ae oe Oe Sis ea  ae :ce oe yuu a ae oo a ee :Seg. oc ce oe oe cay:ee 2 3 ete  a 3 ee ;ey BS a ae NEES  ee aS i os ey  oe ee  ae as ee a ee ee oe 2 3s On ee 8 :oe Le 3. ee ee as Se a ee oS oe a a oS ::1 oo :Dee oe a 8 ee es ae  Se :::i 2! ee a oe  Pe ae oe eae ae ae a ee   a 8 a Ss ret eee  ae oe ake ::oe oe Le eae eee :ae oe BS Oe oe aS 3 2 Le oe i oe,ae é oe ey ee 8 oe :::oe Be eet oe Ds,a ! Doe ae us a aaa cs on eS Se oe Par HS ae :Ste ST:io 2 ae ::So ae a _ ::ee ie oe Be on ace Peter Soe fee ith Eh) aoe a a ::  a ee i) ae ae . ak ae oe ae ae eeu ee ode oe 2 Eee See ee ee aS 4 :a ae, oe ya eae es ee ae ee abe ee fee oo pe ee bs Paice es io] a a oe as 2 :: : ee a a :ec 8 :::  eae Ae oe ee  ae ee :::2 :pate ce a a ae ae    a ek   oe a ie a  oe ey Sar in oe gO cin ge 5 ae ee See eA OF 3 a ;:ity fy ee i re ee ra  a US Bs ic aS Bae ee ee oF oe a :: : ee ae ae we Ay,20;oe 20 Ae :TE Co Sot ee nee pas ao :a  i  So Se ee as  yey oe eet ces ee Ss 5 ce ee 8 oe ao oe : ::SS 2c ae Be ous os oat . Sa ae Big oe Se Bo :_ ec ee Of oe Or Pes 7 an een ae ae oe ee 8 a i ite oe ae Gan a ae Po:ae Bes oe 8 ee Se SOF eG ;oe  a 8 aS eo co  ey oe 3 Be 2 ae fe ae ee a ae  2  a os  a ee :a On eee ee eae ae tee aa oo ee GES mi:oe ets a a oe oe oe oe) ae so  Us wk:S a se :ce ae oe on es is Cos EG ee eee Ee ay oe a ee ee Re ss oe es eel oe oe je oe De 8 ase ee a ee ee BS ee mate Ps ie a OSs,Cc. : OK i oe cee ae or ep EG tees ee Sis AM wares a 5 oe ee me aS ane aes sae aoe be a ee :2  2   eS EN ae 2s ae aS :oS eS. oe   :  pee:OF ae ous 8 ee ::eae 5 os a as oe eS  on noe GON oe a ee  ::i aS ee oh es ie  Sa f S ns ls  ie Ke oe be a :me ene le Ske a :eo _ as a as a :se a 3 Pe ee ee a eee ee oo  " ee ae :a ae aes a ae pee Slave ae Sil es Cae ee 5 ce  Beals cs Le a  Bree a   eae  ee a ::2 :a poe me Abe oe ae nee ae oe ee 2s oe oe oe ee es ee : :Ss oe a 4  :2  i oe oo eee a ae ee 25 ae oo   . :::Sele ee oe :a SS Ae ee icy ae 8 eo os os ea ao aS ee Sie a oe oe oo a Be Po os . a NE oe oS ses eee sea a Se ey ae ae im Sue ee ee ee bo AS oo ae ee a ee ee aL Se a Boe ee : 2 ::a ee ae a aS as fe foe a ee oe ie co ay eee ae) ae oe ee oe ore Ze 8 ae im at oe ee (a Ma on ee bs oe eg ee ee Soe 2  :;::::See os ae ay hee ee es ve ae Ra) a s oe  oe : L  :for ae oe :os Se C26) ee oe a ee ie en Be oS ee a a As Bag 2 Sh ly,a ue oe Re as Bee oe :se ::ae 3 ae o Ee 5 ee i Ox Oe Wee tae ne Re ae Uy Biss alt iss es ee Sd _ 3 oe es se Os Co 4 ae cae ae  ie  a a oS oe oe oe oe EE ia Be its apes oe ek Oe ee Sak ANGE:ee  ee oo tae Le ae  it 4 eng ae ee oe oe eo BS  ote ay Bees oe oe ae ae ae Bee Se  oS oa oo OF ee mae fu oe ae La ee oe He aS Ss ee 0:a ion Se  ee :: oo a (ae tec a ee a ec :ae  ::ae ae Le gong ie Roe Boo oy Tey ee Ae Be As ae ee he a :Le ae By se SES As Oe ee a oe we ae Se Beer ty i ENE _ 2a 7 Sos SS Oe ae aS Ke) eee Ht Ness;Ee prod fe a as a   ee ee ree pee es oe cos Sa Se oe ae Ge Loe ae S a  2 es oe Ser [gees 4 eS ae a ae cS a ee oe oe ce a   ::;:: ve ONE A at 4 ee 0:a cue a ONG ee 26 oe Bes. Pee Sie pee ie ee ee oe 35 es  A fa ee ee ee ell i a oe Ls ee oe Re) ase Oe oy oe Eb ee ee oye ane pee oe :: :::3 oe ae ee eS Cae ee gy ss ay ze oe as Oe,ay eee oe ae :ue  es Exo,:ES 5 eo a ee ee a  oS oe os ae ee SEY;: 4 :::he a ee es ase ee Bees 1D:a  ais oe:ee GO ee ee oo Sco tn oe ae  sx tes ees lee os co a :a (eS oe   Was ie ed ae Bh ae ae ne Oe ee os ae nee ee ee co ane ey a es A se eee ee eee Ss :::2 os ae he a  Los soe pyle ee oe te es oe oe  : ie pan on 5 ee 1 2 a    :::ie feo 2) oO. ae ee es  Ad Bink 10  6 Bae S58 ::! ::7 :A ae os) Cale ae i bed Ss  oe eee ee es ae a ue aie 7 Seo oe oe me  ce ee  Be te Soe oF :ee 3c nS Ds yo at Bas an las ee ;ee eA oe Aes Ge ys Fees oe pee  nee  Oe as By a oe   eee a) ene 2  oe ee rs ae we ae 8 a :2 :  ee ae ek oe He gs ::, (a es cae fies id,GEN Se es as 68 So aS age os oe co or ole ae ee oe oe ole Vag eee eee 4 oe ke SN ae ee Ns) ae a a oS ee was vs nN va ek en ea us Ee fe oe ea eC Ee eee ee ee ae es Fe PEIN:oe a oe  ae ae ae 5 Ne 25, al a 20  :Sg ae cue a a we es ae ss ae EN gee 3. a aa SN:i,a ees  os Lo ER en Ss A as 7 2 any,cad oS oe oe ar fs Be () oe St x ie :ee oe ee Hee tS,Vi Bote eer AEN on oe aS Se oO eS He ay Ne ari Liste oe aa as gs ae ee  ZW iene EN CEN oe  ee oe ee es oe oe ee fel A Rie ee Bee aif ae aes be eae ADS ca ,Be oe coe oe ee Ren,ee isa sd (ages i reek AR Sa A ae es ge ml Loe ae oe oe ene ae Pas fe :ie es 1S AP eRe 2 8 ae ee ae ep OGTR eye ep eS oie mes i Ge ee ae le 8 he ae por wee oe ie eee eae sae ee aw fat i i ie a ees  Loe  oe Sees 3] ee (Gee od ie AS 2 Soe aa eee ok Be ee A es ae ihe:a if na ab Lo ee eS Oe Pst EO a oe ee iss i De ae ae ey ae ae aD a a oe I. Tp) ee Me ae ie aN Ze ::: he fy,Ae Mi Boe : :3  ep :ae tae oe Le SF  ae ee es ey ve Hae oH ant Ng oven  : :;tee cae :cee tan oo oe est ee [oe ee oe ee ley Se ie OS oO i  ::5 Bane ERS thy ret Ae iG mee ee  :::he SER ae  oe  oe oo a oe oe 3 mal bisa a:a oe ote ate Lune cae :i ae  ue ne ys i vy eae ve sh 3   i SG ea es a fy Be ay i wee :;QD ml iC Ss ae eh i Sie le a 2 ist a ee As ze 2 Ee oo alle CANS! ES ao oe EY on Be a  A Oe ee ::Ce oe cn ae Lo x a) an A ee Po  ae ee Cee  ee a 2 los ap Zi e :a les oa :a   a  :joe. ae oe ee Bo ae ox 2. oS oe ee So le co pra x ee bee 2  : ne'
2025-05-29 12:55:33 | INFO     | app.utils.extract_fields_util:extract_fields_from_text:107 - Trying (?i)MLS:\s*([\w\d-]+) on line: 'J Poe oe 2 ae oe pe Es is ee i ae oe ;a ae oF 5 oe cS ae oe ae ee ioe ee aioe Ae ie ::oe ce ae Se Die ce eed a ae oe Oe Sis ea  ae :ce oe yuu a ae oo a ee :Seg. oc ce oe oe cay:ee 2 3 ete  a 3 ee ;ey BS a ae NEES  ee aS i os ey  oe ee  ae as ee a ee ee oe 2 3s On ee 8 :oe Le 3. ee ee as Se a ee oS oe a a oS ::1 oo :Dee oe a 8 ee es ae  Se :::i 2! ee a oe  Pe ae oe eae ae ae a ee   a 8 a Ss ret eee  ae oe ake ::oe oe Le eae eee :ae oe BS Oe oe aS 3 2 Le oe i oe,ae é oe ey ee 8 oe :::oe Be eet oe Ds,a ! Doe ae us a aaa cs on eS Se oe Par HS ae :Ste ST:io 2 ae ::So ae a _ ::ee ie oe Be on ace Peter Soe fee ith Eh) aoe a a ::  a ee i) ae ae . ak ae oe ae ae eeu ee ode oe 2 Eee See ee ee aS 4 :a ae, oe ya eae es ee ae ee abe ee fee oo pe ee bs Paice es io] a a oe as 2 :: : ee a a :ec 8 :::  eae Ae oe ee  ae ee :::2 :pate ce a a ae ae    a ek   oe a ie a  oe ey Sar in oe gO cin ge 5 ae ee See eA OF 3 a ;:ity fy ee i re ee ra  a US Bs ic aS Bae ee ee oF oe a :: : ee ae ae we Ay,20;oe 20 Ae :TE Co Sot ee nee pas ao :a  i  So Se ee as  yey oe eet ces ee Ss 5 ce ee 8 oe ao oe : ::SS 2c ae Be ous os oat . Sa ae Big oe Se Bo :_ ec ee Of oe Or Pes 7 an een ae ae oe ee 8 a i ite oe ae Gan a ae Po:ae Bes oe 8 ee Se SOF eG ;oe  a 8 aS eo co  ey oe 3 Be 2 ae fe ae ee a ae  2  a os  a ee :a On eee ee eae ae tee aa oo ee GES mi:oe ets a a oe oe oe oe) ae so  Us wk:S a se :ce ae oe on es is Cos EG ee eee Ee ay oe a ee ee Re ss oe es eel oe oe je oe De 8 ase ee a ee ee BS ee mate Ps ie a OSs,Cc. : OK i oe cee ae or ep EG tees ee Sis AM wares a 5 oe ee me aS ane aes sae aoe be a ee :2  2   eS EN ae 2s ae aS :oS eS. oe   :  pee:OF ae ous 8 ee ::eae 5 os a as oe eS  on noe GON oe a ee  ::i aS ee oh es ie  Sa f S ns ls  ie Ke oe be a :me ene le Ske a :eo _ as a as a :se a 3 Pe ee ee a eee ee oo  " ee ae :a ae aes a ae pee Slave ae Sil es Cae ee 5 ce  Beals cs Le a  Bree a   eae  ee a ::2 :a poe me Abe oe ae nee ae oe ee 2s oe oe oe ee es ee : :Ss oe a 4  :2  i oe oo eee a ae ee 25 ae oo   . :::Sele ee oe :a SS Ae ee icy ae 8 eo os os ea ao aS ee Sie a oe oe oo a Be Po os . a NE oe oS ses eee sea a Se ey ae ae im Sue ee ee ee bo AS oo ae ee a ee ee aL Se a Boe ee : 2 ::a ee ae a aS as fe foe a ee oe ie co ay eee ae) ae oe ee oe ore Ze 8 ae im at oe ee (a Ma on ee bs oe eg ee ee Soe 2  :;::::See os ae ay hee ee es ve ae Ra) a s oe  oe : L  :for ae oe :os Se C26) ee oe a ee ie en Be oS ee a a As Bag 2 Sh ly,a ue oe Re as Bee oe :se ::ae 3 ae o Ee 5 ee i Ox Oe Wee tae ne Re ae Uy Biss alt iss es ee Sd _ 3 oe es se Os Co 4 ae cae ae  ie  a a oS oe oe oe oe EE ia Be its apes oe ek Oe ee Sak ANGE:ee  ee oo tae Le ae  it 4 eng ae ee oe oe eo BS  ote ay Bees oe oe ae ae ae Bee Se  oS oa oo OF ee mae fu oe ae La ee oe He aS Ss ee 0:a ion Se  ee :: oo a (ae tec a ee a ec :ae  ::ae ae Le gong ie Roe Boo oy Tey ee Ae Be As ae ee he a :Le ae By se SES As Oe ee a oe we ae Se Beer ty i ENE _ 2a 7 Sos SS Oe ae aS Ke) eee Ht Ness;Ee prod fe a as a   ee ee ree pee es oe cos Sa Se oe ae Ge Loe ae S a  2 es oe Ser [gees 4 eS ae a ae cS a ee oe oe ce a   ::;:: ve ONE A at 4 ee 0:a cue a ONG ee 26 oe Bes. Pee Sie pee ie ee ee oe 35 es  A fa ee ee ee ell i a oe Ls ee oe Re) ase Oe oy oe Eb ee ee oye ane pee oe :: :::3 oe ae ee eS Cae ee gy ss ay ze oe as Oe,ay eee oe ae :ue  es Exo,:ES 5 eo a ee ee a  oS oe os ae ee SEY;: 4 :::he a ee es ase ee Bees 1D:a  ais oe:ee GO ee ee oo Sco tn oe ae  sx tes ees lee os co a :a (eS oe   Was ie ed ae Bh ae ae ne Oe ee os ae nee ee ee co ane ey a es A se eee ee eee Ss :::2 os ae he a  Los soe pyle ee oe te es oe oe  : ie pan on 5 ee 1 2 a    :::ie feo 2) oO. ae ee es  Ad Bink 10  6 Bae S58 ::! ::7 :A ae os) Cale ae i bed Ss  oe eee ee es ae a ue aie 7 Seo oe oe me  ce ee  Be te Soe oF :ee 3c nS Ds yo at Bas an las ee ;ee eA oe Aes Ge ys Fees oe pee  nee  Oe as By a oe   eee a) ene 2  oe ee rs ae we ae 8 a :2 :  ee ae ek oe He gs ::, (a es cae fies id,GEN Se es as 68 So aS age os oe co or ole ae ee oe oe ole Vag eee eee 4 oe ke SN ae ee Ns) ae a a oS ee was vs nN va ek en ea us Ee fe oe ea eC Ee eee ee ee ae es Fe PEIN:oe a oe  ae ae ae 5 Ne 25, al a 20  :Sg ae cue a a we es ae ss ae EN gee 3. a aa SN:i,a ees  os Lo ER en Ss A as 7 2 any,cad oS oe oe ar fs Be () oe St x ie :ee oe ee Hee tS,Vi Bote eer AEN on oe aS Se oO eS He ay Ne ari Liste oe aa as gs ae ee  ZW iene EN CEN oe  ee oe ee es oe oe ee fel A Rie ee Bee aif ae aes be eae ADS ca ,Be oe coe oe ee Ren,ee isa sd (ages i reek AR Sa A ae es ge ml Loe ae oe oe ene ae Pas fe :ie es 1S AP eRe 2 8 ae ee ae ep OGTR eye ep eS oie mes i Ge ee ae le 8 he ae por wee oe ie eee eae sae ee aw fat i i ie a ees  Loe  oe Sees 3] ee (Gee od ie AS 2 Soe aa eee ok Be ee A es ae ihe:a if na ab Lo ee eS Oe Pst EO a oe ee iss i De ae ae ey ae ae aD a a oe I. Tp) ee Me ae ie aN Ze ::: he fy,Ae Mi Boe : :3  ep :ae tae oe Le SF  ae ee es ey ve Hae oH ant Ng oven  : :;tee cae :cee tan oo oe est ee [oe ee oe ee ley Se ie OS oO i  ::5 Bane ERS thy ret Ae iG mee ee  :::he SER ae  oe  oe oo a oe oe 3 mal bisa a:a oe ote ate Lune cae :i ae  ue ne ys i vy eae ve sh 3   i SG ea es a fy Be ay i wee :;QD ml iC Ss ae eh i Sie le a 2 ist a ee As ze 2 Ee oo alle CANS! ES ao oe EY on Be a  A Oe ee ::Ce oe cn ae Lo x a) an A ee Po  ae ee Cee  ee a 2 los ap Zi e :a les oa :a   a  :joe. ae oe ee Bo ae ox 2. oS oe ee So le co pra x ee bee 2  : ne'
2025-05-29 12:55:33 | INFO     | app.utils.extract_fields_util:extract_fields_from_text:107 - Trying (?i)-\s*MLS#?:\s*([\w\d-]+) on line: 'J Poe oe 2 ae oe pe Es is ee i ae oe ;a ae oF 5 oe cS ae oe ae ee ioe ee aioe Ae ie ::oe ce ae Se Die ce eed a ae oe Oe Sis ea  ae :ce oe yuu a ae oo a ee :Seg. oc ce oe oe cay:ee 2 3 ete  a 3 ee ;ey BS a ae NEES  ee aS i os ey  oe ee  ae as ee a ee ee oe 2 3s On ee 8 :oe Le 3. ee ee as Se a ee oS oe a a oS ::1 oo :Dee oe a 8 ee es ae  Se :::i 2! ee a oe  Pe ae oe eae ae ae a ee   a 8 a Ss ret eee  ae oe ake ::oe oe Le eae eee :ae oe BS Oe oe aS 3 2 Le oe i oe,ae é oe ey ee 8 oe :::oe Be eet oe Ds,a ! Doe ae us a aaa cs on eS Se oe Par HS ae :Ste ST:io 2 ae ::So ae a _ ::ee ie oe Be on ace Peter Soe fee ith Eh) aoe a a ::  a ee i) ae ae . ak ae oe ae ae eeu ee ode oe 2 Eee See ee ee aS 4 :a ae, oe ya eae es ee ae ee abe ee fee oo pe ee bs Paice es io] a a oe as 2 :: : ee a a :ec 8 :::  eae Ae oe ee  ae ee :::2 :pate ce a a ae ae    a ek   oe a ie a  oe ey Sar in oe gO cin ge 5 ae ee See eA OF 3 a ;:ity fy ee i re ee ra  a US Bs ic aS Bae ee ee oF oe a :: : ee ae ae we Ay,20;oe 20 Ae :TE Co Sot ee nee pas ao :a  i  So Se ee as  yey oe eet ces ee Ss 5 ce ee 8 oe ao oe : ::SS 2c ae Be ous os oat . Sa ae Big oe Se Bo :_ ec ee Of oe Or Pes 7 an een ae ae oe ee 8 a i ite oe ae Gan a ae Po:ae Bes oe 8 ee Se SOF eG ;oe  a 8 aS eo co  ey oe 3 Be 2 ae fe ae ee a ae  2  a os  a ee :a On eee ee eae ae tee aa oo ee GES mi:oe ets a a oe oe oe oe) ae so  Us wk:S a se :ce ae oe on es is Cos EG ee eee Ee ay oe a ee ee Re ss oe es eel oe oe je oe De 8 ase ee a ee ee BS ee mate Ps ie a OSs,Cc. : OK i oe cee ae or ep EG tees ee Sis AM wares a 5 oe ee me aS ane aes sae aoe be a ee :2  2   eS EN ae 2s ae aS :oS eS. oe   :  pee:OF ae ous 8 ee ::eae 5 os a as oe eS  on noe GON oe a ee  ::i aS ee oh es ie  Sa f S ns ls  ie Ke oe be a :me ene le Ske a :eo _ as a as a :se a 3 Pe ee ee a eee ee oo  " ee ae :a ae aes a ae pee Slave ae Sil es Cae ee 5 ce  Beals cs Le a  Bree a   eae  ee a ::2 :a poe me Abe oe ae nee ae oe ee 2s oe oe oe ee es ee : :Ss oe a 4  :2  i oe oo eee a ae ee 25 ae oo   . :::Sele ee oe :a SS Ae ee icy ae 8 eo os os ea ao aS ee Sie a oe oe oo a Be Po os . a NE oe oS ses eee sea a Se ey ae ae im Sue ee ee ee bo AS oo ae ee a ee ee aL Se a Boe ee : 2 ::a ee ae a aS as fe foe a ee oe ie co ay eee ae) ae oe ee oe ore Ze 8 ae im at oe ee (a Ma on ee bs oe eg ee ee Soe 2  :;::::See os ae ay hee ee es ve ae Ra) a s oe  oe : L  :for ae oe :os Se C26) ee oe a ee ie en Be oS ee a a As Bag 2 Sh ly,a ue oe Re as Bee oe :se ::ae 3 ae o Ee 5 ee i Ox Oe Wee tae ne Re ae Uy Biss alt iss es ee Sd _ 3 oe es se Os Co 4 ae cae ae  ie  a a oS oe oe oe oe EE ia Be its apes oe ek Oe ee Sak ANGE:ee  ee oo tae Le ae  it 4 eng ae ee oe oe eo BS  ote ay Bees oe oe ae ae ae Bee Se  oS oa oo OF ee mae fu oe ae La ee oe He aS Ss ee 0:a ion Se  ee :: oo a (ae tec a ee a ec :ae  ::ae ae Le gong ie Roe Boo oy Tey ee Ae Be As ae ee he a :Le ae By se SES As Oe ee a oe we ae Se Beer ty i ENE _ 2a 7 Sos SS Oe ae aS Ke) eee Ht Ness;Ee prod fe a as a   ee ee ree pee es oe cos Sa Se oe ae Ge Loe ae S a  2 es oe Ser [gees 4 eS ae a ae cS a ee oe oe ce a   ::;:: ve ONE A at 4 ee 0:a cue a ONG ee 26 oe Bes. Pee Sie pee ie ee ee oe 35 es  A fa ee ee ee ell i a oe Ls ee oe Re) ase Oe oy oe Eb ee ee oye ane pee oe :: :::3 oe ae ee eS Cae ee gy ss ay ze oe as Oe,ay eee oe ae :ue  es Exo,:ES 5 eo a ee ee a  oS oe os ae ee SEY;: 4 :::he a ee es ase ee Bees 1D:a  ais oe:ee GO ee ee oo Sco tn oe ae  sx tes ees lee os co a :a (eS oe   Was ie ed ae Bh ae ae ne Oe ee os ae nee ee ee co ane ey a es A se eee ee eee Ss :::2 os ae he a  Los soe pyle ee oe te es oe oe  : ie pan on 5 ee 1 2 a    :::ie feo 2) oO. ae ee es  Ad Bink 10  6 Bae S58 ::! ::7 :A ae os) Cale ae i bed Ss  oe eee ee es ae a ue aie 7 Seo oe oe me  ce ee  Be te Soe oF :ee 3c nS Ds yo at Bas an las ee ;ee eA oe Aes Ge ys Fees oe pee  nee  Oe as By a oe   eee a) ene 2  oe ee rs ae we ae 8 a :2 :  ee ae ek oe He gs ::, (a es cae fies id,GEN Se es as 68 So aS age os oe co or ole ae ee oe oe ole Vag eee eee 4 oe ke SN ae ee Ns) ae a a oS ee was vs nN va ek en ea us Ee fe oe ea eC Ee eee ee ee ae es Fe PEIN:oe a oe  ae ae ae 5 Ne 25, al a 20  :Sg ae cue a a we es ae ss ae EN gee 3. a aa SN:i,a ees  os Lo ER en Ss A as 7 2 any,cad oS oe oe ar fs Be () oe St x ie :ee oe ee Hee tS,Vi Bote eer AEN on oe aS Se oO eS He ay Ne ari Liste oe aa as gs ae ee  ZW iene EN CEN oe  ee oe ee es oe oe ee fel A Rie ee Bee aif ae aes be eae ADS ca ,Be oe coe oe ee Ren,ee isa sd (ages i reek AR Sa A ae es ge ml Loe ae oe oe ene ae Pas fe :ie es 1S AP eRe 2 8 ae ee ae ep OGTR eye ep eS oie mes i Ge ee ae le 8 he ae por wee oe ie eee eae sae ee aw fat i i ie a ees  Loe  oe Sees 3] ee (Gee od ie AS 2 Soe aa eee ok Be ee A es ae ihe:a if na ab Lo ee eS Oe Pst EO a oe ee iss i De ae ae ey ae ae aD a a oe I. Tp) ee Me ae ie aN Ze ::: he fy,Ae Mi Boe : :3  ep :ae tae oe Le SF  ae ee es ey ve Hae oH ant Ng oven  : :;tee cae :cee tan oo oe est ee [oe ee oe ee ley Se ie OS oO i  ::5 Bane ERS thy ret Ae iG mee ee  :::he SER ae  oe  oe oo a oe oe 3 mal bisa a:a oe ote ate Lune cae :i ae  ue ne ys i vy eae ve sh 3   i SG ea es a fy Be ay i wee :;QD ml iC Ss ae eh i Sie le a 2 ist a ee As ze 2 Ee oo alle CANS! ES ao oe EY on Be a  A Oe ee ::Ce oe cn ae Lo x a) an A ee Po  ae ee Cee  ee a 2 los ap Zi e :a les oa :a   a  :joe. ae oe ee Bo ae ox 2. oS oe ee So le co pra x ee bee 2  : ne'
2025-05-29 12:55:33 | INFO     | app.utils.extract_fields_util:extract_fields_from_text:107 - Trying (?i)MLS[#:]?\s*([\w\d-]+) on line: 'J Poe oe 2 ae oe pe Es is ee i ae oe ;a ae oF 5 oe cS ae oe ae ee ioe ee aioe Ae ie ::oe ce ae Se Die ce eed a ae oe Oe Sis ea  ae :ce oe yuu a ae oo a ee :Seg. oc ce oe oe cay:ee 2 3 ete  a 3 ee ;ey BS a ae NEES  ee aS i os ey  oe ee  ae as ee a ee ee oe 2 3s On ee 8 :oe Le 3. ee ee as Se a ee oS oe a a oS ::1 oo :Dee oe a 8 ee es ae  Se :::i 2! ee a oe  Pe ae oe eae ae ae a ee   a 8 a Ss ret eee  ae oe ake ::oe oe Le eae eee :ae oe BS Oe oe aS 3 2 Le oe i oe,ae é oe ey ee 8 oe :::oe Be eet oe Ds,a ! Doe ae us a aaa cs on eS Se oe Par HS ae :Ste ST:io 2 ae ::So ae a _ ::ee ie oe Be on ace Peter Soe fee ith Eh) aoe a a ::  a ee i) ae ae . ak ae oe ae ae eeu ee ode oe 2 Eee See ee ee aS 4 :a ae, oe ya eae es ee ae ee abe ee fee oo pe ee bs Paice es io] a a oe as 2 :: : ee a a :ec 8 :::  eae Ae oe ee  ae ee :::2 :pate ce a a ae ae    a ek   oe a ie a  oe ey Sar in oe gO cin ge 5 ae ee See eA OF 3 a ;:ity fy ee i re ee ra  a US Bs ic aS Bae ee ee oF oe a :: : ee ae ae we Ay,20;oe 20 Ae :TE Co Sot ee nee pas ao :a  i  So Se ee as  yey oe eet ces ee Ss 5 ce ee 8 oe ao oe : ::SS 2c ae Be ous os oat . Sa ae Big oe Se Bo :_ ec ee Of oe Or Pes 7 an een ae ae oe ee 8 a i ite oe ae Gan a ae Po:ae Bes oe 8 ee Se SOF eG ;oe  a 8 aS eo co  ey oe 3 Be 2 ae fe ae ee a ae  2  a os  a ee :a On eee ee eae ae tee aa oo ee GES mi:oe ets a a oe oe oe oe) ae so  Us wk:S a se :ce ae oe on es is Cos EG ee eee Ee ay oe a ee ee Re ss oe es eel oe oe je oe De 8 ase ee a ee ee BS ee mate Ps ie a OSs,Cc. : OK i oe cee ae or ep EG tees ee Sis AM wares a 5 oe ee me aS ane aes sae aoe be a ee :2  2   eS EN ae 2s ae aS :oS eS. oe   :  pee:OF ae ous 8 ee ::eae 5 os a as oe eS  on noe GON oe a ee  ::i aS ee oh es ie  Sa f S ns ls  ie Ke oe be a :me ene le Ske a :eo _ as a as a :se a 3 Pe ee ee a eee ee oo  " ee ae :a ae aes a ae pee Slave ae Sil es Cae ee 5 ce  Beals cs Le a  Bree a   eae  ee a ::2 :a poe me Abe oe ae nee ae oe ee 2s oe oe oe ee es ee : :Ss oe a 4  :2  i oe oo eee a ae ee 25 ae oo   . :::Sele ee oe :a SS Ae ee icy ae 8 eo os os ea ao aS ee Sie a oe oe oo a Be Po os . a NE oe oS ses eee sea a Se ey ae ae im Sue ee ee ee bo AS oo ae ee a ee ee aL Se a Boe ee : 2 ::a ee ae a aS as fe foe a ee oe ie co ay eee ae) ae oe ee oe ore Ze 8 ae im at oe ee (a Ma on ee bs oe eg ee ee Soe 2  :;::::See os ae ay hee ee es ve ae Ra) a s oe  oe : L  :for ae oe :os Se C26) ee oe a ee ie en Be oS ee a a As Bag 2 Sh ly,a ue oe Re as Bee oe :se ::ae 3 ae o Ee 5 ee i Ox Oe Wee tae ne Re ae Uy Biss alt iss es ee Sd _ 3 oe es se Os Co 4 ae cae ae  ie  a a oS oe oe oe oe EE ia Be its apes oe ek Oe ee Sak ANGE:ee  ee oo tae Le ae  it 4 eng ae ee oe oe eo BS  ote ay Bees oe oe ae ae ae Bee Se  oS oa oo OF ee mae fu oe ae La ee oe He aS Ss ee 0:a ion Se  ee :: oo a (ae tec a ee a ec :ae  ::ae ae Le gong ie Roe Boo oy Tey ee Ae Be As ae ee he a :Le ae By se SES As Oe ee a oe we ae Se Beer ty i ENE _ 2a 7 Sos SS Oe ae aS Ke) eee Ht Ness;Ee prod fe a as a   ee ee ree pee es oe cos Sa Se oe ae Ge Loe ae S a  2 es oe Ser [gees 4 eS ae a ae cS a ee oe oe ce a   ::;:: ve ONE A at 4 ee 0:a cue a ONG ee 26 oe Bes. Pee Sie pee ie ee ee oe 35 es  A fa ee ee ee ell i a oe Ls ee oe Re) ase Oe oy oe Eb ee ee oye ane pee oe :: :::3 oe ae ee eS Cae ee gy ss ay ze oe as Oe,ay eee oe ae :ue  es Exo,:ES 5 eo a ee ee a  oS oe os ae ee SEY;: 4 :::he a ee es ase ee Bees 1D:a  ais oe:ee GO ee ee oo Sco tn oe ae  sx tes ees lee os co a :a (eS oe   Was ie ed ae Bh ae ae ne Oe ee os ae nee ee ee co ane ey a es A se eee ee eee Ss :::2 os ae he a  Los soe pyle ee oe te es oe oe  : ie pan on 5 ee 1 2 a    :::ie feo 2) oO. ae ee es  Ad Bink 10  6 Bae S58 ::! ::7 :A ae os) Cale ae i bed Ss  oe eee ee es ae a ue aie 7 Seo oe oe me  ce ee  Be te Soe oF :ee 3c nS Ds yo at Bas an las ee ;ee eA oe Aes Ge ys Fees oe pee  nee  Oe as By a oe   eee a) ene 2  oe ee rs ae we ae 8 a :2 :  ee ae ek oe He gs ::, (a es cae fies id,GEN Se es as 68 So aS age os oe co or ole ae ee oe oe ole Vag eee eee 4 oe ke SN ae ee Ns) ae a a oS ee was vs nN va ek en ea us Ee fe oe ea eC Ee eee ee ee ae es Fe PEIN:oe a oe  ae ae ae 5 Ne 25, al a 20  :Sg ae cue a a we es ae ss ae EN gee 3. a aa SN:i,a ees  os Lo ER en Ss A as 7 2 any,cad oS oe oe ar fs Be () oe St x ie :ee oe ee Hee tS,Vi Bote eer AEN on oe aS Se oO eS He ay Ne ari Liste oe aa as gs ae ee  ZW iene EN CEN oe  ee oe ee es oe oe ee fel A Rie ee Bee aif ae aes be eae ADS ca ,Be oe coe oe ee Ren,ee isa sd (ages i reek AR Sa A ae es ge ml Loe ae oe oe ene ae Pas fe :ie es 1S AP eRe 2 8 ae ee ae ep OGTR eye ep eS oie mes i Ge ee ae le 8 he ae por wee oe ie eee eae sae ee aw fat i i ie a ees  Loe  oe Sees 3] ee (Gee od ie AS 2 Soe aa eee ok Be ee A es ae ihe:a if na ab Lo ee eS Oe Pst EO a oe ee iss i De ae ae ey ae ae aD a a oe I. Tp) ee Me ae ie aN Ze ::: he fy,Ae Mi Boe : :3  ep :ae tae oe Le SF  ae ee es ey ve Hae oH ant Ng oven  : :;tee cae :cee tan oo oe est ee [oe ee oe ee ley Se ie OS oO i  ::5 Bane ERS thy ret Ae iG mee ee  :::he SER ae  oe  oe oo a oe oe 3 mal bisa a:a oe ote ate Lune cae :i ae  ue ne ys i vy eae ve sh 3   i SG ea es a fy Be ay i wee :;QD ml iC Ss ae eh i Sie le a 2 ist a ee As ze 2 Ee oo alle CANS! ES ao oe EY on Be a  A Oe ee ::Ce oe cn ae Lo x a) an A ee Po  ae ee Cee  ee a 2 los ap Zi e :a les oa :a   a  :joe. ae oe ee Bo ae ox 2. oS oe ee So le co pra x ee bee 2  : ne'
2025-05-29 12:55:33 | INFO     | app.utils.extract_fields_util:extract_fields_from_text:107 - Trying (?i)Build\s+Year:\s*([0-9]{4}) on line: 'J Poe oe 2 ae oe pe Es is ee i ae oe ;a ae oF 5 oe cS ae oe ae ee ioe ee aioe Ae ie ::oe ce ae Se Die ce eed a ae oe Oe Sis ea  ae :ce oe yuu a ae oo a ee :Seg. oc ce oe oe cay:ee 2 3 ete  a 3 ee ;ey BS a ae NEES  ee aS i os ey  oe ee  ae as ee a ee ee oe 2 3s On ee 8 :oe Le 3. ee ee as Se a ee oS oe a a oS ::1 oo :Dee oe a 8 ee es ae  Se :::i 2! ee a oe  Pe ae oe eae ae ae a ee   a 8 a Ss ret eee  ae oe ake ::oe oe Le eae eee :ae oe BS Oe oe aS 3 2 Le oe i oe,ae é oe ey ee 8 oe :::oe Be eet oe Ds,a ! Doe ae us a aaa cs on eS Se oe Par HS ae :Ste ST:io 2 ae ::So ae a _ ::ee ie oe Be on ace Peter Soe fee ith Eh) aoe a a ::  a ee i) ae ae . ak ae oe ae ae eeu ee ode oe 2 Eee See ee ee aS 4 :a ae, oe ya eae es ee ae ee abe ee fee oo pe ee bs Paice es io] a a oe as 2 :: : ee a a :ec 8 :::  eae Ae oe ee  ae ee :::2 :pate ce a a ae ae    a ek   oe a ie a  oe ey Sar in oe gO cin ge 5 ae ee See eA OF 3 a ;:ity fy ee i re ee ra  a US Bs ic aS Bae ee ee oF oe a :: : ee ae ae we Ay,20;oe 20 Ae :TE Co Sot ee nee pas ao :a  i  So Se ee as  yey oe eet ces ee Ss 5 ce ee 8 oe ao oe : ::SS 2c ae Be ous os oat . Sa ae Big oe Se Bo :_ ec ee Of oe Or Pes 7 an een ae ae oe ee 8 a i ite oe ae Gan a ae Po:ae Bes oe 8 ee Se SOF eG ;oe  a 8 aS eo co  ey oe 3 Be 2 ae fe ae ee a ae  2  a os  a ee :a On eee ee eae ae tee aa oo ee GES mi:oe ets a a oe oe oe oe) ae so  Us wk:S a se :ce ae oe on es is Cos EG ee eee Ee ay oe a ee ee Re ss oe es eel oe oe je oe De 8 ase ee a ee ee BS ee mate Ps ie a OSs,Cc. : OK i oe cee ae or ep EG tees ee Sis AM wares a 5 oe ee me aS ane aes sae aoe be a ee :2  2   eS EN ae 2s ae aS :oS eS. oe   :  pee:OF ae ous 8 ee ::eae 5 os a as oe eS  on noe GON oe a ee  ::i aS ee oh es ie  Sa f S ns ls  ie Ke oe be a :me ene le Ske a :eo _ as a as a :se a 3 Pe ee ee a eee ee oo  " ee ae :a ae aes a ae pee Slave ae Sil es Cae ee 5 ce  Beals cs Le a  Bree a   eae  ee a ::2 :a poe me Abe oe ae nee ae oe ee 2s oe oe oe ee es ee : :Ss oe a 4  :2  i oe oo eee a ae ee 25 ae oo   . :::Sele ee oe :a SS Ae ee icy ae 8 eo os os ea ao aS ee Sie a oe oe oo a Be Po os . a NE oe oS ses eee sea a Se ey ae ae im Sue ee ee ee bo AS oo ae ee a ee ee aL Se a Boe ee : 2 ::a ee ae a aS as fe foe a ee oe ie co ay eee ae) ae oe ee oe ore Ze 8 ae im at oe ee (a Ma on ee bs oe eg ee ee Soe 2  :;::::See os ae ay hee ee es ve ae Ra) a s oe  oe : L  :for ae oe :os Se C26) ee oe a ee ie en Be oS ee a a As Bag 2 Sh ly,a ue oe Re as Bee oe :se ::ae 3 ae o Ee 5 ee i Ox Oe Wee tae ne Re ae Uy Biss alt iss es ee Sd _ 3 oe es se Os Co 4 ae cae ae  ie  a a oS oe oe oe oe EE ia Be its apes oe ek Oe ee Sak ANGE:ee  ee oo tae Le ae  it 4 eng ae ee oe oe eo BS  ote ay Bees oe oe ae ae ae Bee Se  oS oa oo OF ee mae fu oe ae La ee oe He aS Ss ee 0:a ion Se  ee :: oo a (ae tec a ee a ec :ae  ::ae ae Le gong ie Roe Boo oy Tey ee Ae Be As ae ee he a :Le ae By se SES As Oe ee a oe we ae Se Beer ty i ENE _ 2a 7 Sos SS Oe ae aS Ke) eee Ht Ness;Ee prod fe a as a   ee ee ree pee es oe cos Sa Se oe ae Ge Loe ae S a  2 es oe Ser [gees 4 eS ae a ae cS a ee oe oe ce a   ::;:: ve ONE A at 4 ee 0:a cue a ONG ee 26 oe Bes. Pee Sie pee ie ee ee oe 35 es  A fa ee ee ee ell i a oe Ls ee oe Re) ase Oe oy oe Eb ee ee oye ane pee oe :: :::3 oe ae ee eS Cae ee gy ss ay ze oe as Oe,ay eee oe ae :ue  es Exo,:ES 5 eo a ee ee a  oS oe os ae ee SEY;: 4 :::he a ee es ase ee Bees 1D:a  ais oe:ee GO ee ee oo Sco tn oe ae  sx tes ees lee os co a :a (eS oe   Was ie ed ae Bh ae ae ne Oe ee os ae nee ee ee co ane ey a es A se eee ee eee Ss :::2 os ae he a  Los soe pyle ee oe te es oe oe  : ie pan on 5 ee 1 2 a    :::ie feo 2) oO. ae ee es  Ad Bink 10  6 Bae S58 ::! ::7 :A ae os) Cale ae i bed Ss  oe eee ee es ae a ue aie 7 Seo oe oe me  ce ee  Be te Soe oF :ee 3c nS Ds yo at Bas an las ee ;ee eA oe Aes Ge ys Fees oe pee  nee  Oe as By a oe   eee a) ene 2  oe ee rs ae we ae 8 a :2 :  ee ae ek oe He gs ::, (a es cae fies id,GEN Se es as 68 So aS age os oe co or ole ae ee oe oe ole Vag eee eee 4 oe ke SN ae ee Ns) ae a a oS ee was vs nN va ek en ea us Ee fe oe ea eC Ee eee ee ee ae es Fe PEIN:oe a oe  ae ae ae 5 Ne 25, al a 20  :Sg ae cue a a we es ae ss ae EN gee 3. a aa SN:i,a ees  os Lo ER en Ss A as 7 2 any,cad oS oe oe ar fs Be () oe St x ie :ee oe ee Hee tS,Vi Bote eer AEN on oe aS Se oO eS He ay Ne ari Liste oe aa as gs ae ee  ZW iene EN CEN oe  ee oe ee es oe oe ee fel A Rie ee Bee aif ae aes be eae ADS ca ,Be oe coe oe ee Ren,ee isa sd (ages i reek AR Sa A ae es ge ml Loe ae oe oe ene ae Pas fe :ie es 1S AP eRe 2 8 ae ee ae ep OGTR eye ep eS oie mes i Ge ee ae le 8 he ae por wee oe ie eee eae sae ee aw fat i i ie a ees  Loe  oe Sees 3] ee (Gee od ie AS 2 Soe aa eee ok Be ee A es ae ihe:a if na ab Lo ee eS Oe Pst EO a oe ee iss i De ae ae ey ae ae aD a a oe I. Tp) ee Me ae ie aN Ze ::: he fy,Ae Mi Boe : :3  ep :ae tae oe Le SF  ae ee es ey ve Hae oH ant Ng oven  : :;tee cae :cee tan oo oe est ee [oe ee oe ee ley Se ie OS oO i  ::5 Bane ERS thy ret Ae iG mee ee  :::he SER ae  oe  oe oo a oe oe 3 mal bisa a:a oe ote ate Lune cae :i ae  ue ne ys i vy eae ve sh 3   i SG ea es a fy Be ay i wee :;QD ml iC Ss ae eh i Sie le a 2 ist a ee As ze 2 Ee oo alle CANS! ES ao oe EY on Be a  A Oe ee ::Ce oe cn ae Lo x a) an A ee Po  ae ee Cee  ee a 2 los ap Zi e :a les oa :a   a  :joe. ae oe ee Bo ae ox 2. oS oe ee So le co pra x ee bee 2  : ne'
2025-05-29 12:55:33 | INFO     | app.utils.extract_fields_util:extract_fields_from_text:107 - Trying (?i)-\s*Build\s+Year:\s*([0-9]{4}) on line: 'J Poe oe 2 ae oe pe Es is ee i ae oe ;a ae oF 5 oe cS ae oe ae ee ioe ee aioe Ae ie ::oe ce ae Se Die ce eed a ae oe Oe Sis ea  ae :ce oe yuu a ae oo a ee :Seg. oc ce oe oe cay:ee 2 3 ete  a 3 ee ;ey BS a ae NEES  ee aS i os ey  oe ee  ae as ee a ee ee oe 2 3s On ee 8 :oe Le 3. ee ee as Se a ee oS oe a a oS ::1 oo :Dee oe a 8 ee es ae  Se :::i 2! ee a oe  Pe ae oe eae ae ae a ee   a 8 a Ss ret eee  ae oe ake ::oe oe Le eae eee :ae oe BS Oe oe aS 3 2 Le oe i oe,ae é oe ey ee 8 oe :::oe Be eet oe Ds,a ! Doe ae us a aaa cs on eS Se oe Par HS ae :Ste ST:io 2 ae ::So ae a _ ::ee ie oe Be on ace Peter Soe fee ith Eh) aoe a a ::  a ee i) ae ae . ak ae oe ae ae eeu ee ode oe 2 Eee See ee ee aS 4 :a ae, oe ya eae es ee ae ee abe ee fee oo pe ee bs Paice es io] a a oe as 2 :: : ee a a :ec 8 :::  eae Ae oe ee  ae ee :::2 :pate ce a a ae ae    a ek   oe a ie a  oe ey Sar in oe gO cin ge 5 ae ee See eA OF 3 a ;:ity fy ee i re ee ra  a US Bs ic aS Bae ee ee oF oe a :: : ee ae ae we Ay,20;oe 20 Ae :TE Co Sot ee nee pas ao :a  i  So Se ee as  yey oe eet ces ee Ss 5 ce ee 8 oe ao oe : ::SS 2c ae Be ous os oat . Sa ae Big oe Se Bo :_ ec ee Of oe Or Pes 7 an een ae ae oe ee 8 a i ite oe ae Gan a ae Po:ae Bes oe 8 ee Se SOF eG ;oe  a 8 aS eo co  ey oe 3 Be 2 ae fe ae ee a ae  2  a os  a ee :a On eee ee eae ae tee aa oo ee GES mi:oe ets a a oe oe oe oe) ae so  Us wk:S a se :ce ae oe on es is Cos EG ee eee Ee ay oe a ee ee Re ss oe es eel oe oe je oe De 8 ase ee a ee ee BS ee mate Ps ie a OSs,Cc. : OK i oe cee ae or ep EG tees ee Sis AM wares a 5 oe ee me aS ane aes sae aoe be a ee :2  2   eS EN ae 2s ae aS :oS eS. oe   :  pee:OF ae ous 8 ee ::eae 5 os a as oe eS  on noe GON oe a ee  ::i aS ee oh es ie  Sa f S ns ls  ie Ke oe be a :me ene le Ske a :eo _ as a as a :se a 3 Pe ee ee a eee ee oo  " ee ae :a ae aes a ae pee Slave ae Sil es Cae ee 5 ce  Beals cs Le a  Bree a   eae  ee a ::2 :a poe me Abe oe ae nee ae oe ee 2s oe oe oe ee es ee : :Ss oe a 4  :2  i oe oo eee a ae ee 25 ae oo   . :::Sele ee oe :a SS Ae ee icy ae 8 eo os os ea ao aS ee Sie a oe oe oo a Be Po os . a NE oe oS ses eee sea a Se ey ae ae im Sue ee ee ee bo AS oo ae ee a ee ee aL Se a Boe ee : 2 ::a ee ae a aS as fe foe a ee oe ie co ay eee ae) ae oe ee oe ore Ze 8 ae im at oe ee (a Ma on ee bs oe eg ee ee Soe 2  :;::::See os ae ay hee ee es ve ae Ra) a s oe  oe : L  :for ae oe :os Se C26) ee oe a ee ie en Be oS ee a a As Bag 2 Sh ly,a ue oe Re as Bee oe :se ::ae 3 ae o Ee 5 ee i Ox Oe Wee tae ne Re ae Uy Biss alt iss es ee Sd _ 3 oe es se Os Co 4 ae cae ae  ie  a a oS oe oe oe oe EE ia Be its apes oe ek Oe ee Sak ANGE:ee  ee oo tae Le ae  it 4 eng ae ee oe oe eo BS  ote ay Bees oe oe ae ae ae Bee Se  oS oa oo OF ee mae fu oe ae La ee oe He aS Ss ee 0:a ion Se  ee :: oo a (ae tec a ee a ec :ae  ::ae ae Le gong ie Roe Boo oy Tey ee Ae Be As ae ee he a :Le ae By se SES As Oe ee a oe we ae Se Beer ty i ENE _ 2a 7 Sos SS Oe ae aS Ke) eee Ht Ness;Ee prod fe a as a   ee ee ree pee es oe cos Sa Se oe ae Ge Loe ae S a  2 es oe Ser [gees 4 eS ae a ae cS a ee oe oe ce a   ::;:: ve ONE A at 4 ee 0:a cue a ONG ee 26 oe Bes. Pee Sie pee ie ee ee oe 35 es  A fa ee ee ee ell i a oe Ls ee oe Re) ase Oe oy oe Eb ee ee oye ane pee oe :: :::3 oe ae ee eS Cae ee gy ss ay ze oe as Oe,ay eee oe ae :ue  es Exo,:ES 5 eo a ee ee a  oS oe os ae ee SEY;: 4 :::he a ee es ase ee Bees 1D:a  ais oe:ee GO ee ee oo Sco tn oe ae  sx tes ees lee os co a :a (eS oe   Was ie ed ae Bh ae ae ne Oe ee os ae nee ee ee co ane ey a es A se eee ee eee Ss :::2 os ae he a  Los soe pyle ee oe te es oe oe  : ie pan on 5 ee 1 2 a    :::ie feo 2) oO. ae ee es  Ad Bink 10  6 Bae S58 ::! ::7 :A ae os) Cale ae i bed Ss  oe eee ee es ae a ue aie 7 Seo oe oe me  ce ee  Be te Soe oF :ee 3c nS Ds yo at Bas an las ee ;ee eA oe Aes Ge ys Fees oe pee  nee  Oe as By a oe   eee a) ene 2  oe ee rs ae we ae 8 a :2 :  ee ae ek oe He gs ::, (a es cae fies id,GEN Se es as 68 So aS age os oe co or ole ae ee oe oe ole Vag eee eee 4 oe ke SN ae ee Ns) ae a a oS ee was vs nN va ek en ea us Ee fe oe ea eC Ee eee ee ee ae es Fe PEIN:oe a oe  ae ae ae 5 Ne 25, al a 20  :Sg ae cue a a we es ae ss ae EN gee 3. a aa SN:i,a ees  os Lo ER en Ss A as 7 2 any,cad oS oe oe ar fs Be () oe St x ie :ee oe ee Hee tS,Vi Bote eer AEN on oe aS Se oO eS He ay Ne ari Liste oe aa as gs ae ee  ZW iene EN CEN oe  ee oe ee es oe oe ee fel A Rie ee Bee aif ae aes be eae ADS ca ,Be oe coe oe ee Ren,ee isa sd (ages i reek AR Sa A ae es ge ml Loe ae oe oe ene ae Pas fe :ie es 1S AP eRe 2 8 ae ee ae ep OGTR eye ep eS oie mes i Ge ee ae le 8 he ae por wee oe ie eee eae sae ee aw fat i i ie a ees  Loe  oe Sees 3] ee (Gee od ie AS 2 Soe aa eee ok Be ee A es ae ihe:a if na ab Lo ee eS Oe Pst EO a oe ee iss i De ae ae ey ae ae aD a a oe I. Tp) ee Me ae ie aN Ze ::: he fy,Ae Mi Boe : :3  ep :ae tae oe Le SF  ae ee es ey ve Hae oH ant Ng oven  : :;tee cae :cee tan oo oe est ee [oe ee oe ee ley Se ie OS oO i  ::5 Bane ERS thy ret Ae iG mee ee  :::he SER ae  oe  oe oo a oe oe 3 mal bisa a:a oe ote ate Lune cae :i ae  ue ne ys i vy eae ve sh 3   i SG ea es a fy Be ay i wee :;QD ml iC Ss ae eh i Sie le a 2 ist a ee As ze 2 Ee oo alle CANS! ES ao oe EY on Be a  A Oe ee ::Ce oe cn ae Lo x a) an A ee Po  ae ee Cee  ee a 2 los ap Zi e :a les oa :a   a  :joe. ae oe ee Bo ae ox 2. oS oe ee So le co pra x ee bee 2  : ne'
2025-05-29 12:55:33 | INFO     | app.utils.extract_fields_util:extract_fields_from_text:107 - Trying (?i)Year\s+Built:\s*([0-9]{4}) on line: 'J Poe oe 2 ae oe pe Es is ee i ae oe ;a ae oF 5 oe cS ae oe ae ee ioe ee aioe Ae ie ::oe ce ae Se Die ce eed a ae oe Oe Sis ea  ae :ce oe yuu a ae oo a ee :Seg. oc ce oe oe cay:ee 2 3 ete  a 3 ee ;ey BS a ae NEES  ee aS i os ey  oe ee  ae as ee a ee ee oe 2 3s On ee 8 :oe Le 3. ee ee as Se a ee oS oe a a oS ::1 oo :Dee oe a 8 ee es ae  Se :::i 2! ee a oe  Pe ae oe eae ae ae a ee   a 8 a Ss ret eee  ae oe ake ::oe oe Le eae eee :ae oe BS Oe oe aS 3 2 Le oe i oe,ae é oe ey ee 8 oe :::oe Be eet oe Ds,a ! Doe ae us a aaa cs on eS Se oe Par HS ae :Ste ST:io 2 ae ::So ae a _ ::ee ie oe Be on ace Peter Soe fee ith Eh) aoe a a ::  a ee i) ae ae . ak ae oe ae ae eeu ee ode oe 2 Eee See ee ee aS 4 :a ae, oe ya eae es ee ae ee abe ee fee oo pe ee bs Paice es io] a a oe as 2 :: : ee a a :ec 8 :::  eae Ae oe ee  ae ee :::2 :pate ce a a ae ae    a ek   oe a ie a  oe ey Sar in oe gO cin ge 5 ae ee See eA OF 3 a ;:ity fy ee i re ee ra  a US Bs ic aS Bae ee ee oF oe a :: : ee ae ae we Ay,20;oe 20 Ae :TE Co Sot ee nee pas ao :a  i  So Se ee as  yey oe eet ces ee Ss 5 ce ee 8 oe ao oe : ::SS 2c ae Be ous os oat . Sa ae Big oe Se Bo :_ ec ee Of oe Or Pes 7 an een ae ae oe ee 8 a i ite oe ae Gan a ae Po:ae Bes oe 8 ee Se SOF eG ;oe  a 8 aS eo co  ey oe 3 Be 2 ae fe ae ee a ae  2  a os  a ee :a On eee ee eae ae tee aa oo ee GES mi:oe ets a a oe oe oe oe) ae so  Us wk:S a se :ce ae oe on es is Cos EG ee eee Ee ay oe a ee ee Re ss oe es eel oe oe je oe De 8 ase ee a ee ee BS ee mate Ps ie a OSs,Cc. : OK i oe cee ae or ep EG tees ee Sis AM wares a 5 oe ee me aS ane aes sae aoe be a ee :2  2   eS EN ae 2s ae aS :oS eS. oe   :  pee:OF ae ous 8 ee ::eae 5 os a as oe eS  on noe GON oe a ee  ::i aS ee oh es ie  Sa f S ns ls  ie Ke oe be a :me ene le Ske a :eo _ as a as a :se a 3 Pe ee ee a eee ee oo  " ee ae :a ae aes a ae pee Slave ae Sil es Cae ee 5 ce  Beals cs Le a  Bree a   eae  ee a ::2 :a poe me Abe oe ae nee ae oe ee 2s oe oe oe ee es ee : :Ss oe a 4  :2  i oe oo eee a ae ee 25 ae oo   . :::Sele ee oe :a SS Ae ee icy ae 8 eo os os ea ao aS ee Sie a oe oe oo a Be Po os . a NE oe oS ses eee sea a Se ey ae ae im Sue ee ee ee bo AS oo ae ee a ee ee aL Se a Boe ee : 2 ::a ee ae a aS as fe foe a ee oe ie co ay eee ae) ae oe ee oe ore Ze 8 ae im at oe ee (a Ma on ee bs oe eg ee ee Soe 2  :;::::See os ae ay hee ee es ve ae Ra) a s oe  oe : L  :for ae oe :os Se C26) ee oe a ee ie en Be oS ee a a As Bag 2 Sh ly,a ue oe Re as Bee oe :se ::ae 3 ae o Ee 5 ee i Ox Oe Wee tae ne Re ae Uy Biss alt iss es ee Sd _ 3 oe es se Os Co 4 ae cae ae  ie  a a oS oe oe oe oe EE ia Be its apes oe ek Oe ee Sak ANGE:ee  ee oo tae Le ae  it 4 eng ae ee oe oe eo BS  ote ay Bees oe oe ae ae ae Bee Se  oS oa oo OF ee mae fu oe ae La ee oe He aS Ss ee 0:a ion Se  ee :: oo a (ae tec a ee a ec :ae  ::ae ae Le gong ie Roe Boo oy Tey ee Ae Be As ae ee he a :Le ae By se SES As Oe ee a oe we ae Se Beer ty i ENE _ 2a 7 Sos SS Oe ae aS Ke) eee Ht Ness;Ee prod fe a as a   ee ee ree pee es oe cos Sa Se oe ae Ge Loe ae S a  2 es oe Ser [gees 4 eS ae a ae cS a ee oe oe ce a   ::;:: ve ONE A at 4 ee 0:a cue a ONG ee 26 oe Bes. Pee Sie pee ie ee ee oe 35 es  A fa ee ee ee ell i a oe Ls ee oe Re) ase Oe oy oe Eb ee ee oye ane pee oe :: :::3 oe ae ee eS Cae ee gy ss ay ze oe as Oe,ay eee oe ae :ue  es Exo,:ES 5 eo a ee ee a  oS oe os ae ee SEY;: 4 :::he a ee es ase ee Bees 1D:a  ais oe:ee GO ee ee oo Sco tn oe ae  sx tes ees lee os co a :a (eS oe   Was ie ed ae Bh ae ae ne Oe ee os ae nee ee ee co ane ey a es A se eee ee eee Ss :::2 os ae he a  Los soe pyle ee oe te es oe oe  : ie pan on 5 ee 1 2 a    :::ie feo 2) oO. ae ee es  Ad Bink 10  6 Bae S58 ::! ::7 :A ae os) Cale ae i bed Ss  oe eee ee es ae a ue aie 7 Seo oe oe me  ce ee  Be te Soe oF :ee 3c nS Ds yo at Bas an las ee ;ee eA oe Aes Ge ys Fees oe pee  nee  Oe as By a oe   eee a) ene 2  oe ee rs ae we ae 8 a :2 :  ee ae ek oe He gs ::, (a es cae fies id,GEN Se es as 68 So aS age os oe co or ole ae ee oe oe ole Vag eee eee 4 oe ke SN ae ee Ns) ae a a oS ee was vs nN va ek en ea us Ee fe oe ea eC Ee eee ee ee ae es Fe PEIN:oe a oe  ae ae ae 5 Ne 25, al a 20  :Sg ae cue a a we es ae ss ae EN gee 3. a aa SN:i,a ees  os Lo ER en Ss A as 7 2 any,cad oS oe oe ar fs Be () oe St x ie :ee oe ee Hee tS,Vi Bote eer AEN on oe aS Se oO eS He ay Ne ari Liste oe aa as gs ae ee  ZW iene EN CEN oe  ee oe ee es oe oe ee fel A Rie ee Bee aif ae aes be eae ADS ca ,Be oe coe oe ee Ren,ee isa sd (ages i reek AR Sa A ae es ge ml Loe ae oe oe ene ae Pas fe :ie es 1S AP eRe 2 8 ae ee ae ep OGTR eye ep eS oie mes i Ge ee ae le 8 he ae por wee oe ie eee eae sae ee aw fat i i ie a ees  Loe  oe Sees 3] ee (Gee od ie AS 2 Soe aa eee ok Be ee A es ae ihe:a if na ab Lo ee eS Oe Pst EO a oe ee iss i De ae ae ey ae ae aD a a oe I. Tp) ee Me ae ie aN Ze ::: he fy,Ae Mi Boe : :3  ep :ae tae oe Le SF  ae ee es ey ve Hae oH ant Ng oven  : :;tee cae :cee tan oo oe est ee [oe ee oe ee ley Se ie OS oO i  ::5 Bane ERS thy ret Ae iG mee ee  :::he SER ae  oe  oe oo a oe oe 3 mal bisa a:a oe ote ate Lune cae :i ae  ue ne ys i vy eae ve sh 3   i SG ea es a fy Be ay i wee :;QD ml iC Ss ae eh i Sie le a 2 ist a ee As ze 2 Ee oo alle CANS! ES ao oe EY on Be a  A Oe ee ::Ce oe cn ae Lo x a) an A ee Po  ae ee Cee  ee a 2 los ap Zi e :a les oa :a   a  :joe. ae oe ee Bo ae ox 2. oS oe ee So le co pra x ee bee 2  : ne'
2025-05-29 12:55:33 | INFO     | app.utils.extract_fields_util:extract_fields_from_text:107 - Trying (?i)Built\s+in\s*[:\s]?\s*([0-9]{4}) on line: 'J Poe oe 2 ae oe pe Es is ee i ae oe ;a ae oF 5 oe cS ae oe ae ee ioe ee aioe Ae ie ::oe ce ae Se Die ce eed a ae oe Oe Sis ea  ae :ce oe yuu a ae oo a ee :Seg. oc ce oe oe cay:ee 2 3 ete  a 3 ee ;ey BS a ae NEES  ee aS i os ey  oe ee  ae as ee a ee ee oe 2 3s On ee 8 :oe Le 3. ee ee as Se a ee oS oe a a oS ::1 oo :Dee oe a 8 ee es ae  Se :::i 2! ee a oe  Pe ae oe eae ae ae a ee   a 8 a Ss ret eee  ae oe ake ::oe oe Le eae eee :ae oe BS Oe oe aS 3 2 Le oe i oe,ae é oe ey ee 8 oe :::oe Be eet oe Ds,a ! Doe ae us a aaa cs on eS Se oe Par HS ae :Ste ST:io 2 ae ::So ae a _ ::ee ie oe Be on ace Peter Soe fee ith Eh) aoe a a ::  a ee i) ae ae . ak ae oe ae ae eeu ee ode oe 2 Eee See ee ee aS 4 :a ae, oe ya eae es ee ae ee abe ee fee oo pe ee bs Paice es io] a a oe as 2 :: : ee a a :ec 8 :::  eae Ae oe ee  ae ee :::2 :pate ce a a ae ae    a ek   oe a ie a  oe ey Sar in oe gO cin ge 5 ae ee See eA OF 3 a ;:ity fy ee i re ee ra  a US Bs ic aS Bae ee ee oF oe a :: : ee ae ae we Ay,20;oe 20 Ae :TE Co Sot ee nee pas ao :a  i  So Se ee as  yey oe eet ces ee Ss 5 ce ee 8 oe ao oe : ::SS 2c ae Be ous os oat . Sa ae Big oe Se Bo :_ ec ee Of oe Or Pes 7 an een ae ae oe ee 8 a i ite oe ae Gan a ae Po:ae Bes oe 8 ee Se SOF eG ;oe  a 8 aS eo co  ey oe 3 Be 2 ae fe ae ee a ae  2  a os  a ee :a On eee ee eae ae tee aa oo ee GES mi:oe ets a a oe oe oe oe) ae so  Us wk:S a se :ce ae oe on es is Cos EG ee eee Ee ay oe a ee ee Re ss oe es eel oe oe je oe De 8 ase ee a ee ee BS ee mate Ps ie a OSs,Cc. : OK i oe cee ae or ep EG tees ee Sis AM wares a 5 oe ee me aS ane aes sae aoe be a ee :2  2   eS EN ae 2s ae aS :oS eS. oe   :  pee:OF ae ous 8 ee ::eae 5 os a as oe eS  on noe GON oe a ee  ::i aS ee oh es ie  Sa f S ns ls  ie Ke oe be a :me ene le Ske a :eo _ as a as a :se a 3 Pe ee ee a eee ee oo  " ee ae :a ae aes a ae pee Slave ae Sil es Cae ee 5 ce  Beals cs Le a  Bree a   eae  ee a ::2 :a poe me Abe oe ae nee ae oe ee 2s oe oe oe ee es ee : :Ss oe a 4  :2  i oe oo eee a ae ee 25 ae oo   . :::Sele ee oe :a SS Ae ee icy ae 8 eo os os ea ao aS ee Sie a oe oe oo a Be Po os . a NE oe oS ses eee sea a Se ey ae ae im Sue ee ee ee bo AS oo ae ee a ee ee aL Se a Boe ee : 2 ::a ee ae a aS as fe foe a ee oe ie co ay eee ae) ae oe ee oe ore Ze 8 ae im at oe ee (a Ma on ee bs oe eg ee ee Soe 2  :;::::See os ae ay hee ee es ve ae Ra) a s oe  oe : L  :for ae oe :os Se C26) ee oe a ee ie en Be oS ee a a As Bag 2 Sh ly,a ue oe Re as Bee oe :se ::ae 3 ae o Ee 5 ee i Ox Oe Wee tae ne Re ae Uy Biss alt iss es ee Sd _ 3 oe es se Os Co 4 ae cae ae  ie  a a oS oe oe oe oe EE ia Be its apes oe ek Oe ee Sak ANGE:ee  ee oo tae Le ae  it 4 eng ae ee oe oe eo BS  ote ay Bees oe oe ae ae ae Bee Se  oS oa oo OF ee mae fu oe ae La ee oe He aS Ss ee 0:a ion Se  ee :: oo a (ae tec a ee a ec :ae  ::ae ae Le gong ie Roe Boo oy Tey ee Ae Be As ae ee he a :Le ae By se SES As Oe ee a oe we ae Se Beer ty i ENE _ 2a 7 Sos SS Oe ae aS Ke) eee Ht Ness;Ee prod fe a as a   ee ee ree pee es oe cos Sa Se oe ae Ge Loe ae S a  2 es oe Ser [gees 4 eS ae a ae cS a ee oe oe ce a   ::;:: ve ONE A at 4 ee 0:a cue a ONG ee 26 oe Bes. Pee Sie pee ie ee ee oe 35 es  A fa ee ee ee ell i a oe Ls ee oe Re) ase Oe oy oe Eb ee ee oye ane pee oe :: :::3 oe ae ee eS Cae ee gy ss ay ze oe as Oe,ay eee oe ae :ue  es Exo,:ES 5 eo a ee ee a  oS oe os ae ee SEY;: 4 :::he a ee es ase ee Bees 1D:a  ais oe:ee GO ee ee oo Sco tn oe ae  sx tes ees lee os co a :a (eS oe   Was ie ed ae Bh ae ae ne Oe ee os ae nee ee ee co ane ey a es A se eee ee eee Ss :::2 os ae he a  Los soe pyle ee oe te es oe oe  : ie pan on 5 ee 1 2 a    :::ie feo 2) oO. ae ee es  Ad Bink 10  6 Bae S58 ::! ::7 :A ae os) Cale ae i bed Ss  oe eee ee es ae a ue aie 7 Seo oe oe me  ce ee  Be te Soe oF :ee 3c nS Ds yo at Bas an las ee ;ee eA oe Aes Ge ys Fees oe pee  nee  Oe as By a oe   eee a) ene 2  oe ee rs ae we ae 8 a :2 :  ee ae ek oe He gs ::, (a es cae fies id,GEN Se es as 68 So aS age os oe co or ole ae ee oe oe ole Vag eee eee 4 oe ke SN ae ee Ns) ae a a oS ee was vs nN va ek en ea us Ee fe oe ea eC Ee eee ee ee ae es Fe PEIN:oe a oe  ae ae ae 5 Ne 25, al a 20  :Sg ae cue a a we es ae ss ae EN gee 3. a aa SN:i,a ees  os Lo ER en Ss A as 7 2 any,cad oS oe oe ar fs Be () oe St x ie :ee oe ee Hee tS,Vi Bote eer AEN on oe aS Se oO eS He ay Ne ari Liste oe aa as gs ae ee  ZW iene EN CEN oe  ee oe ee es oe oe ee fel A Rie ee Bee aif ae aes be eae ADS ca ,Be oe coe oe ee Ren,ee isa sd (ages i reek AR Sa A ae es ge ml Loe ae oe oe ene ae Pas fe :ie es 1S AP eRe 2 8 ae ee ae ep OGTR eye ep eS oie mes i Ge ee ae le 8 he ae por wee oe ie eee eae sae ee aw fat i i ie a ees  Loe  oe Sees 3] ee (Gee od ie AS 2 Soe aa eee ok Be ee A es ae ihe:a if na ab Lo ee eS Oe Pst EO a oe ee iss i De ae ae ey ae ae aD a a oe I. Tp) ee Me ae ie aN Ze ::: he fy,Ae Mi Boe : :3  ep :ae tae oe Le SF  ae ee es ey ve Hae oH ant Ng oven  : :;tee cae :cee tan oo oe est ee [oe ee oe ee ley Se ie OS oO i  ::5 Bane ERS thy ret Ae iG mee ee  :::he SER ae  oe  oe oo a oe oe 3 mal bisa a:a oe ote ate Lune cae :i ae  ue ne ys i vy eae ve sh 3   i SG ea es a fy Be ay i wee :;QD ml iC Ss ae eh i Sie le a 2 ist a ee As ze 2 Ee oo alle CANS! ES ao oe EY on Be a  A Oe ee ::Ce oe cn ae Lo x a) an A ee Po  ae ee Cee  ee a 2 los ap Zi e :a les oa :a   a  :joe. ae oe ee Bo ae ox 2. oS oe ee So le co pra x ee bee 2  : ne'
2025-05-29 12:55:33 | INFO     | app.utils.extract_fields_util:extract_fields_from_text:107 - Trying (?i)Land\s+Use\s+Code:\s*(\w[\d-]*) on line: 'J Poe oe 2 ae oe pe Es is ee i ae oe ;a ae oF 5 oe cS ae oe ae ee ioe ee aioe Ae ie ::oe ce ae Se Die ce eed a ae oe Oe Sis ea  ae :ce oe yuu a ae oo a ee :Seg. oc ce oe oe cay:ee 2 3 ete  a 3 ee ;ey BS a ae NEES  ee aS i os ey  oe ee  ae as ee a ee ee oe 2 3s On ee 8 :oe Le 3. ee ee as Se a ee oS oe a a oS ::1 oo :Dee oe a 8 ee es ae  Se :::i 2! ee a oe  Pe ae oe eae ae ae a ee   a 8 a Ss ret eee  ae oe ake ::oe oe Le eae eee :ae oe BS Oe oe aS 3 2 Le oe i oe,ae é oe ey ee 8 oe :::oe Be eet oe Ds,a ! Doe ae us a aaa cs on eS Se oe Par HS ae :Ste ST:io 2 ae ::So ae a _ ::ee ie oe Be on ace Peter Soe fee ith Eh) aoe a a ::  a ee i) ae ae . ak ae oe ae ae eeu ee ode oe 2 Eee See ee ee aS 4 :a ae, oe ya eae es ee ae ee abe ee fee oo pe ee bs Paice es io] a a oe as 2 :: : ee a a :ec 8 :::  eae Ae oe ee  ae ee :::2 :pate ce a a ae ae    a ek   oe a ie a  oe ey Sar in oe gO cin ge 5 ae ee See eA OF 3 a ;:ity fy ee i re ee ra  a US Bs ic aS Bae ee ee oF oe a :: : ee ae ae we Ay,20;oe 20 Ae :TE Co Sot ee nee pas ao :a  i  So Se ee as  yey oe eet ces ee Ss 5 ce ee 8 oe ao oe : ::SS 2c ae Be ous os oat . Sa ae Big oe Se Bo :_ ec ee Of oe Or Pes 7 an een ae ae oe ee 8 a i ite oe ae Gan a ae Po:ae Bes oe 8 ee Se SOF eG ;oe  a 8 aS eo co  ey oe 3 Be 2 ae fe ae ee a ae  2  a os  a ee :a On eee ee eae ae tee aa oo ee GES mi:oe ets a a oe oe oe oe) ae so  Us wk:S a se :ce ae oe on es is Cos EG ee eee Ee ay oe a ee ee Re ss oe es eel oe oe je oe De 8 ase ee a ee ee BS ee mate Ps ie a OSs,Cc. : OK i oe cee ae or ep EG tees ee Sis AM wares a 5 oe ee me aS ane aes sae aoe be a ee :2  2   eS EN ae 2s ae aS :oS eS. oe   :  pee:OF ae ous 8 ee ::eae 5 os a as oe eS  on noe GON oe a ee  ::i aS ee oh es ie  Sa f S ns ls  ie Ke oe be a :me ene le Ske a :eo _ as a as a :se a 3 Pe ee ee a eee ee oo  " ee ae :a ae aes a ae pee Slave ae Sil es Cae ee 5 ce  Beals cs Le a  Bree a   eae  ee a ::2 :a poe me Abe oe ae nee ae oe ee 2s oe oe oe ee es ee : :Ss oe a 4  :2  i oe oo eee a ae ee 25 ae oo   . :::Sele ee oe :a SS Ae ee icy ae 8 eo os os ea ao aS ee Sie a oe oe oo a Be Po os . a NE oe oS ses eee sea a Se ey ae ae im Sue ee ee ee bo AS oo ae ee a ee ee aL Se a Boe ee : 2 ::a ee ae a aS as fe foe a ee oe ie co ay eee ae) ae oe ee oe ore Ze 8 ae im at oe ee (a Ma on ee bs oe eg ee ee Soe 2  :;::::See os ae ay hee ee es ve ae Ra) a s oe  oe : L  :for ae oe :os Se C26) ee oe a ee ie en Be oS ee a a As Bag 2 Sh ly,a ue oe Re as Bee oe :se ::ae 3 ae o Ee 5 ee i Ox Oe Wee tae ne Re ae Uy Biss alt iss es ee Sd _ 3 oe es se Os Co 4 ae cae ae  ie  a a oS oe oe oe oe EE ia Be its apes oe ek Oe ee Sak ANGE:ee  ee oo tae Le ae  it 4 eng ae ee oe oe eo BS  ote ay Bees oe oe ae ae ae Bee Se  oS oa oo OF ee mae fu oe ae La ee oe He aS Ss ee 0:a ion Se  ee :: oo a (ae tec a ee a ec :ae  ::ae ae Le gong ie Roe Boo oy Tey ee Ae Be As ae ee he a :Le ae By se SES As Oe ee a oe we ae Se Beer ty i ENE _ 2a 7 Sos SS Oe ae aS Ke) eee Ht Ness;Ee prod fe a as a   ee ee ree pee es oe cos Sa Se oe ae Ge Loe ae S a  2 es oe Ser [gees 4 eS ae a ae cS a ee oe oe ce a   ::;:: ve ONE A at 4 ee 0:a cue a ONG ee 26 oe Bes. Pee Sie pee ie ee ee oe 35 es  A fa ee ee ee ell i a oe Ls ee oe Re) ase Oe oy oe Eb ee ee oye ane pee oe :: :::3 oe ae ee eS Cae ee gy ss ay ze oe as Oe,ay eee oe ae :ue  es Exo,:ES 5 eo a ee ee a  oS oe os ae ee SEY;: 4 :::he a ee es ase ee Bees 1D:a  ais oe:ee GO ee ee oo Sco tn oe ae  sx tes ees lee os co a :a (eS oe   Was ie ed ae Bh ae ae ne Oe ee os ae nee ee ee co ane ey a es A se eee ee eee Ss :::2 os ae he a  Los soe pyle ee oe te es oe oe  : ie pan on 5 ee 1 2 a    :::ie feo 2) oO. ae ee es  Ad Bink 10  6 Bae S58 ::! ::7 :A ae os) Cale ae i bed Ss  oe eee ee es ae a ue aie 7 Seo oe oe me  ce ee  Be te Soe oF :ee 3c nS Ds yo at Bas an las ee ;ee eA oe Aes Ge ys Fees oe pee  nee  Oe as By a oe   eee a) ene 2  oe ee rs ae we ae 8 a :2 :  ee ae ek oe He gs ::, (a es cae fies id,GEN Se es as 68 So aS age os oe co or ole ae ee oe oe ole Vag eee eee 4 oe ke SN ae ee Ns) ae a a oS ee was vs nN va ek en ea us Ee fe oe ea eC Ee eee ee ee ae es Fe PEIN:oe a oe  ae ae ae 5 Ne 25, al a 20  :Sg ae cue a a we es ae ss ae EN gee 3. a aa SN:i,a ees  os Lo ER en Ss A as 7 2 any,cad oS oe oe ar fs Be () oe St x ie :ee oe ee Hee tS,Vi Bote eer AEN on oe aS Se oO eS He ay Ne ari Liste oe aa as gs ae ee  ZW iene EN CEN oe  ee oe ee es oe oe ee fel A Rie ee Bee aif ae aes be eae ADS ca ,Be oe coe oe ee Ren,ee isa sd (ages i reek AR Sa A ae es ge ml Loe ae oe oe ene ae Pas fe :ie es 1S AP eRe 2 8 ae ee ae ep OGTR eye ep eS oie mes i Ge ee ae le 8 he ae por wee oe ie eee eae sae ee aw fat i i ie a ees  Loe  oe Sees 3] ee (Gee od ie AS 2 Soe aa eee ok Be ee A es ae ihe:a if na ab Lo ee eS Oe Pst EO a oe ee iss i De ae ae ey ae ae aD a a oe I. Tp) ee Me ae ie aN Ze ::: he fy,Ae Mi Boe : :3  ep :ae tae oe Le SF  ae ee es ey ve Hae oH ant Ng oven  : :;tee cae :cee tan oo oe est ee [oe ee oe ee ley Se ie OS oO i  ::5 Bane ERS thy ret Ae iG mee ee  :::he SER ae  oe  oe oo a oe oe 3 mal bisa a:a oe ote ate Lune cae :i ae  ue ne ys i vy eae ve sh 3   i SG ea es a fy Be ay i wee :;QD ml iC Ss ae eh i Sie le a 2 ist a ee As ze 2 Ee oo alle CANS! ES ao oe EY on Be a  A Oe ee ::Ce oe cn ae Lo x a) an A ee Po  ae ee Cee  ee a 2 los ap Zi e :a les oa :a   a  :joe. ae oe ee Bo ae ox 2. oS oe ee So le co pra x ee bee 2  : ne'
2025-05-29 12:55:33 | INFO     | app.utils.extract_fields_util:extract_fields_from_text:107 - Trying (?i)-\s*Land\s+Use\s+Code:\s*(\w[\d-]*) on line: 'J Poe oe 2 ae oe pe Es is ee i ae oe ;a ae oF 5 oe cS ae oe ae ee ioe ee aioe Ae ie ::oe ce ae Se Die ce eed a ae oe Oe Sis ea  ae :ce oe yuu a ae oo a ee :Seg. oc ce oe oe cay:ee 2 3 ete  a 3 ee ;ey BS a ae NEES  ee aS i os ey  oe ee  ae as ee a ee ee oe 2 3s On ee 8 :oe Le 3. ee ee as Se a ee oS oe a a oS ::1 oo :Dee oe a 8 ee es ae  Se :::i 2! ee a oe  Pe ae oe eae ae ae a ee   a 8 a Ss ret eee  ae oe ake ::oe oe Le eae eee :ae oe BS Oe oe aS 3 2 Le oe i oe,ae é oe ey ee 8 oe :::oe Be eet oe Ds,a ! Doe ae us a aaa cs on eS Se oe Par HS ae :Ste ST:io 2 ae ::So ae a _ ::ee ie oe Be on ace Peter Soe fee ith Eh) aoe a a ::  a ee i) ae ae . ak ae oe ae ae eeu ee ode oe 2 Eee See ee ee aS 4 :a ae, oe ya eae es ee ae ee abe ee fee oo pe ee bs Paice es io] a a oe as 2 :: : ee a a :ec 8 :::  eae Ae oe ee  ae ee :::2 :pate ce a a ae ae    a ek   oe a ie a  oe ey Sar in oe gO cin ge 5 ae ee See eA OF 3 a ;:ity fy ee i re ee ra  a US Bs ic aS Bae ee ee oF oe a :: : ee ae ae we Ay,20;oe 20 Ae :TE Co Sot ee nee pas ao :a  i  So Se ee as  yey oe eet ces ee Ss 5 ce ee 8 oe ao oe : ::SS 2c ae Be ous os oat . Sa ae Big oe Se Bo :_ ec ee Of oe Or Pes 7 an een ae ae oe ee 8 a i ite oe ae Gan a ae Po:ae Bes oe 8 ee Se SOF eG ;oe  a 8 aS eo co  ey oe 3 Be 2 ae fe ae ee a ae  2  a os  a ee :a On eee ee eae ae tee aa oo ee GES mi:oe ets a a oe oe oe oe) ae so  Us wk:S a se :ce ae oe on es is Cos EG ee eee Ee ay oe a ee ee Re ss oe es eel oe oe je oe De 8 ase ee a ee ee BS ee mate Ps ie a OSs,Cc. : OK i oe cee ae or ep EG tees ee Sis AM wares a 5 oe ee me aS ane aes sae aoe be a ee :2  2   eS EN ae 2s ae aS :oS eS. oe   :  pee:OF ae ous 8 ee ::eae 5 os a as oe eS  on noe GON oe a ee  ::i aS ee oh es ie  Sa f S ns ls  ie Ke oe be a :me ene le Ske a :eo _ as a as a :se a 3 Pe ee ee a eee ee oo  " ee ae :a ae aes a ae pee Slave ae Sil es Cae ee 5 ce  Beals cs Le a  Bree a   eae  ee a ::2 :a poe me Abe oe ae nee ae oe ee 2s oe oe oe ee es ee : :Ss oe a 4  :2  i oe oo eee a ae ee 25 ae oo   . :::Sele ee oe :a SS Ae ee icy ae 8 eo os os ea ao aS ee Sie a oe oe oo a Be Po os . a NE oe oS ses eee sea a Se ey ae ae im Sue ee ee ee bo AS oo ae ee a ee ee aL Se a Boe ee : 2 ::a ee ae a aS as fe foe a ee oe ie co ay eee ae) ae oe ee oe ore Ze 8 ae im at oe ee (a Ma on ee bs oe eg ee ee Soe 2  :;::::See os ae ay hee ee es ve ae Ra) a s oe  oe : L  :for ae oe :os Se C26) ee oe a ee ie en Be oS ee a a As Bag 2 Sh ly,a ue oe Re as Bee oe :se ::ae 3 ae o Ee 5 ee i Ox Oe Wee tae ne Re ae Uy Biss alt iss es ee Sd _ 3 oe es se Os Co 4 ae cae ae  ie  a a oS oe oe oe oe EE ia Be its apes oe ek Oe ee Sak ANGE:ee  ee oo tae Le ae  it 4 eng ae ee oe oe eo BS  ote ay Bees oe oe ae ae ae Bee Se  oS oa oo OF ee mae fu oe ae La ee oe He aS Ss ee 0:a ion Se  ee :: oo a (ae tec a ee a ec :ae  ::ae ae Le gong ie Roe Boo oy Tey ee Ae Be As ae ee he a :Le ae By se SES As Oe ee a oe we ae Se Beer ty i ENE _ 2a 7 Sos SS Oe ae aS Ke) eee Ht Ness;Ee prod fe a as a   ee ee ree pee es oe cos Sa Se oe ae Ge Loe ae S a  2 es oe Ser [gees 4 eS ae a ae cS a ee oe oe ce a   ::;:: ve ONE A at 4 ee 0:a cue a ONG ee 26 oe Bes. Pee Sie pee ie ee ee oe 35 es  A fa ee ee ee ell i a oe Ls ee oe Re) ase Oe oy oe Eb ee ee oye ane pee oe :: :::3 oe ae ee eS Cae ee gy ss ay ze oe as Oe,ay eee oe ae :ue  es Exo,:ES 5 eo a ee ee a  oS oe os ae ee SEY;: 4 :::he a ee es ase ee Bees 1D:a  ais oe:ee GO ee ee oo Sco tn oe ae  sx tes ees lee os co a :a (eS oe   Was ie ed ae Bh ae ae ne Oe ee os ae nee ee ee co ane ey a es A se eee ee eee Ss :::2 os ae he a  Los soe pyle ee oe te es oe oe  : ie pan on 5 ee 1 2 a    :::ie feo 2) oO. ae ee es  Ad Bink 10  6 Bae S58 ::! ::7 :A ae os) Cale ae i bed Ss  oe eee ee es ae a ue aie 7 Seo oe oe me  ce ee  Be te Soe oF :ee 3c nS Ds yo at Bas an las ee ;ee eA oe Aes Ge ys Fees oe pee  nee  Oe as By a oe   eee a) ene 2  oe ee rs ae we ae 8 a :2 :  ee ae ek oe He gs ::, (a es cae fies id,GEN Se es as 68 So aS age os oe co or ole ae ee oe oe ole Vag eee eee 4 oe ke SN ae ee Ns) ae a a oS ee was vs nN va ek en ea us Ee fe oe ea eC Ee eee ee ee ae es Fe PEIN:oe a oe  ae ae ae 5 Ne 25, al a 20  :Sg ae cue a a we es ae ss ae EN gee 3. a aa SN:i,a ees  os Lo ER en Ss A as 7 2 any,cad oS oe oe ar fs Be () oe St x ie :ee oe ee Hee tS,Vi Bote eer AEN on oe aS Se oO eS He ay Ne ari Liste oe aa as gs ae ee  ZW iene EN CEN oe  ee oe ee es oe oe ee fel A Rie ee Bee aif ae aes be eae ADS ca ,Be oe coe oe ee Ren,ee isa sd (ages i reek AR Sa A ae es ge ml Loe ae oe oe ene ae Pas fe :ie es 1S AP eRe 2 8 ae ee ae ep OGTR eye ep eS oie mes i Ge ee ae le 8 he ae por wee oe ie eee eae sae ee aw fat i i ie a ees  Loe  oe Sees 3] ee (Gee od ie AS 2 Soe aa eee ok Be ee A es ae ihe:a if na ab Lo ee eS Oe Pst EO a oe ee iss i De ae ae ey ae ae aD a a oe I. Tp) ee Me ae ie aN Ze ::: he fy,Ae Mi Boe : :3  ep :ae tae oe Le SF  ae ee es ey ve Hae oH ant Ng oven  : :;tee cae :cee tan oo oe est ee [oe ee oe ee ley Se ie OS oO i  ::5 Bane ERS thy ret Ae iG mee ee  :::he SER ae  oe  oe oo a oe oe 3 mal bisa a:a oe ote ate Lune cae :i ae  ue ne ys i vy eae ve sh 3   i SG ea es a fy Be ay i wee :;QD ml iC Ss ae eh i Sie le a 2 ist a ee As ze 2 Ee oo alle CANS! ES ao oe EY on Be a  A Oe ee ::Ce oe cn ae Lo x a) an A ee Po  ae ee Cee  ee a 2 los ap Zi e :a les oa :a   a  :joe. ae oe ee Bo ae ox 2. oS oe ee So le co pra x ee bee 2  : ne'
2025-05-29 12:55:33 | INFO     | app.utils.extract_fields_util:extract_fields_from_text:107 - Trying (?i)Use\s+Code:\s*(\w[\d-]*) on line: 'J Poe oe 2 ae oe pe Es is ee i ae oe ;a ae oF 5 oe cS ae oe ae ee ioe ee aioe Ae ie ::oe ce ae Se Die ce eed a ae oe Oe Sis ea  ae :ce oe yuu a ae oo a ee :Seg. oc ce oe oe cay:ee 2 3 ete  a 3 ee ;ey BS a ae NEES  ee aS i os ey  oe ee  ae as ee a ee ee oe 2 3s On ee 8 :oe Le 3. ee ee as Se a ee oS oe a a oS ::1 oo :Dee oe a 8 ee es ae  Se :::i 2! ee a oe  Pe ae oe eae ae ae a ee   a 8 a Ss ret eee  ae oe ake ::oe oe Le eae eee :ae oe BS Oe oe aS 3 2 Le oe i oe,ae é oe ey ee 8 oe :::oe Be eet oe Ds,a ! Doe ae us a aaa cs on eS Se oe Par HS ae :Ste ST:io 2 ae ::So ae a _ ::ee ie oe Be on ace Peter Soe fee ith Eh) aoe a a ::  a ee i) ae ae . ak ae oe ae ae eeu ee ode oe 2 Eee See ee ee aS 4 :a ae, oe ya eae es ee ae ee abe ee fee oo pe ee bs Paice es io] a a oe as 2 :: : ee a a :ec 8 :::  eae Ae oe ee  ae ee :::2 :pate ce a a ae ae    a ek   oe a ie a  oe ey Sar in oe gO cin ge 5 ae ee See eA OF 3 a ;:ity fy ee i re ee ra  a US Bs ic aS Bae ee ee oF oe a :: : ee ae ae we Ay,20;oe 20 Ae :TE Co Sot ee nee pas ao :a  i  So Se ee as  yey oe eet ces ee Ss 5 ce ee 8 oe ao oe : ::SS 2c ae Be ous os oat . Sa ae Big oe Se Bo :_ ec ee Of oe Or Pes 7 an een ae ae oe ee 8 a i ite oe ae Gan a ae Po:ae Bes oe 8 ee Se SOF eG ;oe  a 8 aS eo co  ey oe 3 Be 2 ae fe ae ee a ae  2  a os  a ee :a On eee ee eae ae tee aa oo ee GES mi:oe ets a a oe oe oe oe) ae so  Us wk:S a se :ce ae oe on es is Cos EG ee eee Ee ay oe a ee ee Re ss oe es eel oe oe je oe De 8 ase ee a ee ee BS ee mate Ps ie a OSs,Cc. : OK i oe cee ae or ep EG tees ee Sis AM wares a 5 oe ee me aS ane aes sae aoe be a ee :2  2   eS EN ae 2s ae aS :oS eS. oe   :  pee:OF ae ous 8 ee ::eae 5 os a as oe eS  on noe GON oe a ee  ::i aS ee oh es ie  Sa f S ns ls  ie Ke oe be a :me ene le Ske a :eo _ as a as a :se a 3 Pe ee ee a eee ee oo  " ee ae :a ae aes a ae pee Slave ae Sil es Cae ee 5 ce  Beals cs Le a  Bree a   eae  ee a ::2 :a poe me Abe oe ae nee ae oe ee 2s oe oe oe ee es ee : :Ss oe a 4  :2  i oe oo eee a ae ee 25 ae oo   . :::Sele ee oe :a SS Ae ee icy ae 8 eo os os ea ao aS ee Sie a oe oe oo a Be Po os . a NE oe oS ses eee sea a Se ey ae ae im Sue ee ee ee bo AS oo ae ee a ee ee aL Se a Boe ee : 2 ::a ee ae a aS as fe foe a ee oe ie co ay eee ae) ae oe ee oe ore Ze 8 ae im at oe ee (a Ma on ee bs oe eg ee ee Soe 2  :;::::See os ae ay hee ee es ve ae Ra) a s oe  oe : L  :for ae oe :os Se C26) ee oe a ee ie en Be oS ee a a As Bag 2 Sh ly,a ue oe Re as Bee oe :se ::ae 3 ae o Ee 5 ee i Ox Oe Wee tae ne Re ae Uy Biss alt iss es ee Sd _ 3 oe es se Os Co 4 ae cae ae  ie  a a oS oe oe oe oe EE ia Be its apes oe ek Oe ee Sak ANGE:ee  ee oo tae Le ae  it 4 eng ae ee oe oe eo BS  ote ay Bees oe oe ae ae ae Bee Se  oS oa oo OF ee mae fu oe ae La ee oe He aS Ss ee 0:a ion Se  ee :: oo a (ae tec a ee a ec :ae  ::ae ae Le gong ie Roe Boo oy Tey ee Ae Be As ae ee he a :Le ae By se SES As Oe ee a oe we ae Se Beer ty i ENE _ 2a 7 Sos SS Oe ae aS Ke) eee Ht Ness;Ee prod fe a as a   ee ee ree pee es oe cos Sa Se oe ae Ge Loe ae S a  2 es oe Ser [gees 4 eS ae a ae cS a ee oe oe ce a   ::;:: ve ONE A at 4 ee 0:a cue a ONG ee 26 oe Bes. Pee Sie pee ie ee ee oe 35 es  A fa ee ee ee ell i a oe Ls ee oe Re) ase Oe oy oe Eb ee ee oye ane pee oe :: :::3 oe ae ee eS Cae ee gy ss ay ze oe as Oe,ay eee oe ae :ue  es Exo,:ES 5 eo a ee ee a  oS oe os ae ee SEY;: 4 :::he a ee es ase ee Bees 1D:a  ais oe:ee GO ee ee oo Sco tn oe ae  sx tes ees lee os co a :a (eS oe   Was ie ed ae Bh ae ae ne Oe ee os ae nee ee ee co ane ey a es A se eee ee eee Ss :::2 os ae he a  Los soe pyle ee oe te es oe oe  : ie pan on 5 ee 1 2 a    :::ie feo 2) oO. ae ee es  Ad Bink 10  6 Bae S58 ::! ::7 :A ae os) Cale ae i bed Ss  oe eee ee es ae a ue aie 7 Seo oe oe me  ce ee  Be te Soe oF :ee 3c nS Ds yo at Bas an las ee ;ee eA oe Aes Ge ys Fees oe pee  nee  Oe as By a oe   eee a) ene 2  oe ee rs ae we ae 8 a :2 :  ee ae ek oe He gs ::, (a es cae fies id,GEN Se es as 68 So aS age os oe co or ole ae ee oe oe ole Vag eee eee 4 oe ke SN ae ee Ns) ae a a oS ee was vs nN va ek en ea us Ee fe oe ea eC Ee eee ee ee ae es Fe PEIN:oe a oe  ae ae ae 5 Ne 25, al a 20  :Sg ae cue a a we es ae ss ae EN gee 3. a aa SN:i,a ees  os Lo ER en Ss A as 7 2 any,cad oS oe oe ar fs Be () oe St x ie :ee oe ee Hee tS,Vi Bote eer AEN on oe aS Se oO eS He ay Ne ari Liste oe aa as gs ae ee  ZW iene EN CEN oe  ee oe ee es oe oe ee fel A Rie ee Bee aif ae aes be eae ADS ca ,Be oe coe oe ee Ren,ee isa sd (ages i reek AR Sa A ae es ge ml Loe ae oe oe ene ae Pas fe :ie es 1S AP eRe 2 8 ae ee ae ep OGTR eye ep eS oie mes i Ge ee ae le 8 he ae por wee oe ie eee eae sae ee aw fat i i ie a ees  Loe  oe Sees 3] ee (Gee od ie AS 2 Soe aa eee ok Be ee A es ae ihe:a if na ab Lo ee eS Oe Pst EO a oe ee iss i De ae ae ey ae ae aD a a oe I. Tp) ee Me ae ie aN Ze ::: he fy,Ae Mi Boe : :3  ep :ae tae oe Le SF  ae ee es ey ve Hae oH ant Ng oven  : :;tee cae :cee tan oo oe est ee [oe ee oe ee ley Se ie OS oO i  ::5 Bane ERS thy ret Ae iG mee ee  :::he SER ae  oe  oe oo a oe oe 3 mal bisa a:a oe ote ate Lune cae :i ae  ue ne ys i vy eae ve sh 3   i SG ea es a fy Be ay i wee :;QD ml iC Ss ae eh i Sie le a 2 ist a ee As ze 2 Ee oo alle CANS! ES ao oe EY on Be a  A Oe ee ::Ce oe cn ae Lo x a) an A ee Po  ae ee Cee  ee a 2 los ap Zi e :a les oa :a   a  :joe. ae oe ee Bo ae ox 2. oS oe ee So le co pra x ee bee 2  : ne'
2025-05-29 12:55:33 | INFO     | app.utils.extract_fields_util:extract_fields_from_text:107 - Trying (?i)Flood\s+Risk\s+Score:\s*(\d+) on line: 'J Poe oe 2 ae oe pe Es is ee i ae oe ;a ae oF 5 oe cS ae oe ae ee ioe ee aioe Ae ie ::oe ce ae Se Die ce eed a ae oe Oe Sis ea  ae :ce oe yuu a ae oo a ee :Seg. oc ce oe oe cay:ee 2 3 ete  a 3 ee ;ey BS a ae NEES  ee aS i os ey  oe ee  ae as ee a ee ee oe 2 3s On ee 8 :oe Le 3. ee ee as Se a ee oS oe a a oS ::1 oo :Dee oe a 8 ee es ae  Se :::i 2! ee a oe  Pe ae oe eae ae ae a ee   a 8 a Ss ret eee  ae oe ake ::oe oe Le eae eee :ae oe BS Oe oe aS 3 2 Le oe i oe,ae é oe ey ee 8 oe :::oe Be eet oe Ds,a ! Doe ae us a aaa cs on eS Se oe Par HS ae :Ste ST:io 2 ae ::So ae a _ ::ee ie oe Be on ace Peter Soe fee ith Eh) aoe a a ::  a ee i) ae ae . ak ae oe ae ae eeu ee ode oe 2 Eee See ee ee aS 4 :a ae, oe ya eae es ee ae ee abe ee fee oo pe ee bs Paice es io] a a oe as 2 :: : ee a a :ec 8 :::  eae Ae oe ee  ae ee :::2 :pate ce a a ae ae    a ek   oe a ie a  oe ey Sar in oe gO cin ge 5 ae ee See eA OF 3 a ;:ity fy ee i re ee ra  a US Bs ic aS Bae ee ee oF oe a :: : ee ae ae we Ay,20;oe 20 Ae :TE Co Sot ee nee pas ao :a  i  So Se ee as  yey oe eet ces ee Ss 5 ce ee 8 oe ao oe : ::SS 2c ae Be ous os oat . Sa ae Big oe Se Bo :_ ec ee Of oe Or Pes 7 an een ae ae oe ee 8 a i ite oe ae Gan a ae Po:ae Bes oe 8 ee Se SOF eG ;oe  a 8 aS eo co  ey oe 3 Be 2 ae fe ae ee a ae  2  a os  a ee :a On eee ee eae ae tee aa oo ee GES mi:oe ets a a oe oe oe oe) ae so  Us wk:S a se :ce ae oe on es is Cos EG ee eee Ee ay oe a ee ee Re ss oe es eel oe oe je oe De 8 ase ee a ee ee BS ee mate Ps ie a OSs,Cc. : OK i oe cee ae or ep EG tees ee Sis AM wares a 5 oe ee me aS ane aes sae aoe be a ee :2  2   eS EN ae 2s ae aS :oS eS. oe   :  pee:OF ae ous 8 ee ::eae 5 os a as oe eS  on noe GON oe a ee  ::i aS ee oh es ie  Sa f S ns ls  ie Ke oe be a :me ene le Ske a :eo _ as a as a :se a 3 Pe ee ee a eee ee oo  " ee ae :a ae aes a ae pee Slave ae Sil es Cae ee 5 ce  Beals cs Le a  Bree a   eae  ee a ::2 :a poe me Abe oe ae nee ae oe ee 2s oe oe oe ee es ee : :Ss oe a 4  :2  i oe oo eee a ae ee 25 ae oo   . :::Sele ee oe :a SS Ae ee icy ae 8 eo os os ea ao aS ee Sie a oe oe oo a Be Po os . a NE oe oS ses eee sea a Se ey ae ae im Sue ee ee ee bo AS oo ae ee a ee ee aL Se a Boe ee : 2 ::a ee ae a aS as fe foe a ee oe ie co ay eee ae) ae oe ee oe ore Ze 8 ae im at oe ee (a Ma on ee bs oe eg ee ee Soe 2  :;::::See os ae ay hee ee es ve ae Ra) a s oe  oe : L  :for ae oe :os Se C26) ee oe a ee ie en Be oS ee a a As Bag 2 Sh ly,a ue oe Re as Bee oe :se ::ae 3 ae o Ee 5 ee i Ox Oe Wee tae ne Re ae Uy Biss alt iss es ee Sd _ 3 oe es se Os Co 4 ae cae ae  ie  a a oS oe oe oe oe EE ia Be its apes oe ek Oe ee Sak ANGE:ee  ee oo tae Le ae  it 4 eng ae ee oe oe eo BS  ote ay Bees oe oe ae ae ae Bee Se  oS oa oo OF ee mae fu oe ae La ee oe He aS Ss ee 0:a ion Se  ee :: oo a (ae tec a ee a ec :ae  ::ae ae Le gong ie Roe Boo oy Tey ee Ae Be As ae ee he a :Le ae By se SES As Oe ee a oe we ae Se Beer ty i ENE _ 2a 7 Sos SS Oe ae aS Ke) eee Ht Ness;Ee prod fe a as a   ee ee ree pee es oe cos Sa Se oe ae Ge Loe ae S a  2 es oe Ser [gees 4 eS ae a ae cS a ee oe oe ce a   ::;:: ve ONE A at 4 ee 0:a cue a ONG ee 26 oe Bes. Pee Sie pee ie ee ee oe 35 es  A fa ee ee ee ell i a oe Ls ee oe Re) ase Oe oy oe Eb ee ee oye ane pee oe :: :::3 oe ae ee eS Cae ee gy ss ay ze oe as Oe,ay eee oe ae :ue  es Exo,:ES 5 eo a ee ee a  oS oe os ae ee SEY;: 4 :::he a ee es ase ee Bees 1D:a  ais oe:ee GO ee ee oo Sco tn oe ae  sx tes ees lee os co a :a (eS oe   Was ie ed ae Bh ae ae ne Oe ee os ae nee ee ee co ane ey a es A se eee ee eee Ss :::2 os ae he a  Los soe pyle ee oe te es oe oe  : ie pan on 5 ee 1 2 a    :::ie feo 2) oO. ae ee es  Ad Bink 10  6 Bae S58 ::! ::7 :A ae os) Cale ae i bed Ss  oe eee ee es ae a ue aie 7 Seo oe oe me  ce ee  Be te Soe oF :ee 3c nS Ds yo at Bas an las ee ;ee eA oe Aes Ge ys Fees oe pee  nee  Oe as By a oe   eee a) ene 2  oe ee rs ae we ae 8 a :2 :  ee ae ek oe He gs ::, (a es cae fies id,GEN Se es as 68 So aS age os oe co or ole ae ee oe oe ole Vag eee eee 4 oe ke SN ae ee Ns) ae a a oS ee was vs nN va ek en ea us Ee fe oe ea eC Ee eee ee ee ae es Fe PEIN:oe a oe  ae ae ae 5 Ne 25, al a 20  :Sg ae cue a a we es ae ss ae EN gee 3. a aa SN:i,a ees  os Lo ER en Ss A as 7 2 any,cad oS oe oe ar fs Be () oe St x ie :ee oe ee Hee tS,Vi Bote eer AEN on oe aS Se oO eS He ay Ne ari Liste oe aa as gs ae ee  ZW iene EN CEN oe  ee oe ee es oe oe ee fel A Rie ee Bee aif ae aes be eae ADS ca ,Be oe coe oe ee Ren,ee isa sd (ages i reek AR Sa A ae es ge ml Loe ae oe oe ene ae Pas fe :ie es 1S AP eRe 2 8 ae ee ae ep OGTR eye ep eS oie mes i Ge ee ae le 8 he ae por wee oe ie eee eae sae ee aw fat i i ie a ees  Loe  oe Sees 3] ee (Gee od ie AS 2 Soe aa eee ok Be ee A es ae ihe:a if na ab Lo ee eS Oe Pst EO a oe ee iss i De ae ae ey ae ae aD a a oe I. Tp) ee Me ae ie aN Ze ::: he fy,Ae Mi Boe : :3  ep :ae tae oe Le SF  ae ee es ey ve Hae oH ant Ng oven  : :;tee cae :cee tan oo oe est ee [oe ee oe ee ley Se ie OS oO i  ::5 Bane ERS thy ret Ae iG mee ee  :::he SER ae  oe  oe oo a oe oe 3 mal bisa a:a oe ote ate Lune cae :i ae  ue ne ys i vy eae ve sh 3   i SG ea es a fy Be ay i wee :;QD ml iC Ss ae eh i Sie le a 2 ist a ee As ze 2 Ee oo alle CANS! ES ao oe EY on Be a  A Oe ee ::Ce oe cn ae Lo x a) an A ee Po  ae ee Cee  ee a 2 los ap Zi e :a les oa :a   a  :joe. ae oe ee Bo ae ox 2. oS oe ee So le co pra x ee bee 2  : ne'
2025-05-29 12:55:33 | INFO     | app.utils.extract_fields_util:extract_fields_from_text:107 - Trying (?i)-\s*Flood\s+Risk\s+Score:\s*(\d+) on line: 'J Poe oe 2 ae oe pe Es is ee i ae oe ;a ae oF 5 oe cS ae oe ae ee ioe ee aioe Ae ie ::oe ce ae Se Die ce eed a ae oe Oe Sis ea  ae :ce oe yuu a ae oo a ee :Seg. oc ce oe oe cay:ee 2 3 ete  a 3 ee ;ey BS a ae NEES  ee aS i os ey  oe ee  ae as ee a ee ee oe 2 3s On ee 8 :oe Le 3. ee ee as Se a ee oS oe a a oS ::1 oo :Dee oe a 8 ee es ae  Se :::i 2! ee a oe  Pe ae oe eae ae ae a ee   a 8 a Ss ret eee  ae oe ake ::oe oe Le eae eee :ae oe BS Oe oe aS 3 2 Le oe i oe,ae é oe ey ee 8 oe :::oe Be eet oe Ds,a ! Doe ae us a aaa cs on eS Se oe Par HS ae :Ste ST:io 2 ae ::So ae a _ ::ee ie oe Be on ace Peter Soe fee ith Eh) aoe a a ::  a ee i) ae ae . ak ae oe ae ae eeu ee ode oe 2 Eee See ee ee aS 4 :a ae, oe ya eae es ee ae ee abe ee fee oo pe ee bs Paice es io] a a oe as 2 :: : ee a a :ec 8 :::  eae Ae oe ee  ae ee :::2 :pate ce a a ae ae    a ek   oe a ie a  oe ey Sar in oe gO cin ge 5 ae ee See eA OF 3 a ;:ity fy ee i re ee ra  a US Bs ic aS Bae ee ee oF oe a :: : ee ae ae we Ay,20;oe 20 Ae :TE Co Sot ee nee pas ao :a  i  So Se ee as  yey oe eet ces ee Ss 5 ce ee 8 oe ao oe : ::SS 2c ae Be ous os oat . Sa ae Big oe Se Bo :_ ec ee Of oe Or Pes 7 an een ae ae oe ee 8 a i ite oe ae Gan a ae Po:ae Bes oe 8 ee Se SOF eG ;oe  a 8 aS eo co  ey oe 3 Be 2 ae fe ae ee a ae  2  a os  a ee :a On eee ee eae ae tee aa oo ee GES mi:oe ets a a oe oe oe oe) ae so  Us wk:S a se :ce ae oe on es is Cos EG ee eee Ee ay oe a ee ee Re ss oe es eel oe oe je oe De 8 ase ee a ee ee BS ee mate Ps ie a OSs,Cc. : OK i oe cee ae or ep EG tees ee Sis AM wares a 5 oe ee me aS ane aes sae aoe be a ee :2  2   eS EN ae 2s ae aS :oS eS. oe   :  pee:OF ae ous 8 ee ::eae 5 os a as oe eS  on noe GON oe a ee  ::i aS ee oh es ie  Sa f S ns ls  ie Ke oe be a :me ene le Ske a :eo _ as a as a :se a 3 Pe ee ee a eee ee oo  " ee ae :a ae aes a ae pee Slave ae Sil es Cae ee 5 ce  Beals cs Le a  Bree a   eae  ee a ::2 :a poe me Abe oe ae nee ae oe ee 2s oe oe oe ee es ee : :Ss oe a 4  :2  i oe oo eee a ae ee 25 ae oo   . :::Sele ee oe :a SS Ae ee icy ae 8 eo os os ea ao aS ee Sie a oe oe oo a Be Po os . a NE oe oS ses eee sea a Se ey ae ae im Sue ee ee ee bo AS oo ae ee a ee ee aL Se a Boe ee : 2 ::a ee ae a aS as fe foe a ee oe ie co ay eee ae) ae oe ee oe ore Ze 8 ae im at oe ee (a Ma on ee bs oe eg ee ee Soe 2  :;::::See os ae ay hee ee es ve ae Ra) a s oe  oe : L  :for ae oe :os Se C26) ee oe a ee ie en Be oS ee a a As Bag 2 Sh ly,a ue oe Re as Bee oe :se ::ae 3 ae o Ee 5 ee i Ox Oe Wee tae ne Re ae Uy Biss alt iss es ee Sd _ 3 oe es se Os Co 4 ae cae ae  ie  a a oS oe oe oe oe EE ia Be its apes oe ek Oe ee Sak ANGE:ee  ee oo tae Le ae  it 4 eng ae ee oe oe eo BS  ote ay Bees oe oe ae ae ae Bee Se  oS oa oo OF ee mae fu oe ae La ee oe He aS Ss ee 0:a ion Se  ee :: oo a (ae tec a ee a ec :ae  ::ae ae Le gong ie Roe Boo oy Tey ee Ae Be As ae ee he a :Le ae By se SES As Oe ee a oe we ae Se Beer ty i ENE _ 2a 7 Sos SS Oe ae aS Ke) eee Ht Ness;Ee prod fe a as a   ee ee ree pee es oe cos Sa Se oe ae Ge Loe ae S a  2 es oe Ser [gees 4 eS ae a ae cS a ee oe oe ce a   ::;:: ve ONE A at 4 ee 0:a cue a ONG ee 26 oe Bes. Pee Sie pee ie ee ee oe 35 es  A fa ee ee ee ell i a oe Ls ee oe Re) ase Oe oy oe Eb ee ee oye ane pee oe :: :::3 oe ae ee eS Cae ee gy ss ay ze oe as Oe,ay eee oe ae :ue  es Exo,:ES 5 eo a ee ee a  oS oe os ae ee SEY;: 4 :::he a ee es ase ee Bees 1D:a  ais oe:ee GO ee ee oo Sco tn oe ae  sx tes ees lee os co a :a (eS oe   Was ie ed ae Bh ae ae ne Oe ee os ae nee ee ee co ane ey a es A se eee ee eee Ss :::2 os ae he a  Los soe pyle ee oe te es oe oe  : ie pan on 5 ee 1 2 a    :::ie feo 2) oO. ae ee es  Ad Bink 10  6 Bae S58 ::! ::7 :A ae os) Cale ae i bed Ss  oe eee ee es ae a ue aie 7 Seo oe oe me  ce ee  Be te Soe oF :ee 3c nS Ds yo at Bas an las ee ;ee eA oe Aes Ge ys Fees oe pee  nee  Oe as By a oe   eee a) ene 2  oe ee rs ae we ae 8 a :2 :  ee ae ek oe He gs ::, (a es cae fies id,GEN Se es as 68 So aS age os oe co or ole ae ee oe oe ole Vag eee eee 4 oe ke SN ae ee Ns) ae a a oS ee was vs nN va ek en ea us Ee fe oe ea eC Ee eee ee ee ae es Fe PEIN:oe a oe  ae ae ae 5 Ne 25, al a 20  :Sg ae cue a a we es ae ss ae EN gee 3. a aa SN:i,a ees  os Lo ER en Ss A as 7 2 any,cad oS oe oe ar fs Be () oe St x ie :ee oe ee Hee tS,Vi Bote eer AEN on oe aS Se oO eS He ay Ne ari Liste oe aa as gs ae ee  ZW iene EN CEN oe  ee oe ee es oe oe ee fel A Rie ee Bee aif ae aes be eae ADS ca ,Be oe coe oe ee Ren,ee isa sd (ages i reek AR Sa A ae es ge ml Loe ae oe oe ene ae Pas fe :ie es 1S AP eRe 2 8 ae ee ae ep OGTR eye ep eS oie mes i Ge ee ae le 8 he ae por wee oe ie eee eae sae ee aw fat i i ie a ees  Loe  oe Sees 3] ee (Gee od ie AS 2 Soe aa eee ok Be ee A es ae ihe:a if na ab Lo ee eS Oe Pst EO a oe ee iss i De ae ae ey ae ae aD a a oe I. Tp) ee Me ae ie aN Ze ::: he fy,Ae Mi Boe : :3  ep :ae tae oe Le SF  ae ee es ey ve Hae oH ant Ng oven  : :;tee cae :cee tan oo oe est ee [oe ee oe ee ley Se ie OS oO i  ::5 Bane ERS thy ret Ae iG mee ee  :::he SER ae  oe  oe oo a oe oe 3 mal bisa a:a oe ote ate Lune cae :i ae  ue ne ys i vy eae ve sh 3   i SG ea es a fy Be ay i wee :;QD ml iC Ss ae eh i Sie le a 2 ist a ee As ze 2 Ee oo alle CANS! ES ao oe EY on Be a  A Oe ee ::Ce oe cn ae Lo x a) an A ee Po  ae ee Cee  ee a 2 los ap Zi e :a les oa :a   a  :joe. ae oe ee Bo ae ox 2. oS oe ee So le co pra x ee bee 2  : ne'
2025-05-29 12:55:33 | INFO     | app.utils.extract_fields_util:extract_fields_from_text:107 - Trying (?i)Flood\s+Risk:\s*(\d+) on line: 'J Poe oe 2 ae oe pe Es is ee i ae oe ;a ae oF 5 oe cS ae oe ae ee ioe ee aioe Ae ie ::oe ce ae Se Die ce eed a ae oe Oe Sis ea  ae :ce oe yuu a ae oo a ee :Seg. oc ce oe oe cay:ee 2 3 ete  a 3 ee ;ey BS a ae NEES  ee aS i os ey  oe ee  ae as ee a ee ee oe 2 3s On ee 8 :oe Le 3. ee ee as Se a ee oS oe a a oS ::1 oo :Dee oe a 8 ee es ae  Se :::i 2! ee a oe  Pe ae oe eae ae ae a ee   a 8 a Ss ret eee  ae oe ake ::oe oe Le eae eee :ae oe BS Oe oe aS 3 2 Le oe i oe,ae é oe ey ee 8 oe :::oe Be eet oe Ds,a ! Doe ae us a aaa cs on eS Se oe Par HS ae :Ste ST:io 2 ae ::So ae a _ ::ee ie oe Be on ace Peter Soe fee ith Eh) aoe a a ::  a ee i) ae ae . ak ae oe ae ae eeu ee ode oe 2 Eee See ee ee aS 4 :a ae, oe ya eae es ee ae ee abe ee fee oo pe ee bs Paice es io] a a oe as 2 :: : ee a a :ec 8 :::  eae Ae oe ee  ae ee :::2 :pate ce a a ae ae    a ek   oe a ie a  oe ey Sar in oe gO cin ge 5 ae ee See eA OF 3 a ;:ity fy ee i re ee ra  a US Bs ic aS Bae ee ee oF oe a :: : ee ae ae we Ay,20;oe 20 Ae :TE Co Sot ee nee pas ao :a  i  So Se ee as  yey oe eet ces ee Ss 5 ce ee 8 oe ao oe : ::SS 2c ae Be ous os oat . Sa ae Big oe Se Bo :_ ec ee Of oe Or Pes 7 an een ae ae oe ee 8 a i ite oe ae Gan a ae Po:ae Bes oe 8 ee Se SOF eG ;oe  a 8 aS eo co  ey oe 3 Be 2 ae fe ae ee a ae  2  a os  a ee :a On eee ee eae ae tee aa oo ee GES mi:oe ets a a oe oe oe oe) ae so  Us wk:S a se :ce ae oe on es is Cos EG ee eee Ee ay oe a ee ee Re ss oe es eel oe oe je oe De 8 ase ee a ee ee BS ee mate Ps ie a OSs,Cc. : OK i oe cee ae or ep EG tees ee Sis AM wares a 5 oe ee me aS ane aes sae aoe be a ee :2  2   eS EN ae 2s ae aS :oS eS. oe   :  pee:OF ae ous 8 ee ::eae 5 os a as oe eS  on noe GON oe a ee  ::i aS ee oh es ie  Sa f S ns ls  ie Ke oe be a :me ene le Ske a :eo _ as a as a :se a 3 Pe ee ee a eee ee oo  " ee ae :a ae aes a ae pee Slave ae Sil es Cae ee 5 ce  Beals cs Le a  Bree a   eae  ee a ::2 :a poe me Abe oe ae nee ae oe ee 2s oe oe oe ee es ee : :Ss oe a 4  :2  i oe oo eee a ae ee 25 ae oo   . :::Sele ee oe :a SS Ae ee icy ae 8 eo os os ea ao aS ee Sie a oe oe oo a Be Po os . a NE oe oS ses eee sea a Se ey ae ae im Sue ee ee ee bo AS oo ae ee a ee ee aL Se a Boe ee : 2 ::a ee ae a aS as fe foe a ee oe ie co ay eee ae) ae oe ee oe ore Ze 8 ae im at oe ee (a Ma on ee bs oe eg ee ee Soe 2  :;::::See os ae ay hee ee es ve ae Ra) a s oe  oe : L  :for ae oe :os Se C26) ee oe a ee ie en Be oS ee a a As Bag 2 Sh ly,a ue oe Re as Bee oe :se ::ae 3 ae o Ee 5 ee i Ox Oe Wee tae ne Re ae Uy Biss alt iss es ee Sd _ 3 oe es se Os Co 4 ae cae ae  ie  a a oS oe oe oe oe EE ia Be its apes oe ek Oe ee Sak ANGE:ee  ee oo tae Le ae  it 4 eng ae ee oe oe eo BS  ote ay Bees oe oe ae ae ae Bee Se  oS oa oo OF ee mae fu oe ae La ee oe He aS Ss ee 0:a ion Se  ee :: oo a (ae tec a ee a ec :ae  ::ae ae Le gong ie Roe Boo oy Tey ee Ae Be As ae ee he a :Le ae By se SES As Oe ee a oe we ae Se Beer ty i ENE _ 2a 7 Sos SS Oe ae aS Ke) eee Ht Ness;Ee prod fe a as a   ee ee ree pee es oe cos Sa Se oe ae Ge Loe ae S a  2 es oe Ser [gees 4 eS ae a ae cS a ee oe oe ce a   ::;:: ve ONE A at 4 ee 0:a cue a ONG ee 26 oe Bes. Pee Sie pee ie ee ee oe 35 es  A fa ee ee ee ell i a oe Ls ee oe Re) ase Oe oy oe Eb ee ee oye ane pee oe :: :::3 oe ae ee eS Cae ee gy ss ay ze oe as Oe,ay eee oe ae :ue  es Exo,:ES 5 eo a ee ee a  oS oe os ae ee SEY;: 4 :::he a ee es ase ee Bees 1D:a  ais oe:ee GO ee ee oo Sco tn oe ae  sx tes ees lee os co a :a (eS oe   Was ie ed ae Bh ae ae ne Oe ee os ae nee ee ee co ane ey a es A se eee ee eee Ss :::2 os ae he a  Los soe pyle ee oe te es oe oe  : ie pan on 5 ee 1 2 a    :::ie feo 2) oO. ae ee es  Ad Bink 10  6 Bae S58 ::! ::7 :A ae os) Cale ae i bed Ss  oe eee ee es ae a ue aie 7 Seo oe oe me  ce ee  Be te Soe oF :ee 3c nS Ds yo at Bas an las ee ;ee eA oe Aes Ge ys Fees oe pee  nee  Oe as By a oe   eee a) ene 2  oe ee rs ae we ae 8 a :2 :  ee ae ek oe He gs ::, (a es cae fies id,GEN Se es as 68 So aS age os oe co or ole ae ee oe oe ole Vag eee eee 4 oe ke SN ae ee Ns) ae a a oS ee was vs nN va ek en ea us Ee fe oe ea eC Ee eee ee ee ae es Fe PEIN:oe a oe  ae ae ae 5 Ne 25, al a 20  :Sg ae cue a a we es ae ss ae EN gee 3. a aa SN:i,a ees  os Lo ER en Ss A as 7 2 any,cad oS oe oe ar fs Be () oe St x ie :ee oe ee Hee tS,Vi Bote eer AEN on oe aS Se oO eS He ay Ne ari Liste oe aa as gs ae ee  ZW iene EN CEN oe  ee oe ee es oe oe ee fel A Rie ee Bee aif ae aes be eae ADS ca ,Be oe coe oe ee Ren,ee isa sd (ages i reek AR Sa A ae es ge ml Loe ae oe oe ene ae Pas fe :ie es 1S AP eRe 2 8 ae ee ae ep OGTR eye ep eS oie mes i Ge ee ae le 8 he ae por wee oe ie eee eae sae ee aw fat i i ie a ees  Loe  oe Sees 3] ee (Gee od ie AS 2 Soe aa eee ok Be ee A es ae ihe:a if na ab Lo ee eS Oe Pst EO a oe ee iss i De ae ae ey ae ae aD a a oe I. Tp) ee Me ae ie aN Ze ::: he fy,Ae Mi Boe : :3  ep :ae tae oe Le SF  ae ee es ey ve Hae oH ant Ng oven  : :;tee cae :cee tan oo oe est ee [oe ee oe ee ley Se ie OS oO i  ::5 Bane ERS thy ret Ae iG mee ee  :::he SER ae  oe  oe oo a oe oe 3 mal bisa a:a oe ote ate Lune cae :i ae  ue ne ys i vy eae ve sh 3   i SG ea es a fy Be ay i wee :;QD ml iC Ss ae eh i Sie le a 2 ist a ee As ze 2 Ee oo alle CANS! ES ao oe EY on Be a  A Oe ee ::Ce oe cn ae Lo x a) an A ee Po  ae ee Cee  ee a 2 los ap Zi e :a les oa :a   a  :joe. ae oe ee Bo ae ox 2. oS oe ee So le co pra x ee bee 2  : ne'
2025-05-29 12:55:33 | INFO     | app.utils.extract_fields_util:extract_fields_from_text:107 - Trying (?i)Zoning:\s*([\w\s.-]+) on line: 'J Poe oe 2 ae oe pe Es is ee i ae oe ;a ae oF 5 oe cS ae oe ae ee ioe ee aioe Ae ie ::oe ce ae Se Die ce eed a ae oe Oe Sis ea  ae :ce oe yuu a ae oo a ee :Seg. oc ce oe oe cay:ee 2 3 ete  a 3 ee ;ey BS a ae NEES  ee aS i os ey  oe ee  ae as ee a ee ee oe 2 3s On ee 8 :oe Le 3. ee ee as Se a ee oS oe a a oS ::1 oo :Dee oe a 8 ee es ae  Se :::i 2! ee a oe  Pe ae oe eae ae ae a ee   a 8 a Ss ret eee  ae oe ake ::oe oe Le eae eee :ae oe BS Oe oe aS 3 2 Le oe i oe,ae é oe ey ee 8 oe :::oe Be eet oe Ds,a ! Doe ae us a aaa cs on eS Se oe Par HS ae :Ste ST:io 2 ae ::So ae a _ ::ee ie oe Be on ace Peter Soe fee ith Eh) aoe a a ::  a ee i) ae ae . ak ae oe ae ae eeu ee ode oe 2 Eee See ee ee aS 4 :a ae, oe ya eae es ee ae ee abe ee fee oo pe ee bs Paice es io] a a oe as 2 :: : ee a a :ec 8 :::  eae Ae oe ee  ae ee :::2 :pate ce a a ae ae    a ek   oe a ie a  oe ey Sar in oe gO cin ge 5 ae ee See eA OF 3 a ;:ity fy ee i re ee ra  a US Bs ic aS Bae ee ee oF oe a :: : ee ae ae we Ay,20;oe 20 Ae :TE Co Sot ee nee pas ao :a  i  So Se ee as  yey oe eet ces ee Ss 5 ce ee 8 oe ao oe : ::SS 2c ae Be ous os oat . Sa ae Big oe Se Bo :_ ec ee Of oe Or Pes 7 an een ae ae oe ee 8 a i ite oe ae Gan a ae Po:ae Bes oe 8 ee Se SOF eG ;oe  a 8 aS eo co  ey oe 3 Be 2 ae fe ae ee a ae  2  a os  a ee :a On eee ee eae ae tee aa oo ee GES mi:oe ets a a oe oe oe oe) ae so  Us wk:S a se :ce ae oe on es is Cos EG ee eee Ee ay oe a ee ee Re ss oe es eel oe oe je oe De 8 ase ee a ee ee BS ee mate Ps ie a OSs,Cc. : OK i oe cee ae or ep EG tees ee Sis AM wares a 5 oe ee me aS ane aes sae aoe be a ee :2  2   eS EN ae 2s ae aS :oS eS. oe   :  pee:OF ae ous 8 ee ::eae 5 os a as oe eS  on noe GON oe a ee  ::i aS ee oh es ie  Sa f S ns ls  ie Ke oe be a :me ene le Ske a :eo _ as a as a :se a 3 Pe ee ee a eee ee oo  " ee ae :a ae aes a ae pee Slave ae Sil es Cae ee 5 ce  Beals cs Le a  Bree a   eae  ee a ::2 :a poe me Abe oe ae nee ae oe ee 2s oe oe oe ee es ee : :Ss oe a 4  :2  i oe oo eee a ae ee 25 ae oo   . :::Sele ee oe :a SS Ae ee icy ae 8 eo os os ea ao aS ee Sie a oe oe oo a Be Po os . a NE oe oS ses eee sea a Se ey ae ae im Sue ee ee ee bo AS oo ae ee a ee ee aL Se a Boe ee : 2 ::a ee ae a aS as fe foe a ee oe ie co ay eee ae) ae oe ee oe ore Ze 8 ae im at oe ee (a Ma on ee bs oe eg ee ee Soe 2  :;::::See os ae ay hee ee es ve ae Ra) a s oe  oe : L  :for ae oe :os Se C26) ee oe a ee ie en Be oS ee a a As Bag 2 Sh ly,a ue oe Re as Bee oe :se ::ae 3 ae o Ee 5 ee i Ox Oe Wee tae ne Re ae Uy Biss alt iss es ee Sd _ 3 oe es se Os Co 4 ae cae ae  ie  a a oS oe oe oe oe EE ia Be its apes oe ek Oe ee Sak ANGE:ee  ee oo tae Le ae  it 4 eng ae ee oe oe eo BS  ote ay Bees oe oe ae ae ae Bee Se  oS oa oo OF ee mae fu oe ae La ee oe He aS Ss ee 0:a ion Se  ee :: oo a (ae tec a ee a ec :ae  ::ae ae Le gong ie Roe Boo oy Tey ee Ae Be As ae ee he a :Le ae By se SES As Oe ee a oe we ae Se Beer ty i ENE _ 2a 7 Sos SS Oe ae aS Ke) eee Ht Ness;Ee prod fe a as a   ee ee ree pee es oe cos Sa Se oe ae Ge Loe ae S a  2 es oe Ser [gees 4 eS ae a ae cS a ee oe oe ce a   ::;:: ve ONE A at 4 ee 0:a cue a ONG ee 26 oe Bes. Pee Sie pee ie ee ee oe 35 es  A fa ee ee ee ell i a oe Ls ee oe Re) ase Oe oy oe Eb ee ee oye ane pee oe :: :::3 oe ae ee eS Cae ee gy ss ay ze oe as Oe,ay eee oe ae :ue  es Exo,:ES 5 eo a ee ee a  oS oe os ae ee SEY;: 4 :::he a ee es ase ee Bees 1D:a  ais oe:ee GO ee ee oo Sco tn oe ae  sx tes ees lee os co a :a (eS oe   Was ie ed ae Bh ae ae ne Oe ee os ae nee ee ee co ane ey a es A se eee ee eee Ss :::2 os ae he a  Los soe pyle ee oe te es oe oe  : ie pan on 5 ee 1 2 a    :::ie feo 2) oO. ae ee es  Ad Bink 10  6 Bae S58 ::! ::7 :A ae os) Cale ae i bed Ss  oe eee ee es ae a ue aie 7 Seo oe oe me  ce ee  Be te Soe oF :ee 3c nS Ds yo at Bas an las ee ;ee eA oe Aes Ge ys Fees oe pee  nee  Oe as By a oe   eee a) ene 2  oe ee rs ae we ae 8 a :2 :  ee ae ek oe He gs ::, (a es cae fies id,GEN Se es as 68 So aS age os oe co or ole ae ee oe oe ole Vag eee eee 4 oe ke SN ae ee Ns) ae a a oS ee was vs nN va ek en ea us Ee fe oe ea eC Ee eee ee ee ae es Fe PEIN:oe a oe  ae ae ae 5 Ne 25, al a 20  :Sg ae cue a a we es ae ss ae EN gee 3. a aa SN:i,a ees  os Lo ER en Ss A as 7 2 any,cad oS oe oe ar fs Be () oe St x ie :ee oe ee Hee tS,Vi Bote eer AEN on oe aS Se oO eS He ay Ne ari Liste oe aa as gs ae ee  ZW iene EN CEN oe  ee oe ee es oe oe ee fel A Rie ee Bee aif ae aes be eae ADS ca ,Be oe coe oe ee Ren,ee isa sd (ages i reek AR Sa A ae es ge ml Loe ae oe oe ene ae Pas fe :ie es 1S AP eRe 2 8 ae ee ae ep OGTR eye ep eS oie mes i Ge ee ae le 8 he ae por wee oe ie eee eae sae ee aw fat i i ie a ees  Loe  oe Sees 3] ee (Gee od ie AS 2 Soe aa eee ok Be ee A es ae ihe:a if na ab Lo ee eS Oe Pst EO a oe ee iss i De ae ae ey ae ae aD a a oe I. Tp) ee Me ae ie aN Ze ::: he fy,Ae Mi Boe : :3  ep :ae tae oe Le SF  ae ee es ey ve Hae oH ant Ng oven  : :;tee cae :cee tan oo oe est ee [oe ee oe ee ley Se ie OS oO i  ::5 Bane ERS thy ret Ae iG mee ee  :::he SER ae  oe  oe oo a oe oe 3 mal bisa a:a oe ote ate Lune cae :i ae  ue ne ys i vy eae ve sh 3   i SG ea es a fy Be ay i wee :;QD ml iC Ss ae eh i Sie le a 2 ist a ee As ze 2 Ee oo alle CANS! ES ao oe EY on Be a  A Oe ee ::Ce oe cn ae Lo x a) an A ee Po  ae ee Cee  ee a 2 los ap Zi e :a les oa :a   a  :joe. ae oe ee Bo ae ox 2. oS oe ee So le co pra x ee bee 2  : ne'
2025-05-29 12:55:33 | INFO     | app.utils.extract_fields_util:extract_fields_from_text:107 - Trying (?i)-\s*Zoning:\s*([\w\s.-]+) on line: 'J Poe oe 2 ae oe pe Es is ee i ae oe ;a ae oF 5 oe cS ae oe ae ee ioe ee aioe Ae ie ::oe ce ae Se Die ce eed a ae oe Oe Sis ea  ae :ce oe yuu a ae oo a ee :Seg. oc ce oe oe cay:ee 2 3 ete  a 3 ee ;ey BS a ae NEES  ee aS i os ey  oe ee  ae as ee a ee ee oe 2 3s On ee 8 :oe Le 3. ee ee as Se a ee oS oe a a oS ::1 oo :Dee oe a 8 ee es ae  Se :::i 2! ee a oe  Pe ae oe eae ae ae a ee   a 8 a Ss ret eee  ae oe ake ::oe oe Le eae eee :ae oe BS Oe oe aS 3 2 Le oe i oe,ae é oe ey ee 8 oe :::oe Be eet oe Ds,a ! Doe ae us a aaa cs on eS Se oe Par HS ae :Ste ST:io 2 ae ::So ae a _ ::ee ie oe Be on ace Peter Soe fee ith Eh) aoe a a ::  a ee i) ae ae . ak ae oe ae ae eeu ee ode oe 2 Eee See ee ee aS 4 :a ae, oe ya eae es ee ae ee abe ee fee oo pe ee bs Paice es io] a a oe as 2 :: : ee a a :ec 8 :::  eae Ae oe ee  ae ee :::2 :pate ce a a ae ae    a ek   oe a ie a  oe ey Sar in oe gO cin ge 5 ae ee See eA OF 3 a ;:ity fy ee i re ee ra  a US Bs ic aS Bae ee ee oF oe a :: : ee ae ae we Ay,20;oe 20 Ae :TE Co Sot ee nee pas ao :a  i  So Se ee as  yey oe eet ces ee Ss 5 ce ee 8 oe ao oe : ::SS 2c ae Be ous os oat . Sa ae Big oe Se Bo :_ ec ee Of oe Or Pes 7 an een ae ae oe ee 8 a i ite oe ae Gan a ae Po:ae Bes oe 8 ee Se SOF eG ;oe  a 8 aS eo co  ey oe 3 Be 2 ae fe ae ee a ae  2  a os  a ee :a On eee ee eae ae tee aa oo ee GES mi:oe ets a a oe oe oe oe) ae so  Us wk:S a se :ce ae oe on es is Cos EG ee eee Ee ay oe a ee ee Re ss oe es eel oe oe je oe De 8 ase ee a ee ee BS ee mate Ps ie a OSs,Cc. : OK i oe cee ae or ep EG tees ee Sis AM wares a 5 oe ee me aS ane aes sae aoe be a ee :2  2   eS EN ae 2s ae aS :oS eS. oe   :  pee:OF ae ous 8 ee ::eae 5 os a as oe eS  on noe GON oe a ee  ::i aS ee oh es ie  Sa f S ns ls  ie Ke oe be a :me ene le Ske a :eo _ as a as a :se a 3 Pe ee ee a eee ee oo  " ee ae :a ae aes a ae pee Slave ae Sil es Cae ee 5 ce  Beals cs Le a  Bree a   eae  ee a ::2 :a poe me Abe oe ae nee ae oe ee 2s oe oe oe ee es ee : :Ss oe a 4  :2  i oe oo eee a ae ee 25 ae oo   . :::Sele ee oe :a SS Ae ee icy ae 8 eo os os ea ao aS ee Sie a oe oe oo a Be Po os . a NE oe oS ses eee sea a Se ey ae ae im Sue ee ee ee bo AS oo ae ee a ee ee aL Se a Boe ee : 2 ::a ee ae a aS as fe foe a ee oe ie co ay eee ae) ae oe ee oe ore Ze 8 ae im at oe ee (a Ma on ee bs oe eg ee ee Soe 2  :;::::See os ae ay hee ee es ve ae Ra) a s oe  oe : L  :for ae oe :os Se C26) ee oe a ee ie en Be oS ee a a As Bag 2 Sh ly,a ue oe Re as Bee oe :se ::ae 3 ae o Ee 5 ee i Ox Oe Wee tae ne Re ae Uy Biss alt iss es ee Sd _ 3 oe es se Os Co 4 ae cae ae  ie  a a oS oe oe oe oe EE ia Be its apes oe ek Oe ee Sak ANGE:ee  ee oo tae Le ae  it 4 eng ae ee oe oe eo BS  ote ay Bees oe oe ae ae ae Bee Se  oS oa oo OF ee mae fu oe ae La ee oe He aS Ss ee 0:a ion Se  ee :: oo a (ae tec a ee a ec :ae  ::ae ae Le gong ie Roe Boo oy Tey ee Ae Be As ae ee he a :Le ae By se SES As Oe ee a oe we ae Se Beer ty i ENE _ 2a 7 Sos SS Oe ae aS Ke) eee Ht Ness;Ee prod fe a as a   ee ee ree pee es oe cos Sa Se oe ae Ge Loe ae S a  2 es oe Ser [gees 4 eS ae a ae cS a ee oe oe ce a   ::;:: ve ONE A at 4 ee 0:a cue a ONG ee 26 oe Bes. Pee Sie pee ie ee ee oe 35 es  A fa ee ee ee ell i a oe Ls ee oe Re) ase Oe oy oe Eb ee ee oye ane pee oe :: :::3 oe ae ee eS Cae ee gy ss ay ze oe as Oe,ay eee oe ae :ue  es Exo,:ES 5 eo a ee ee a  oS oe os ae ee SEY;: 4 :::he a ee es ase ee Bees 1D:a  ais oe:ee GO ee ee oo Sco tn oe ae  sx tes ees lee os co a :a (eS oe   Was ie ed ae Bh ae ae ne Oe ee os ae nee ee ee co ane ey a es A se eee ee eee Ss :::2 os ae he a  Los soe pyle ee oe te es oe oe  : ie pan on 5 ee 1 2 a    :::ie feo 2) oO. ae ee es  Ad Bink 10  6 Bae S58 ::! ::7 :A ae os) Cale ae i bed Ss  oe eee ee es ae a ue aie 7 Seo oe oe me  ce ee  Be te Soe oF :ee 3c nS Ds yo at Bas an las ee ;ee eA oe Aes Ge ys Fees oe pee  nee  Oe as By a oe   eee a) ene 2  oe ee rs ae we ae 8 a :2 :  ee ae ek oe He gs ::, (a es cae fies id,GEN Se es as 68 So aS age os oe co or ole ae ee oe oe ole Vag eee eee 4 oe ke SN ae ee Ns) ae a a oS ee was vs nN va ek en ea us Ee fe oe ea eC Ee eee ee ee ae es Fe PEIN:oe a oe  ae ae ae 5 Ne 25, al a 20  :Sg ae cue a a we es ae ss ae EN gee 3. a aa SN:i,a ees  os Lo ER en Ss A as 7 2 any,cad oS oe oe ar fs Be () oe St x ie :ee oe ee Hee tS,Vi Bote eer AEN on oe aS Se oO eS He ay Ne ari Liste oe aa as gs ae ee  ZW iene EN CEN oe  ee oe ee es oe oe ee fel A Rie ee Bee aif ae aes be eae ADS ca ,Be oe coe oe ee Ren,ee isa sd (ages i reek AR Sa A ae es ge ml Loe ae oe oe ene ae Pas fe :ie es 1S AP eRe 2 8 ae ee ae ep OGTR eye ep eS oie mes i Ge ee ae le 8 he ae por wee oe ie eee eae sae ee aw fat i i ie a ees  Loe  oe Sees 3] ee (Gee od ie AS 2 Soe aa eee ok Be ee A es ae ihe:a if na ab Lo ee eS Oe Pst EO a oe ee iss i De ae ae ey ae ae aD a a oe I. Tp) ee Me ae ie aN Ze ::: he fy,Ae Mi Boe : :3  ep :ae tae oe Le SF  ae ee es ey ve Hae oH ant Ng oven  : :;tee cae :cee tan oo oe est ee [oe ee oe ee ley Se ie OS oO i  ::5 Bane ERS thy ret Ae iG mee ee  :::he SER ae  oe  oe oo a oe oe 3 mal bisa a:a oe ote ate Lune cae :i ae  ue ne ys i vy eae ve sh 3   i SG ea es a fy Be ay i wee :;QD ml iC Ss ae eh i Sie le a 2 ist a ee As ze 2 Ee oo alle CANS! ES ao oe EY on Be a  A Oe ee ::Ce oe cn ae Lo x a) an A ee Po  ae ee Cee  ee a 2 los ap Zi e :a les oa :a   a  :joe. ae oe ee Bo ae ox 2. oS oe ee So le co pra x ee bee 2  : ne'
2025-05-29 12:55:33 | INFO     | app.utils.extract_fields_util:extract_fields_from_text:107 - Trying (?i)Zoning\s+Record:\s*([\w\s.-]+) on line: 'J Poe oe 2 ae oe pe Es is ee i ae oe ;a ae oF 5 oe cS ae oe ae ee ioe ee aioe Ae ie ::oe ce ae Se Die ce eed a ae oe Oe Sis ea  ae :ce oe yuu a ae oo a ee :Seg. oc ce oe oe cay:ee 2 3 ete  a 3 ee ;ey BS a ae NEES  ee aS i os ey  oe ee  ae as ee a ee ee oe 2 3s On ee 8 :oe Le 3. ee ee as Se a ee oS oe a a oS ::1 oo :Dee oe a 8 ee es ae  Se :::i 2! ee a oe  Pe ae oe eae ae ae a ee   a 8 a Ss ret eee  ae oe ake ::oe oe Le eae eee :ae oe BS Oe oe aS 3 2 Le oe i oe,ae é oe ey ee 8 oe :::oe Be eet oe Ds,a ! Doe ae us a aaa cs on eS Se oe Par HS ae :Ste ST:io 2 ae ::So ae a _ ::ee ie oe Be on ace Peter Soe fee ith Eh) aoe a a ::  a ee i) ae ae . ak ae oe ae ae eeu ee ode oe 2 Eee See ee ee aS 4 :a ae, oe ya eae es ee ae ee abe ee fee oo pe ee bs Paice es io] a a oe as 2 :: : ee a a :ec 8 :::  eae Ae oe ee  ae ee :::2 :pate ce a a ae ae    a ek   oe a ie a  oe ey Sar in oe gO cin ge 5 ae ee See eA OF 3 a ;:ity fy ee i re ee ra  a US Bs ic aS Bae ee ee oF oe a :: : ee ae ae we Ay,20;oe 20 Ae :TE Co Sot ee nee pas ao :a  i  So Se ee as  yey oe eet ces ee Ss 5 ce ee 8 oe ao oe : ::SS 2c ae Be ous os oat . Sa ae Big oe Se Bo :_ ec ee Of oe Or Pes 7 an een ae ae oe ee 8 a i ite oe ae Gan a ae Po:ae Bes oe 8 ee Se SOF eG ;oe  a 8 aS eo co  ey oe 3 Be 2 ae fe ae ee a ae  2  a os  a ee :a On eee ee eae ae tee aa oo ee GES mi:oe ets a a oe oe oe oe) ae so  Us wk:S a se :ce ae oe on es is Cos EG ee eee Ee ay oe a ee ee Re ss oe es eel oe oe je oe De 8 ase ee a ee ee BS ee mate Ps ie a OSs,Cc. : OK i oe cee ae or ep EG tees ee Sis AM wares a 5 oe ee me aS ane aes sae aoe be a ee :2  2   eS EN ae 2s ae aS :oS eS. oe   :  pee:OF ae ous 8 ee ::eae 5 os a as oe eS  on noe GON oe a ee  ::i aS ee oh es ie  Sa f S ns ls  ie Ke oe be a :me ene le Ske a :eo _ as a as a :se a 3 Pe ee ee a eee ee oo  " ee ae :a ae aes a ae pee Slave ae Sil es Cae ee 5 ce  Beals cs Le a  Bree a   eae  ee a ::2 :a poe me Abe oe ae nee ae oe ee 2s oe oe oe ee es ee : :Ss oe a 4  :2  i oe oo eee a ae ee 25 ae oo   . :::Sele ee oe :a SS Ae ee icy ae 8 eo os os ea ao aS ee Sie a oe oe oo a Be Po os . a NE oe oS ses eee sea a Se ey ae ae im Sue ee ee ee bo AS oo ae ee a ee ee aL Se a Boe ee : 2 ::a ee ae a aS as fe foe a ee oe ie co ay eee ae) ae oe ee oe ore Ze 8 ae im at oe ee (a Ma on ee bs oe eg ee ee Soe 2  :;::::See os ae ay hee ee es ve ae Ra) a s oe  oe : L  :for ae oe :os Se C26) ee oe a ee ie en Be oS ee a a As Bag 2 Sh ly,a ue oe Re as Bee oe :se ::ae 3 ae o Ee 5 ee i Ox Oe Wee tae ne Re ae Uy Biss alt iss es ee Sd _ 3 oe es se Os Co 4 ae cae ae  ie  a a oS oe oe oe oe EE ia Be its apes oe ek Oe ee Sak ANGE:ee  ee oo tae Le ae  it 4 eng ae ee oe oe eo BS  ote ay Bees oe oe ae ae ae Bee Se  oS oa oo OF ee mae fu oe ae La ee oe He aS Ss ee 0:a ion Se  ee :: oo a (ae tec a ee a ec :ae  ::ae ae Le gong ie Roe Boo oy Tey ee Ae Be As ae ee he a :Le ae By se SES As Oe ee a oe we ae Se Beer ty i ENE _ 2a 7 Sos SS Oe ae aS Ke) eee Ht Ness;Ee prod fe a as a   ee ee ree pee es oe cos Sa Se oe ae Ge Loe ae S a  2 es oe Ser [gees 4 eS ae a ae cS a ee oe oe ce a   ::;:: ve ONE A at 4 ee 0:a cue a ONG ee 26 oe Bes. Pee Sie pee ie ee ee oe 35 es  A fa ee ee ee ell i a oe Ls ee oe Re) ase Oe oy oe Eb ee ee oye ane pee oe :: :::3 oe ae ee eS Cae ee gy ss ay ze oe as Oe,ay eee oe ae :ue  es Exo,:ES 5 eo a ee ee a  oS oe os ae ee SEY;: 4 :::he a ee es ase ee Bees 1D:a  ais oe:ee GO ee ee oo Sco tn oe ae  sx tes ees lee os co a :a (eS oe   Was ie ed ae Bh ae ae ne Oe ee os ae nee ee ee co ane ey a es A se eee ee eee Ss :::2 os ae he a  Los soe pyle ee oe te es oe oe  : ie pan on 5 ee 1 2 a    :::ie feo 2) oO. ae ee es  Ad Bink 10  6 Bae S58 ::! ::7 :A ae os) Cale ae i bed Ss  oe eee ee es ae a ue aie 7 Seo oe oe me  ce ee  Be te Soe oF :ee 3c nS Ds yo at Bas an las ee ;ee eA oe Aes Ge ys Fees oe pee  nee  Oe as By a oe   eee a) ene 2  oe ee rs ae we ae 8 a :2 :  ee ae ek oe He gs ::, (a es cae fies id,GEN Se es as 68 So aS age os oe co or ole ae ee oe oe ole Vag eee eee 4 oe ke SN ae ee Ns) ae a a oS ee was vs nN va ek en ea us Ee fe oe ea eC Ee eee ee ee ae es Fe PEIN:oe a oe  ae ae ae 5 Ne 25, al a 20  :Sg ae cue a a we es ae ss ae EN gee 3. a aa SN:i,a ees  os Lo ER en Ss A as 7 2 any,cad oS oe oe ar fs Be () oe St x ie :ee oe ee Hee tS,Vi Bote eer AEN on oe aS Se oO eS He ay Ne ari Liste oe aa as gs ae ee  ZW iene EN CEN oe  ee oe ee es oe oe ee fel A Rie ee Bee aif ae aes be eae ADS ca ,Be oe coe oe ee Ren,ee isa sd (ages i reek AR Sa A ae es ge ml Loe ae oe oe ene ae Pas fe :ie es 1S AP eRe 2 8 ae ee ae ep OGTR eye ep eS oie mes i Ge ee ae le 8 he ae por wee oe ie eee eae sae ee aw fat i i ie a ees  Loe  oe Sees 3] ee (Gee od ie AS 2 Soe aa eee ok Be ee A es ae ihe:a if na ab Lo ee eS Oe Pst EO a oe ee iss i De ae ae ey ae ae aD a a oe I. Tp) ee Me ae ie aN Ze ::: he fy,Ae Mi Boe : :3  ep :ae tae oe Le SF  ae ee es ey ve Hae oH ant Ng oven  : :;tee cae :cee tan oo oe est ee [oe ee oe ee ley Se ie OS oO i  ::5 Bane ERS thy ret Ae iG mee ee  :::he SER ae  oe  oe oo a oe oe 3 mal bisa a:a oe ote ate Lune cae :i ae  ue ne ys i vy eae ve sh 3   i SG ea es a fy Be ay i wee :;QD ml iC Ss ae eh i Sie le a 2 ist a ee As ze 2 Ee oo alle CANS! ES ao oe EY on Be a  A Oe ee ::Ce oe cn ae Lo x a) an A ee Po  ae ee Cee  ee a 2 los ap Zi e :a les oa :a   a  :joe. ae oe ee Bo ae ox 2. oS oe ee So le co pra x ee bee 2  : ne'
2025-05-29 12:55:33 | INFO     | app.utils.extract_fields_util:extract_fields_from_text:107 - Trying (?i)Outdated\s+Tax\s+Delta:\s*([\d%]+) on line: 'J Poe oe 2 ae oe pe Es is ee i ae oe ;a ae oF 5 oe cS ae oe ae ee ioe ee aioe Ae ie ::oe ce ae Se Die ce eed a ae oe Oe Sis ea  ae :ce oe yuu a ae oo a ee :Seg. oc ce oe oe cay:ee 2 3 ete  a 3 ee ;ey BS a ae NEES  ee aS i os ey  oe ee  ae as ee a ee ee oe 2 3s On ee 8 :oe Le 3. ee ee as Se a ee oS oe a a oS ::1 oo :Dee oe a 8 ee es ae  Se :::i 2! ee a oe  Pe ae oe eae ae ae a ee   a 8 a Ss ret eee  ae oe ake ::oe oe Le eae eee :ae oe BS Oe oe aS 3 2 Le oe i oe,ae é oe ey ee 8 oe :::oe Be eet oe Ds,a ! Doe ae us a aaa cs on eS Se oe Par HS ae :Ste ST:io 2 ae ::So ae a _ ::ee ie oe Be on ace Peter Soe fee ith Eh) aoe a a ::  a ee i) ae ae . ak ae oe ae ae eeu ee ode oe 2 Eee See ee ee aS 4 :a ae, oe ya eae es ee ae ee abe ee fee oo pe ee bs Paice es io] a a oe as 2 :: : ee a a :ec 8 :::  eae Ae oe ee  ae ee :::2 :pate ce a a ae ae    a ek   oe a ie a  oe ey Sar in oe gO cin ge 5 ae ee See eA OF 3 a ;:ity fy ee i re ee ra  a US Bs ic aS Bae ee ee oF oe a :: : ee ae ae we Ay,20;oe 20 Ae :TE Co Sot ee nee pas ao :a  i  So Se ee as  yey oe eet ces ee Ss 5 ce ee 8 oe ao oe : ::SS 2c ae Be ous os oat . Sa ae Big oe Se Bo :_ ec ee Of oe Or Pes 7 an een ae ae oe ee 8 a i ite oe ae Gan a ae Po:ae Bes oe 8 ee Se SOF eG ;oe  a 8 aS eo co  ey oe 3 Be 2 ae fe ae ee a ae  2  a os  a ee :a On eee ee eae ae tee aa oo ee GES mi:oe ets a a oe oe oe oe) ae so  Us wk:S a se :ce ae oe on es is Cos EG ee eee Ee ay oe a ee ee Re ss oe es eel oe oe je oe De 8 ase ee a ee ee BS ee mate Ps ie a OSs,Cc. : OK i oe cee ae or ep EG tees ee Sis AM wares a 5 oe ee me aS ane aes sae aoe be a ee :2  2   eS EN ae 2s ae aS :oS eS. oe   :  pee:OF ae ous 8 ee ::eae 5 os a as oe eS  on noe GON oe a ee  ::i aS ee oh es ie  Sa f S ns ls  ie Ke oe be a :me ene le Ske a :eo _ as a as a :se a 3 Pe ee ee a eee ee oo  " ee ae :a ae aes a ae pee Slave ae Sil es Cae ee 5 ce  Beals cs Le a  Bree a   eae  ee a ::2 :a poe me Abe oe ae nee ae oe ee 2s oe oe oe ee es ee : :Ss oe a 4  :2  i oe oo eee a ae ee 25 ae oo   . :::Sele ee oe :a SS Ae ee icy ae 8 eo os os ea ao aS ee Sie a oe oe oo a Be Po os . a NE oe oS ses eee sea a Se ey ae ae im Sue ee ee ee bo AS oo ae ee a ee ee aL Se a Boe ee : 2 ::a ee ae a aS as fe foe a ee oe ie co ay eee ae) ae oe ee oe ore Ze 8 ae im at oe ee (a Ma on ee bs oe eg ee ee Soe 2  :;::::See os ae ay hee ee es ve ae Ra) a s oe  oe : L  :for ae oe :os Se C26) ee oe a ee ie en Be oS ee a a As Bag 2 Sh ly,a ue oe Re as Bee oe :se ::ae 3 ae o Ee 5 ee i Ox Oe Wee tae ne Re ae Uy Biss alt iss es ee Sd _ 3 oe es se Os Co 4 ae cae ae  ie  a a oS oe oe oe oe EE ia Be its apes oe ek Oe ee Sak ANGE:ee  ee oo tae Le ae  it 4 eng ae ee oe oe eo BS  ote ay Bees oe oe ae ae ae Bee Se  oS oa oo OF ee mae fu oe ae La ee oe He aS Ss ee 0:a ion Se  ee :: oo a (ae tec a ee a ec :ae  ::ae ae Le gong ie Roe Boo oy Tey ee Ae Be As ae ee he a :Le ae By se SES As Oe ee a oe we ae Se Beer ty i ENE _ 2a 7 Sos SS Oe ae aS Ke) eee Ht Ness;Ee prod fe a as a   ee ee ree pee es oe cos Sa Se oe ae Ge Loe ae S a  2 es oe Ser [gees 4 eS ae a ae cS a ee oe oe ce a   ::;:: ve ONE A at 4 ee 0:a cue a ONG ee 26 oe Bes. Pee Sie pee ie ee ee oe 35 es  A fa ee ee ee ell i a oe Ls ee oe Re) ase Oe oy oe Eb ee ee oye ane pee oe :: :::3 oe ae ee eS Cae ee gy ss ay ze oe as Oe,ay eee oe ae :ue  es Exo,:ES 5 eo a ee ee a  oS oe os ae ee SEY;: 4 :::he a ee es ase ee Bees 1D:a  ais oe:ee GO ee ee oo Sco tn oe ae  sx tes ees lee os co a :a (eS oe   Was ie ed ae Bh ae ae ne Oe ee os ae nee ee ee co ane ey a es A se eee ee eee Ss :::2 os ae he a  Los soe pyle ee oe te es oe oe  : ie pan on 5 ee 1 2 a    :::ie feo 2) oO. ae ee es  Ad Bink 10  6 Bae S58 ::! ::7 :A ae os) Cale ae i bed Ss  oe eee ee es ae a ue aie 7 Seo oe oe me  ce ee  Be te Soe oF :ee 3c nS Ds yo at Bas an las ee ;ee eA oe Aes Ge ys Fees oe pee  nee  Oe as By a oe   eee a) ene 2  oe ee rs ae we ae 8 a :2 :  ee ae ek oe He gs ::, (a es cae fies id,GEN Se es as 68 So aS age os oe co or ole ae ee oe oe ole Vag eee eee 4 oe ke SN ae ee Ns) ae a a oS ee was vs nN va ek en ea us Ee fe oe ea eC Ee eee ee ee ae es Fe PEIN:oe a oe  ae ae ae 5 Ne 25, al a 20  :Sg ae cue a a we es ae ss ae EN gee 3. a aa SN:i,a ees  os Lo ER en Ss A as 7 2 any,cad oS oe oe ar fs Be () oe St x ie :ee oe ee Hee tS,Vi Bote eer AEN on oe aS Se oO eS He ay Ne ari Liste oe aa as gs ae ee  ZW iene EN CEN oe  ee oe ee es oe oe ee fel A Rie ee Bee aif ae aes be eae ADS ca ,Be oe coe oe ee Ren,ee isa sd (ages i reek AR Sa A ae es ge ml Loe ae oe oe ene ae Pas fe :ie es 1S AP eRe 2 8 ae ee ae ep OGTR eye ep eS oie mes i Ge ee ae le 8 he ae por wee oe ie eee eae sae ee aw fat i i ie a ees  Loe  oe Sees 3] ee (Gee od ie AS 2 Soe aa eee ok Be ee A es ae ihe:a if na ab Lo ee eS Oe Pst EO a oe ee iss i De ae ae ey ae ae aD a a oe I. Tp) ee Me ae ie aN Ze ::: he fy,Ae Mi Boe : :3  ep :ae tae oe Le SF  ae ee es ey ve Hae oH ant Ng oven  : :;tee cae :cee tan oo oe est ee [oe ee oe ee ley Se ie OS oO i  ::5 Bane ERS thy ret Ae iG mee ee  :::he SER ae  oe  oe oo a oe oe 3 mal bisa a:a oe ote ate Lune cae :i ae  ue ne ys i vy eae ve sh 3   i SG ea es a fy Be ay i wee :;QD ml iC Ss ae eh i Sie le a 2 ist a ee As ze 2 Ee oo alle CANS! ES ao oe EY on Be a  A Oe ee ::Ce oe cn ae Lo x a) an A ee Po  ae ee Cee  ee a 2 los ap Zi e :a les oa :a   a  :joe. ae oe ee Bo ae ox 2. oS oe ee So le co pra x ee bee 2  : ne'
2025-05-29 12:55:33 | INFO     | app.utils.extract_fields_util:extract_fields_from_text:107 - Trying (?i)-\s*Outdated\s+Tax\s+Delta:\s*([\d%]+) on line: 'J Poe oe 2 ae oe pe Es is ee i ae oe ;a ae oF 5 oe cS ae oe ae ee ioe ee aioe Ae ie ::oe ce ae Se Die ce eed a ae oe Oe Sis ea  ae :ce oe yuu a ae oo a ee :Seg. oc ce oe oe cay:ee 2 3 ete  a 3 ee ;ey BS a ae NEES  ee aS i os ey  oe ee  ae as ee a ee ee oe 2 3s On ee 8 :oe Le 3. ee ee as Se a ee oS oe a a oS ::1 oo :Dee oe a 8 ee es ae  Se :::i 2! ee a oe  Pe ae oe eae ae ae a ee   a 8 a Ss ret eee  ae oe ake ::oe oe Le eae eee :ae oe BS Oe oe aS 3 2 Le oe i oe,ae é oe ey ee 8 oe :::oe Be eet oe Ds,a ! Doe ae us a aaa cs on eS Se oe Par HS ae :Ste ST:io 2 ae ::So ae a _ ::ee ie oe Be on ace Peter Soe fee ith Eh) aoe a a ::  a ee i) ae ae . ak ae oe ae ae eeu ee ode oe 2 Eee See ee ee aS 4 :a ae, oe ya eae es ee ae ee abe ee fee oo pe ee bs Paice es io] a a oe as 2 :: : ee a a :ec 8 :::  eae Ae oe ee  ae ee :::2 :pate ce a a ae ae    a ek   oe a ie a  oe ey Sar in oe gO cin ge 5 ae ee See eA OF 3 a ;:ity fy ee i re ee ra  a US Bs ic aS Bae ee ee oF oe a :: : ee ae ae we Ay,20;oe 20 Ae :TE Co Sot ee nee pas ao :a  i  So Se ee as  yey oe eet ces ee Ss 5 ce ee 8 oe ao oe : ::SS 2c ae Be ous os oat . Sa ae Big oe Se Bo :_ ec ee Of oe Or Pes 7 an een ae ae oe ee 8 a i ite oe ae Gan a ae Po:ae Bes oe 8 ee Se SOF eG ;oe  a 8 aS eo co  ey oe 3 Be 2 ae fe ae ee a ae  2  a os  a ee :a On eee ee eae ae tee aa oo ee GES mi:oe ets a a oe oe oe oe) ae so  Us wk:S a se :ce ae oe on es is Cos EG ee eee Ee ay oe a ee ee Re ss oe es eel oe oe je oe De 8 ase ee a ee ee BS ee mate Ps ie a OSs,Cc. : OK i oe cee ae or ep EG tees ee Sis AM wares a 5 oe ee me aS ane aes sae aoe be a ee :2  2   eS EN ae 2s ae aS :oS eS. oe   :  pee:OF ae ous 8 ee ::eae 5 os a as oe eS  on noe GON oe a ee  ::i aS ee oh es ie  Sa f S ns ls  ie Ke oe be a :me ene le Ske a :eo _ as a as a :se a 3 Pe ee ee a eee ee oo  " ee ae :a ae aes a ae pee Slave ae Sil es Cae ee 5 ce  Beals cs Le a  Bree a   eae  ee a ::2 :a poe me Abe oe ae nee ae oe ee 2s oe oe oe ee es ee : :Ss oe a 4  :2  i oe oo eee a ae ee 25 ae oo   . :::Sele ee oe :a SS Ae ee icy ae 8 eo os os ea ao aS ee Sie a oe oe oo a Be Po os . a NE oe oS ses eee sea a Se ey ae ae im Sue ee ee ee bo AS oo ae ee a ee ee aL Se a Boe ee : 2 ::a ee ae a aS as fe foe a ee oe ie co ay eee ae) ae oe ee oe ore Ze 8 ae im at oe ee (a Ma on ee bs oe eg ee ee Soe 2  :;::::See os ae ay hee ee es ve ae Ra) a s oe  oe : L  :for ae oe :os Se C26) ee oe a ee ie en Be oS ee a a As Bag 2 Sh ly,a ue oe Re as Bee oe :se ::ae 3 ae o Ee 5 ee i Ox Oe Wee tae ne Re ae Uy Biss alt iss es ee Sd _ 3 oe es se Os Co 4 ae cae ae  ie  a a oS oe oe oe oe EE ia Be its apes oe ek Oe ee Sak ANGE:ee  ee oo tae Le ae  it 4 eng ae ee oe oe eo BS  ote ay Bees oe oe ae ae ae Bee Se  oS oa oo OF ee mae fu oe ae La ee oe He aS Ss ee 0:a ion Se  ee :: oo a (ae tec a ee a ec :ae  ::ae ae Le gong ie Roe Boo oy Tey ee Ae Be As ae ee he a :Le ae By se SES As Oe ee a oe we ae Se Beer ty i ENE _ 2a 7 Sos SS Oe ae aS Ke) eee Ht Ness;Ee prod fe a as a   ee ee ree pee es oe cos Sa Se oe ae Ge Loe ae S a  2 es oe Ser [gees 4 eS ae a ae cS a ee oe oe ce a   ::;:: ve ONE A at 4 ee 0:a cue a ONG ee 26 oe Bes. Pee Sie pee ie ee ee oe 35 es  A fa ee ee ee ell i a oe Ls ee oe Re) ase Oe oy oe Eb ee ee oye ane pee oe :: :::3 oe ae ee eS Cae ee gy ss ay ze oe as Oe,ay eee oe ae :ue  es Exo,:ES 5 eo a ee ee a  oS oe os ae ee SEY;: 4 :::he a ee es ase ee Bees 1D:a  ais oe:ee GO ee ee oo Sco tn oe ae  sx tes ees lee os co a :a (eS oe   Was ie ed ae Bh ae ae ne Oe ee os ae nee ee ee co ane ey a es A se eee ee eee Ss :::2 os ae he a  Los soe pyle ee oe te es oe oe  : ie pan on 5 ee 1 2 a    :::ie feo 2) oO. ae ee es  Ad Bink 10  6 Bae S58 ::! ::7 :A ae os) Cale ae i bed Ss  oe eee ee es ae a ue aie 7 Seo oe oe me  ce ee  Be te Soe oF :ee 3c nS Ds yo at Bas an las ee ;ee eA oe Aes Ge ys Fees oe pee  nee  Oe as By a oe   eee a) ene 2  oe ee rs ae we ae 8 a :2 :  ee ae ek oe He gs ::, (a es cae fies id,GEN Se es as 68 So aS age os oe co or ole ae ee oe oe ole Vag eee eee 4 oe ke SN ae ee Ns) ae a a oS ee was vs nN va ek en ea us Ee fe oe ea eC Ee eee ee ee ae es Fe PEIN:oe a oe  ae ae ae 5 Ne 25, al a 20  :Sg ae cue a a we es ae ss ae EN gee 3. a aa SN:i,a ees  os Lo ER en Ss A as 7 2 any,cad oS oe oe ar fs Be () oe St x ie :ee oe ee Hee tS,Vi Bote eer AEN on oe aS Se oO eS He ay Ne ari Liste oe aa as gs ae ee  ZW iene EN CEN oe  ee oe ee es oe oe ee fel A Rie ee Bee aif ae aes be eae ADS ca ,Be oe coe oe ee Ren,ee isa sd (ages i reek AR Sa A ae es ge ml Loe ae oe oe ene ae Pas fe :ie es 1S AP eRe 2 8 ae ee ae ep OGTR eye ep eS oie mes i Ge ee ae le 8 he ae por wee oe ie eee eae sae ee aw fat i i ie a ees  Loe  oe Sees 3] ee (Gee od ie AS 2 Soe aa eee ok Be ee A es ae ihe:a if na ab Lo ee eS Oe Pst EO a oe ee iss i De ae ae ey ae ae aD a a oe I. Tp) ee Me ae ie aN Ze ::: he fy,Ae Mi Boe : :3  ep :ae tae oe Le SF  ae ee es ey ve Hae oH ant Ng oven  : :;tee cae :cee tan oo oe est ee [oe ee oe ee ley Se ie OS oO i  ::5 Bane ERS thy ret Ae iG mee ee  :::he SER ae  oe  oe oo a oe oe 3 mal bisa a:a oe ote ate Lune cae :i ae  ue ne ys i vy eae ve sh 3   i SG ea es a fy Be ay i wee :;QD ml iC Ss ae eh i Sie le a 2 ist a ee As ze 2 Ee oo alle CANS! ES ao oe EY on Be a  A Oe ee ::Ce oe cn ae Lo x a) an A ee Po  ae ee Cee  ee a 2 los ap Zi e :a les oa :a   a  :joe. ae oe ee Bo ae ox 2. oS oe ee So le co pra x ee bee 2  : ne'
2025-05-29 12:55:33 | INFO     | app.utils.extract_fields_util:extract_fields_from_text:107 - Trying (?i)Tax\s+Delta:\s*([\d%]+) on line: 'J Poe oe 2 ae oe pe Es is ee i ae oe ;a ae oF 5 oe cS ae oe ae ee ioe ee aioe Ae ie ::oe ce ae Se Die ce eed a ae oe Oe Sis ea  ae :ce oe yuu a ae oo a ee :Seg. oc ce oe oe cay:ee 2 3 ete  a 3 ee ;ey BS a ae NEES  ee aS i os ey  oe ee  ae as ee a ee ee oe 2 3s On ee 8 :oe Le 3. ee ee as Se a ee oS oe a a oS ::1 oo :Dee oe a 8 ee es ae  Se :::i 2! ee a oe  Pe ae oe eae ae ae a ee   a 8 a Ss ret eee  ae oe ake ::oe oe Le eae eee :ae oe BS Oe oe aS 3 2 Le oe i oe,ae é oe ey ee 8 oe :::oe Be eet oe Ds,a ! Doe ae us a aaa cs on eS Se oe Par HS ae :Ste ST:io 2 ae ::So ae a _ ::ee ie oe Be on ace Peter Soe fee ith Eh) aoe a a ::  a ee i) ae ae . ak ae oe ae ae eeu ee ode oe 2 Eee See ee ee aS 4 :a ae, oe ya eae es ee ae ee abe ee fee oo pe ee bs Paice es io] a a oe as 2 :: : ee a a :ec 8 :::  eae Ae oe ee  ae ee :::2 :pate ce a a ae ae    a ek   oe a ie a  oe ey Sar in oe gO cin ge 5 ae ee See eA OF 3 a ;:ity fy ee i re ee ra  a US Bs ic aS Bae ee ee oF oe a :: : ee ae ae we Ay,20;oe 20 Ae :TE Co Sot ee nee pas ao :a  i  So Se ee as  yey oe eet ces ee Ss 5 ce ee 8 oe ao oe : ::SS 2c ae Be ous os oat . Sa ae Big oe Se Bo :_ ec ee Of oe Or Pes 7 an een ae ae oe ee 8 a i ite oe ae Gan a ae Po:ae Bes oe 8 ee Se SOF eG ;oe  a 8 aS eo co  ey oe 3 Be 2 ae fe ae ee a ae  2  a os  a ee :a On eee ee eae ae tee aa oo ee GES mi:oe ets a a oe oe oe oe) ae so  Us wk:S a se :ce ae oe on es is Cos EG ee eee Ee ay oe a ee ee Re ss oe es eel oe oe je oe De 8 ase ee a ee ee BS ee mate Ps ie a OSs,Cc. : OK i oe cee ae or ep EG tees ee Sis AM wares a 5 oe ee me aS ane aes sae aoe be a ee :2  2   eS EN ae 2s ae aS :oS eS. oe   :  pee:OF ae ous 8 ee ::eae 5 os a as oe eS  on noe GON oe a ee  ::i aS ee oh es ie  Sa f S ns ls  ie Ke oe be a :me ene le Ske a :eo _ as a as a :se a 3 Pe ee ee a eee ee oo  " ee ae :a ae aes a ae pee Slave ae Sil es Cae ee 5 ce  Beals cs Le a  Bree a   eae  ee a ::2 :a poe me Abe oe ae nee ae oe ee 2s oe oe oe ee es ee : :Ss oe a 4  :2  i oe oo eee a ae ee 25 ae oo   . :::Sele ee oe :a SS Ae ee icy ae 8 eo os os ea ao aS ee Sie a oe oe oo a Be Po os . a NE oe oS ses eee sea a Se ey ae ae im Sue ee ee ee bo AS oo ae ee a ee ee aL Se a Boe ee : 2 ::a ee ae a aS as fe foe a ee oe ie co ay eee ae) ae oe ee oe ore Ze 8 ae im at oe ee (a Ma on ee bs oe eg ee ee Soe 2  :;::::See os ae ay hee ee es ve ae Ra) a s oe  oe : L  :for ae oe :os Se C26) ee oe a ee ie en Be oS ee a a As Bag 2 Sh ly,a ue oe Re as Bee oe :se ::ae 3 ae o Ee 5 ee i Ox Oe Wee tae ne Re ae Uy Biss alt iss es ee Sd _ 3 oe es se Os Co 4 ae cae ae  ie  a a oS oe oe oe oe EE ia Be its apes oe ek Oe ee Sak ANGE:ee  ee oo tae Le ae  it 4 eng ae ee oe oe eo BS  ote ay Bees oe oe ae ae ae Bee Se  oS oa oo OF ee mae fu oe ae La ee oe He aS Ss ee 0:a ion Se  ee :: oo a (ae tec a ee a ec :ae  ::ae ae Le gong ie Roe Boo oy Tey ee Ae Be As ae ee he a :Le ae By se SES As Oe ee a oe we ae Se Beer ty i ENE _ 2a 7 Sos SS Oe ae aS Ke) eee Ht Ness;Ee prod fe a as a   ee ee ree pee es oe cos Sa Se oe ae Ge Loe ae S a  2 es oe Ser [gees 4 eS ae a ae cS a ee oe oe ce a   ::;:: ve ONE A at 4 ee 0:a cue a ONG ee 26 oe Bes. Pee Sie pee ie ee ee oe 35 es  A fa ee ee ee ell i a oe Ls ee oe Re) ase Oe oy oe Eb ee ee oye ane pee oe :: :::3 oe ae ee eS Cae ee gy ss ay ze oe as Oe,ay eee oe ae :ue  es Exo,:ES 5 eo a ee ee a  oS oe os ae ee SEY;: 4 :::he a ee es ase ee Bees 1D:a  ais oe:ee GO ee ee oo Sco tn oe ae  sx tes ees lee os co a :a (eS oe   Was ie ed ae Bh ae ae ne Oe ee os ae nee ee ee co ane ey a es A se eee ee eee Ss :::2 os ae he a  Los soe pyle ee oe te es oe oe  : ie pan on 5 ee 1 2 a    :::ie feo 2) oO. ae ee es  Ad Bink 10  6 Bae S58 ::! ::7 :A ae os) Cale ae i bed Ss  oe eee ee es ae a ue aie 7 Seo oe oe me  ce ee  Be te Soe oF :ee 3c nS Ds yo at Bas an las ee ;ee eA oe Aes Ge ys Fees oe pee  nee  Oe as By a oe   eee a) ene 2  oe ee rs ae we ae 8 a :2 :  ee ae ek oe He gs ::, (a es cae fies id,GEN Se es as 68 So aS age os oe co or ole ae ee oe oe ole Vag eee eee 4 oe ke SN ae ee Ns) ae a a oS ee was vs nN va ek en ea us Ee fe oe ea eC Ee eee ee ee ae es Fe PEIN:oe a oe  ae ae ae 5 Ne 25, al a 20  :Sg ae cue a a we es ae ss ae EN gee 3. a aa SN:i,a ees  os Lo ER en Ss A as 7 2 any,cad oS oe oe ar fs Be () oe St x ie :ee oe ee Hee tS,Vi Bote eer AEN on oe aS Se oO eS He ay Ne ari Liste oe aa as gs ae ee  ZW iene EN CEN oe  ee oe ee es oe oe ee fel A Rie ee Bee aif ae aes be eae ADS ca ,Be oe coe oe ee Ren,ee isa sd (ages i reek AR Sa A ae es ge ml Loe ae oe oe ene ae Pas fe :ie es 1S AP eRe 2 8 ae ee ae ep OGTR eye ep eS oie mes i Ge ee ae le 8 he ae por wee oe ie eee eae sae ee aw fat i i ie a ees  Loe  oe Sees 3] ee (Gee od ie AS 2 Soe aa eee ok Be ee A es ae ihe:a if na ab Lo ee eS Oe Pst EO a oe ee iss i De ae ae ey ae ae aD a a oe I. Tp) ee Me ae ie aN Ze ::: he fy,Ae Mi Boe : :3  ep :ae tae oe Le SF  ae ee es ey ve Hae oH ant Ng oven  : :;tee cae :cee tan oo oe est ee [oe ee oe ee ley Se ie OS oO i  ::5 Bane ERS thy ret Ae iG mee ee  :::he SER ae  oe  oe oo a oe oe 3 mal bisa a:a oe ote ate Lune cae :i ae  ue ne ys i vy eae ve sh 3   i SG ea es a fy Be ay i wee :;QD ml iC Ss ae eh i Sie le a 2 ist a ee As ze 2 Ee oo alle CANS! ES ao oe EY on Be a  A Oe ee ::Ce oe cn ae Lo x a) an A ee Po  ae ee Cee  ee a 2 los ap Zi e :a les oa :a   a  :joe. ae oe ee Bo ae ox 2. oS oe ee So le co pra x ee bee 2  : ne'
2025-05-29 12:55:33 | INFO     | app.utils.extract_fields_util:extract_fields_from_text:107 - Trying (?i)Infrastructure\s+Opacity:\s*([\d.]+) on line: 'J Poe oe 2 ae oe pe Es is ee i ae oe ;a ae oF 5 oe cS ae oe ae ee ioe ee aioe Ae ie ::oe ce ae Se Die ce eed a ae oe Oe Sis ea  ae :ce oe yuu a ae oo a ee :Seg. oc ce oe oe cay:ee 2 3 ete  a 3 ee ;ey BS a ae NEES  ee aS i os ey  oe ee  ae as ee a ee ee oe 2 3s On ee 8 :oe Le 3. ee ee as Se a ee oS oe a a oS ::1 oo :Dee oe a 8 ee es ae  Se :::i 2! ee a oe  Pe ae oe eae ae ae a ee   a 8 a Ss ret eee  ae oe ake ::oe oe Le eae eee :ae oe BS Oe oe aS 3 2 Le oe i oe,ae é oe ey ee 8 oe :::oe Be eet oe Ds,a ! Doe ae us a aaa cs on eS Se oe Par HS ae :Ste ST:io 2 ae ::So ae a _ ::ee ie oe Be on ace Peter Soe fee ith Eh) aoe a a ::  a ee i) ae ae . ak ae oe ae ae eeu ee ode oe 2 Eee See ee ee aS 4 :a ae, oe ya eae es ee ae ee abe ee fee oo pe ee bs Paice es io] a a oe as 2 :: : ee a a :ec 8 :::  eae Ae oe ee  ae ee :::2 :pate ce a a ae ae    a ek   oe a ie a  oe ey Sar in oe gO cin ge 5 ae ee See eA OF 3 a ;:ity fy ee i re ee ra  a US Bs ic aS Bae ee ee oF oe a :: : ee ae ae we Ay,20;oe 20 Ae :TE Co Sot ee nee pas ao :a  i  So Se ee as  yey oe eet ces ee Ss 5 ce ee 8 oe ao oe : ::SS 2c ae Be ous os oat . Sa ae Big oe Se Bo :_ ec ee Of oe Or Pes 7 an een ae ae oe ee 8 a i ite oe ae Gan a ae Po:ae Bes oe 8 ee Se SOF eG ;oe  a 8 aS eo co  ey oe 3 Be 2 ae fe ae ee a ae  2  a os  a ee :a On eee ee eae ae tee aa oo ee GES mi:oe ets a a oe oe oe oe) ae so  Us wk:S a se :ce ae oe on es is Cos EG ee eee Ee ay oe a ee ee Re ss oe es eel oe oe je oe De 8 ase ee a ee ee BS ee mate Ps ie a OSs,Cc. : OK i oe cee ae or ep EG tees ee Sis AM wares a 5 oe ee me aS ane aes sae aoe be a ee :2  2   eS EN ae 2s ae aS :oS eS. oe   :  pee:OF ae ous 8 ee ::eae 5 os a as oe eS  on noe GON oe a ee  ::i aS ee oh es ie  Sa f S ns ls  ie Ke oe be a :me ene le Ske a :eo _ as a as a :se a 3 Pe ee ee a eee ee oo  " ee ae :a ae aes a ae pee Slave ae Sil es Cae ee 5 ce  Beals cs Le a  Bree a   eae  ee a ::2 :a poe me Abe oe ae nee ae oe ee 2s oe oe oe ee es ee : :Ss oe a 4  :2  i oe oo eee a ae ee 25 ae oo   . :::Sele ee oe :a SS Ae ee icy ae 8 eo os os ea ao aS ee Sie a oe oe oo a Be Po os . a NE oe oS ses eee sea a Se ey ae ae im Sue ee ee ee bo AS oo ae ee a ee ee aL Se a Boe ee : 2 ::a ee ae a aS as fe foe a ee oe ie co ay eee ae) ae oe ee oe ore Ze 8 ae im at oe ee (a Ma on ee bs oe eg ee ee Soe 2  :;::::See os ae ay hee ee es ve ae Ra) a s oe  oe : L  :for ae oe :os Se C26) ee oe a ee ie en Be oS ee a a As Bag 2 Sh ly,a ue oe Re as Bee oe :se ::ae 3 ae o Ee 5 ee i Ox Oe Wee tae ne Re ae Uy Biss alt iss es ee Sd _ 3 oe es se Os Co 4 ae cae ae  ie  a a oS oe oe oe oe EE ia Be its apes oe ek Oe ee Sak ANGE:ee  ee oo tae Le ae  it 4 eng ae ee oe oe eo BS  ote ay Bees oe oe ae ae ae Bee Se  oS oa oo OF ee mae fu oe ae La ee oe He aS Ss ee 0:a ion Se  ee :: oo a (ae tec a ee a ec :ae  ::ae ae Le gong ie Roe Boo oy Tey ee Ae Be As ae ee he a :Le ae By se SES As Oe ee a oe we ae Se Beer ty i ENE _ 2a 7 Sos SS Oe ae aS Ke) eee Ht Ness;Ee prod fe a as a   ee ee ree pee es oe cos Sa Se oe ae Ge Loe ae S a  2 es oe Ser [gees 4 eS ae a ae cS a ee oe oe ce a   ::;:: ve ONE A at 4 ee 0:a cue a ONG ee 26 oe Bes. Pee Sie pee ie ee ee oe 35 es  A fa ee ee ee ell i a oe Ls ee oe Re) ase Oe oy oe Eb ee ee oye ane pee oe :: :::3 oe ae ee eS Cae ee gy ss ay ze oe as Oe,ay eee oe ae :ue  es Exo,:ES 5 eo a ee ee a  oS oe os ae ee SEY;: 4 :::he a ee es ase ee Bees 1D:a  ais oe:ee GO ee ee oo Sco tn oe ae  sx tes ees lee os co a :a (eS oe   Was ie ed ae Bh ae ae ne Oe ee os ae nee ee ee co ane ey a es A se eee ee eee Ss :::2 os ae he a  Los soe pyle ee oe te es oe oe  : ie pan on 5 ee 1 2 a    :::ie feo 2) oO. ae ee es  Ad Bink 10  6 Bae S58 ::! ::7 :A ae os) Cale ae i bed Ss  oe eee ee es ae a ue aie 7 Seo oe oe me  ce ee  Be te Soe oF :ee 3c nS Ds yo at Bas an las ee ;ee eA oe Aes Ge ys Fees oe pee  nee  Oe as By a oe   eee a) ene 2  oe ee rs ae we ae 8 a :2 :  ee ae ek oe He gs ::, (a es cae fies id,GEN Se es as 68 So aS age os oe co or ole ae ee oe oe ole Vag eee eee 4 oe ke SN ae ee Ns) ae a a oS ee was vs nN va ek en ea us Ee fe oe ea eC Ee eee ee ee ae es Fe PEIN:oe a oe  ae ae ae 5 Ne 25, al a 20  :Sg ae cue a a we es ae ss ae EN gee 3. a aa SN:i,a ees  os Lo ER en Ss A as 7 2 any,cad oS oe oe ar fs Be () oe St x ie :ee oe ee Hee tS,Vi Bote eer AEN on oe aS Se oO eS He ay Ne ari Liste oe aa as gs ae ee  ZW iene EN CEN oe  ee oe ee es oe oe ee fel A Rie ee Bee aif ae aes be eae ADS ca ,Be oe coe oe ee Ren,ee isa sd (ages i reek AR Sa A ae es ge ml Loe ae oe oe ene ae Pas fe :ie es 1S AP eRe 2 8 ae ee ae ep OGTR eye ep eS oie mes i Ge ee ae le 8 he ae por wee oe ie eee eae sae ee aw fat i i ie a ees  Loe  oe Sees 3] ee (Gee od ie AS 2 Soe aa eee ok Be ee A es ae ihe:a if na ab Lo ee eS Oe Pst EO a oe ee iss i De ae ae ey ae ae aD a a oe I. Tp) ee Me ae ie aN Ze ::: he fy,Ae Mi Boe : :3  ep :ae tae oe Le SF  ae ee es ey ve Hae oH ant Ng oven  : :;tee cae :cee tan oo oe est ee [oe ee oe ee ley Se ie OS oO i  ::5 Bane ERS thy ret Ae iG mee ee  :::he SER ae  oe  oe oo a oe oe 3 mal bisa a:a oe ote ate Lune cae :i ae  ue ne ys i vy eae ve sh 3   i SG ea es a fy Be ay i wee :;QD ml iC Ss ae eh i Sie le a 2 ist a ee As ze 2 Ee oo alle CANS! ES ao oe EY on Be a  A Oe ee ::Ce oe cn ae Lo x a) an A ee Po  ae ee Cee  ee a 2 los ap Zi e :a les oa :a   a  :joe. ae oe ee Bo ae ox 2. oS oe ee So le co pra x ee bee 2  : ne'
2025-05-29 12:55:33 | INFO     | app.utils.extract_fields_util:extract_fields_from_text:107 - Trying (?i)-\s*Infrastructure\s+Opacity:\s*([\d.]+) on line: 'J Poe oe 2 ae oe pe Es is ee i ae oe ;a ae oF 5 oe cS ae oe ae ee ioe ee aioe Ae ie ::oe ce ae Se Die ce eed a ae oe Oe Sis ea  ae :ce oe yuu a ae oo a ee :Seg. oc ce oe oe cay:ee 2 3 ete  a 3 ee ;ey BS a ae NEES  ee aS i os ey  oe ee  ae as ee a ee ee oe 2 3s On ee 8 :oe Le 3. ee ee as Se a ee oS oe a a oS ::1 oo :Dee oe a 8 ee es ae  Se :::i 2! ee a oe  Pe ae oe eae ae ae a ee   a 8 a Ss ret eee  ae oe ake ::oe oe Le eae eee :ae oe BS Oe oe aS 3 2 Le oe i oe,ae é oe ey ee 8 oe :::oe Be eet oe Ds,a ! Doe ae us a aaa cs on eS Se oe Par HS ae :Ste ST:io 2 ae ::So ae a _ ::ee ie oe Be on ace Peter Soe fee ith Eh) aoe a a ::  a ee i) ae ae . ak ae oe ae ae eeu ee ode oe 2 Eee See ee ee aS 4 :a ae, oe ya eae es ee ae ee abe ee fee oo pe ee bs Paice es io] a a oe as 2 :: : ee a a :ec 8 :::  eae Ae oe ee  ae ee :::2 :pate ce a a ae ae    a ek   oe a ie a  oe ey Sar in oe gO cin ge 5 ae ee See eA OF 3 a ;:ity fy ee i re ee ra  a US Bs ic aS Bae ee ee oF oe a :: : ee ae ae we Ay,20;oe 20 Ae :TE Co Sot ee nee pas ao :a  i  So Se ee as  yey oe eet ces ee Ss 5 ce ee 8 oe ao oe : ::SS 2c ae Be ous os oat . Sa ae Big oe Se Bo :_ ec ee Of oe Or Pes 7 an een ae ae oe ee 8 a i ite oe ae Gan a ae Po:ae Bes oe 8 ee Se SOF eG ;oe  a 8 aS eo co  ey oe 3 Be 2 ae fe ae ee a ae  2  a os  a ee :a On eee ee eae ae tee aa oo ee GES mi:oe ets a a oe oe oe oe) ae so  Us wk:S a se :ce ae oe on es is Cos EG ee eee Ee ay oe a ee ee Re ss oe es eel oe oe je oe De 8 ase ee a ee ee BS ee mate Ps ie a OSs,Cc. : OK i oe cee ae or ep EG tees ee Sis AM wares a 5 oe ee me aS ane aes sae aoe be a ee :2  2   eS EN ae 2s ae aS :oS eS. oe   :  pee:OF ae ous 8 ee ::eae 5 os a as oe eS  on noe GON oe a ee  ::i aS ee oh es ie  Sa f S ns ls  ie Ke oe be a :me ene le Ske a :eo _ as a as a :se a 3 Pe ee ee a eee ee oo  " ee ae :a ae aes a ae pee Slave ae Sil es Cae ee 5 ce  Beals cs Le a  Bree a   eae  ee a ::2 :a poe me Abe oe ae nee ae oe ee 2s oe oe oe ee es ee : :Ss oe a 4  :2  i oe oo eee a ae ee 25 ae oo   . :::Sele ee oe :a SS Ae ee icy ae 8 eo os os ea ao aS ee Sie a oe oe oo a Be Po os . a NE oe oS ses eee sea a Se ey ae ae im Sue ee ee ee bo AS oo ae ee a ee ee aL Se a Boe ee : 2 ::a ee ae a aS as fe foe a ee oe ie co ay eee ae) ae oe ee oe ore Ze 8 ae im at oe ee (a Ma on ee bs oe eg ee ee Soe 2  :;::::See os ae ay hee ee es ve ae Ra) a s oe  oe : L  :for ae oe :os Se C26) ee oe a ee ie en Be oS ee a a As Bag 2 Sh ly,a ue oe Re as Bee oe :se ::ae 3 ae o Ee 5 ee i Ox Oe Wee tae ne Re ae Uy Biss alt iss es ee Sd _ 3 oe es se Os Co 4 ae cae ae  ie  a a oS oe oe oe oe EE ia Be its apes oe ek Oe ee Sak ANGE:ee  ee oo tae Le ae  it 4 eng ae ee oe oe eo BS  ote ay Bees oe oe ae ae ae Bee Se  oS oa oo OF ee mae fu oe ae La ee oe He aS Ss ee 0:a ion Se  ee :: oo a (ae tec a ee a ec :ae  ::ae ae Le gong ie Roe Boo oy Tey ee Ae Be As ae ee he a :Le ae By se SES As Oe ee a oe we ae Se Beer ty i ENE _ 2a 7 Sos SS Oe ae aS Ke) eee Ht Ness;Ee prod fe a as a   ee ee ree pee es oe cos Sa Se oe ae Ge Loe ae S a  2 es oe Ser [gees 4 eS ae a ae cS a ee oe oe ce a   ::;:: ve ONE A at 4 ee 0:a cue a ONG ee 26 oe Bes. Pee Sie pee ie ee ee oe 35 es  A fa ee ee ee ell i a oe Ls ee oe Re) ase Oe oy oe Eb ee ee oye ane pee oe :: :::3 oe ae ee eS Cae ee gy ss ay ze oe as Oe,ay eee oe ae :ue  es Exo,:ES 5 eo a ee ee a  oS oe os ae ee SEY;: 4 :::he a ee es ase ee Bees 1D:a  ais oe:ee GO ee ee oo Sco tn oe ae  sx tes ees lee os co a :a (eS oe   Was ie ed ae Bh ae ae ne Oe ee os ae nee ee ee co ane ey a es A se eee ee eee Ss :::2 os ae he a  Los soe pyle ee oe te es oe oe  : ie pan on 5 ee 1 2 a    :::ie feo 2) oO. ae ee es  Ad Bink 10  6 Bae S58 ::! ::7 :A ae os) Cale ae i bed Ss  oe eee ee es ae a ue aie 7 Seo oe oe me  ce ee  Be te Soe oF :ee 3c nS Ds yo at Bas an las ee ;ee eA oe Aes Ge ys Fees oe pee  nee  Oe as By a oe   eee a) ene 2  oe ee rs ae we ae 8 a :2 :  ee ae ek oe He gs ::, (a es cae fies id,GEN Se es as 68 So aS age os oe co or ole ae ee oe oe ole Vag eee eee 4 oe ke SN ae ee Ns) ae a a oS ee was vs nN va ek en ea us Ee fe oe ea eC Ee eee ee ee ae es Fe PEIN:oe a oe  ae ae ae 5 Ne 25, al a 20  :Sg ae cue a a we es ae ss ae EN gee 3. a aa SN:i,a ees  os Lo ER en Ss A as 7 2 any,cad oS oe oe ar fs Be () oe St x ie :ee oe ee Hee tS,Vi Bote eer AEN on oe aS Se oO eS He ay Ne ari Liste oe aa as gs ae ee  ZW iene EN CEN oe  ee oe ee es oe oe ee fel A Rie ee Bee aif ae aes be eae ADS ca ,Be oe coe oe ee Ren,ee isa sd (ages i reek AR Sa A ae es ge ml Loe ae oe oe ene ae Pas fe :ie es 1S AP eRe 2 8 ae ee ae ep OGTR eye ep eS oie mes i Ge ee ae le 8 he ae por wee oe ie eee eae sae ee aw fat i i ie a ees  Loe  oe Sees 3] ee (Gee od ie AS 2 Soe aa eee ok Be ee A es ae ihe:a if na ab Lo ee eS Oe Pst EO a oe ee iss i De ae ae ey ae ae aD a a oe I. Tp) ee Me ae ie aN Ze ::: he fy,Ae Mi Boe : :3  ep :ae tae oe Le SF  ae ee es ey ve Hae oH ant Ng oven  : :;tee cae :cee tan oo oe est ee [oe ee oe ee ley Se ie OS oO i  ::5 Bane ERS thy ret Ae iG mee ee  :::he SER ae  oe  oe oo a oe oe 3 mal bisa a:a oe ote ate Lune cae :i ae  ue ne ys i vy eae ve sh 3   i SG ea es a fy Be ay i wee :;QD ml iC Ss ae eh i Sie le a 2 ist a ee As ze 2 Ee oo alle CANS! ES ao oe EY on Be a  A Oe ee ::Ce oe cn ae Lo x a) an A ee Po  ae ee Cee  ee a 2 los ap Zi e :a les oa :a   a  :joe. ae oe ee Bo ae ox 2. oS oe ee So le co pra x ee bee 2  : ne'
2025-05-29 12:55:33 | INFO     | app.utils.extract_fields_util:extract_fields_from_text:107 - Trying (?i)Infrastructure\s+Score:\s*([\d.]+) on line: 'J Poe oe 2 ae oe pe Es is ee i ae oe ;a ae oF 5 oe cS ae oe ae ee ioe ee aioe Ae ie ::oe ce ae Se Die ce eed a ae oe Oe Sis ea  ae :ce oe yuu a ae oo a ee :Seg. oc ce oe oe cay:ee 2 3 ete  a 3 ee ;ey BS a ae NEES  ee aS i os ey  oe ee  ae as ee a ee ee oe 2 3s On ee 8 :oe Le 3. ee ee as Se a ee oS oe a a oS ::1 oo :Dee oe a 8 ee es ae  Se :::i 2! ee a oe  Pe ae oe eae ae ae a ee   a 8 a Ss ret eee  ae oe ake ::oe oe Le eae eee :ae oe BS Oe oe aS 3 2 Le oe i oe,ae é oe ey ee 8 oe :::oe Be eet oe Ds,a ! Doe ae us a aaa cs on eS Se oe Par HS ae :Ste ST:io 2 ae ::So ae a _ ::ee ie oe Be on ace Peter Soe fee ith Eh) aoe a a ::  a ee i) ae ae . ak ae oe ae ae eeu ee ode oe 2 Eee See ee ee aS 4 :a ae, oe ya eae es ee ae ee abe ee fee oo pe ee bs Paice es io] a a oe as 2 :: : ee a a :ec 8 :::  eae Ae oe ee  ae ee :::2 :pate ce a a ae ae    a ek   oe a ie a  oe ey Sar in oe gO cin ge 5 ae ee See eA OF 3 a ;:ity fy ee i re ee ra  a US Bs ic aS Bae ee ee oF oe a :: : ee ae ae we Ay,20;oe 20 Ae :TE Co Sot ee nee pas ao :a  i  So Se ee as  yey oe eet ces ee Ss 5 ce ee 8 oe ao oe : ::SS 2c ae Be ous os oat . Sa ae Big oe Se Bo :_ ec ee Of oe Or Pes 7 an een ae ae oe ee 8 a i ite oe ae Gan a ae Po:ae Bes oe 8 ee Se SOF eG ;oe  a 8 aS eo co  ey oe 3 Be 2 ae fe ae ee a ae  2  a os  a ee :a On eee ee eae ae tee aa oo ee GES mi:oe ets a a oe oe oe oe) ae so  Us wk:S a se :ce ae oe on es is Cos EG ee eee Ee ay oe a ee ee Re ss oe es eel oe oe je oe De 8 ase ee a ee ee BS ee mate Ps ie a OSs,Cc. : OK i oe cee ae or ep EG tees ee Sis AM wares a 5 oe ee me aS ane aes sae aoe be a ee :2  2   eS EN ae 2s ae aS :oS eS. oe   :  pee:OF ae ous 8 ee ::eae 5 os a as oe eS  on noe GON oe a ee  ::i aS ee oh es ie  Sa f S ns ls  ie Ke oe be a :me ene le Ske a :eo _ as a as a :se a 3 Pe ee ee a eee ee oo  " ee ae :a ae aes a ae pee Slave ae Sil es Cae ee 5 ce  Beals cs Le a  Bree a   eae  ee a ::2 :a poe me Abe oe ae nee ae oe ee 2s oe oe oe ee es ee : :Ss oe a 4  :2  i oe oo eee a ae ee 25 ae oo   . :::Sele ee oe :a SS Ae ee icy ae 8 eo os os ea ao aS ee Sie a oe oe oo a Be Po os . a NE oe oS ses eee sea a Se ey ae ae im Sue ee ee ee bo AS oo ae ee a ee ee aL Se a Boe ee : 2 ::a ee ae a aS as fe foe a ee oe ie co ay eee ae) ae oe ee oe ore Ze 8 ae im at oe ee (a Ma on ee bs oe eg ee ee Soe 2  :;::::See os ae ay hee ee es ve ae Ra) a s oe  oe : L  :for ae oe :os Se C26) ee oe a ee ie en Be oS ee a a As Bag 2 Sh ly,a ue oe Re as Bee oe :se ::ae 3 ae o Ee 5 ee i Ox Oe Wee tae ne Re ae Uy Biss alt iss es ee Sd _ 3 oe es se Os Co 4 ae cae ae  ie  a a oS oe oe oe oe EE ia Be its apes oe ek Oe ee Sak ANGE:ee  ee oo tae Le ae  it 4 eng ae ee oe oe eo BS  ote ay Bees oe oe ae ae ae Bee Se  oS oa oo OF ee mae fu oe ae La ee oe He aS Ss ee 0:a ion Se  ee :: oo a (ae tec a ee a ec :ae  ::ae ae Le gong ie Roe Boo oy Tey ee Ae Be As ae ee he a :Le ae By se SES As Oe ee a oe we ae Se Beer ty i ENE _ 2a 7 Sos SS Oe ae aS Ke) eee Ht Ness;Ee prod fe a as a   ee ee ree pee es oe cos Sa Se oe ae Ge Loe ae S a  2 es oe Ser [gees 4 eS ae a ae cS a ee oe oe ce a   ::;:: ve ONE A at 4 ee 0:a cue a ONG ee 26 oe Bes. Pee Sie pee ie ee ee oe 35 es  A fa ee ee ee ell i a oe Ls ee oe Re) ase Oe oy oe Eb ee ee oye ane pee oe :: :::3 oe ae ee eS Cae ee gy ss ay ze oe as Oe,ay eee oe ae :ue  es Exo,:ES 5 eo a ee ee a  oS oe os ae ee SEY;: 4 :::he a ee es ase ee Bees 1D:a  ais oe:ee GO ee ee oo Sco tn oe ae  sx tes ees lee os co a :a (eS oe   Was ie ed ae Bh ae ae ne Oe ee os ae nee ee ee co ane ey a es A se eee ee eee Ss :::2 os ae he a  Los soe pyle ee oe te es oe oe  : ie pan on 5 ee 1 2 a    :::ie feo 2) oO. ae ee es  Ad Bink 10  6 Bae S58 ::! ::7 :A ae os) Cale ae i bed Ss  oe eee ee es ae a ue aie 7 Seo oe oe me  ce ee  Be te Soe oF :ee 3c nS Ds yo at Bas an las ee ;ee eA oe Aes Ge ys Fees oe pee  nee  Oe as By a oe   eee a) ene 2  oe ee rs ae we ae 8 a :2 :  ee ae ek oe He gs ::, (a es cae fies id,GEN Se es as 68 So aS age os oe co or ole ae ee oe oe ole Vag eee eee 4 oe ke SN ae ee Ns) ae a a oS ee was vs nN va ek en ea us Ee fe oe ea eC Ee eee ee ee ae es Fe PEIN:oe a oe  ae ae ae 5 Ne 25, al a 20  :Sg ae cue a a we es ae ss ae EN gee 3. a aa SN:i,a ees  os Lo ER en Ss A as 7 2 any,cad oS oe oe ar fs Be () oe St x ie :ee oe ee Hee tS,Vi Bote eer AEN on oe aS Se oO eS He ay Ne ari Liste oe aa as gs ae ee  ZW iene EN CEN oe  ee oe ee es oe oe ee fel A Rie ee Bee aif ae aes be eae ADS ca ,Be oe coe oe ee Ren,ee isa sd (ages i reek AR Sa A ae es ge ml Loe ae oe oe ene ae Pas fe :ie es 1S AP eRe 2 8 ae ee ae ep OGTR eye ep eS oie mes i Ge ee ae le 8 he ae por wee oe ie eee eae sae ee aw fat i i ie a ees  Loe  oe Sees 3] ee (Gee od ie AS 2 Soe aa eee ok Be ee A es ae ihe:a if na ab Lo ee eS Oe Pst EO a oe ee iss i De ae ae ey ae ae aD a a oe I. Tp) ee Me ae ie aN Ze ::: he fy,Ae Mi Boe : :3  ep :ae tae oe Le SF  ae ee es ey ve Hae oH ant Ng oven  : :;tee cae :cee tan oo oe est ee [oe ee oe ee ley Se ie OS oO i  ::5 Bane ERS thy ret Ae iG mee ee  :::he SER ae  oe  oe oo a oe oe 3 mal bisa a:a oe ote ate Lune cae :i ae  ue ne ys i vy eae ve sh 3   i SG ea es a fy Be ay i wee :;QD ml iC Ss ae eh i Sie le a 2 ist a ee As ze 2 Ee oo alle CANS! ES ao oe EY on Be a  A Oe ee ::Ce oe cn ae Lo x a) an A ee Po  ae ee Cee  ee a 2 los ap Zi e :a les oa :a   a  :joe. ae oe ee Bo ae ox 2. oS oe ee So le co pra x ee bee 2  : ne'
2025-05-29 12:55:33 | INFO     | app.utils.extract_fields_util:extract_fields_from_text:107 - Trying (?i)Regional\s+Data\s+Variation:\s*([\d.]+) on line: 'J Poe oe 2 ae oe pe Es is ee i ae oe ;a ae oF 5 oe cS ae oe ae ee ioe ee aioe Ae ie ::oe ce ae Se Die ce eed a ae oe Oe Sis ea  ae :ce oe yuu a ae oo a ee :Seg. oc ce oe oe cay:ee 2 3 ete  a 3 ee ;ey BS a ae NEES  ee aS i os ey  oe ee  ae as ee a ee ee oe 2 3s On ee 8 :oe Le 3. ee ee as Se a ee oS oe a a oS ::1 oo :Dee oe a 8 ee es ae  Se :::i 2! ee a oe  Pe ae oe eae ae ae a ee   a 8 a Ss ret eee  ae oe ake ::oe oe Le eae eee :ae oe BS Oe oe aS 3 2 Le oe i oe,ae é oe ey ee 8 oe :::oe Be eet oe Ds,a ! Doe ae us a aaa cs on eS Se oe Par HS ae :Ste ST:io 2 ae ::So ae a _ ::ee ie oe Be on ace Peter Soe fee ith Eh) aoe a a ::  a ee i) ae ae . ak ae oe ae ae eeu ee ode oe 2 Eee See ee ee aS 4 :a ae, oe ya eae es ee ae ee abe ee fee oo pe ee bs Paice es io] a a oe as 2 :: : ee a a :ec 8 :::  eae Ae oe ee  ae ee :::2 :pate ce a a ae ae    a ek   oe a ie a  oe ey Sar in oe gO cin ge 5 ae ee See eA OF 3 a ;:ity fy ee i re ee ra  a US Bs ic aS Bae ee ee oF oe a :: : ee ae ae we Ay,20;oe 20 Ae :TE Co Sot ee nee pas ao :a  i  So Se ee as  yey oe eet ces ee Ss 5 ce ee 8 oe ao oe : ::SS 2c ae Be ous os oat . Sa ae Big oe Se Bo :_ ec ee Of oe Or Pes 7 an een ae ae oe ee 8 a i ite oe ae Gan a ae Po:ae Bes oe 8 ee Se SOF eG ;oe  a 8 aS eo co  ey oe 3 Be 2 ae fe ae ee a ae  2  a os  a ee :a On eee ee eae ae tee aa oo ee GES mi:oe ets a a oe oe oe oe) ae so  Us wk:S a se :ce ae oe on es is Cos EG ee eee Ee ay oe a ee ee Re ss oe es eel oe oe je oe De 8 ase ee a ee ee BS ee mate Ps ie a OSs,Cc. : OK i oe cee ae or ep EG tees ee Sis AM wares a 5 oe ee me aS ane aes sae aoe be a ee :2  2   eS EN ae 2s ae aS :oS eS. oe   :  pee:OF ae ous 8 ee ::eae 5 os a as oe eS  on noe GON oe a ee  ::i aS ee oh es ie  Sa f S ns ls  ie Ke oe be a :me ene le Ske a :eo _ as a as a :se a 3 Pe ee ee a eee ee oo  " ee ae :a ae aes a ae pee Slave ae Sil es Cae ee 5 ce  Beals cs Le a  Bree a   eae  ee a ::2 :a poe me Abe oe ae nee ae oe ee 2s oe oe oe ee es ee : :Ss oe a 4  :2  i oe oo eee a ae ee 25 ae oo   . :::Sele ee oe :a SS Ae ee icy ae 8 eo os os ea ao aS ee Sie a oe oe oo a Be Po os . a NE oe oS ses eee sea a Se ey ae ae im Sue ee ee ee bo AS oo ae ee a ee ee aL Se a Boe ee : 2 ::a ee ae a aS as fe foe a ee oe ie co ay eee ae) ae oe ee oe ore Ze 8 ae im at oe ee (a Ma on ee bs oe eg ee ee Soe 2  :;::::See os ae ay hee ee es ve ae Ra) a s oe  oe : L  :for ae oe :os Se C26) ee oe a ee ie en Be oS ee a a As Bag 2 Sh ly,a ue oe Re as Bee oe :se ::ae 3 ae o Ee 5 ee i Ox Oe Wee tae ne Re ae Uy Biss alt iss es ee Sd _ 3 oe es se Os Co 4 ae cae ae  ie  a a oS oe oe oe oe EE ia Be its apes oe ek Oe ee Sak ANGE:ee  ee oo tae Le ae  it 4 eng ae ee oe oe eo BS  ote ay Bees oe oe ae ae ae Bee Se  oS oa oo OF ee mae fu oe ae La ee oe He aS Ss ee 0:a ion Se  ee :: oo a (ae tec a ee a ec :ae  ::ae ae Le gong ie Roe Boo oy Tey ee Ae Be As ae ee he a :Le ae By se SES As Oe ee a oe we ae Se Beer ty i ENE _ 2a 7 Sos SS Oe ae aS Ke) eee Ht Ness;Ee prod fe a as a   ee ee ree pee es oe cos Sa Se oe ae Ge Loe ae S a  2 es oe Ser [gees 4 eS ae a ae cS a ee oe oe ce a   ::;:: ve ONE A at 4 ee 0:a cue a ONG ee 26 oe Bes. Pee Sie pee ie ee ee oe 35 es  A fa ee ee ee ell i a oe Ls ee oe Re) ase Oe oy oe Eb ee ee oye ane pee oe :: :::3 oe ae ee eS Cae ee gy ss ay ze oe as Oe,ay eee oe ae :ue  es Exo,:ES 5 eo a ee ee a  oS oe os ae ee SEY;: 4 :::he a ee es ase ee Bees 1D:a  ais oe:ee GO ee ee oo Sco tn oe ae  sx tes ees lee os co a :a (eS oe   Was ie ed ae Bh ae ae ne Oe ee os ae nee ee ee co ane ey a es A se eee ee eee Ss :::2 os ae he a  Los soe pyle ee oe te es oe oe  : ie pan on 5 ee 1 2 a    :::ie feo 2) oO. ae ee es  Ad Bink 10  6 Bae S58 ::! ::7 :A ae os) Cale ae i bed Ss  oe eee ee es ae a ue aie 7 Seo oe oe me  ce ee  Be te Soe oF :ee 3c nS Ds yo at Bas an las ee ;ee eA oe Aes Ge ys Fees oe pee  nee  Oe as By a oe   eee a) ene 2  oe ee rs ae we ae 8 a :2 :  ee ae ek oe He gs ::, (a es cae fies id,GEN Se es as 68 So aS age os oe co or ole ae ee oe oe ole Vag eee eee 4 oe ke SN ae ee Ns) ae a a oS ee was vs nN va ek en ea us Ee fe oe ea eC Ee eee ee ee ae es Fe PEIN:oe a oe  ae ae ae 5 Ne 25, al a 20  :Sg ae cue a a we es ae ss ae EN gee 3. a aa SN:i,a ees  os Lo ER en Ss A as 7 2 any,cad oS oe oe ar fs Be () oe St x ie :ee oe ee Hee tS,Vi Bote eer AEN on oe aS Se oO eS He ay Ne ari Liste oe aa as gs ae ee  ZW iene EN CEN oe  ee oe ee es oe oe ee fel A Rie ee Bee aif ae aes be eae ADS ca ,Be oe coe oe ee Ren,ee isa sd (ages i reek AR Sa A ae es ge ml Loe ae oe oe ene ae Pas fe :ie es 1S AP eRe 2 8 ae ee ae ep OGTR eye ep eS oie mes i Ge ee ae le 8 he ae por wee oe ie eee eae sae ee aw fat i i ie a ees  Loe  oe Sees 3] ee (Gee od ie AS 2 Soe aa eee ok Be ee A es ae ihe:a if na ab Lo ee eS Oe Pst EO a oe ee iss i De ae ae ey ae ae aD a a oe I. Tp) ee Me ae ie aN Ze ::: he fy,Ae Mi Boe : :3  ep :ae tae oe Le SF  ae ee es ey ve Hae oH ant Ng oven  : :;tee cae :cee tan oo oe est ee [oe ee oe ee ley Se ie OS oO i  ::5 Bane ERS thy ret Ae iG mee ee  :::he SER ae  oe  oe oo a oe oe 3 mal bisa a:a oe ote ate Lune cae :i ae  ue ne ys i vy eae ve sh 3   i SG ea es a fy Be ay i wee :;QD ml iC Ss ae eh i Sie le a 2 ist a ee As ze 2 Ee oo alle CANS! ES ao oe EY on Be a  A Oe ee ::Ce oe cn ae Lo x a) an A ee Po  ae ee Cee  ee a 2 los ap Zi e :a les oa :a   a  :joe. ae oe ee Bo ae ox 2. oS oe ee So le co pra x ee bee 2  : ne'
2025-05-29 12:55:33 | INFO     | app.utils.extract_fields_util:extract_fields_from_text:107 - Trying (?i)-\s*Regional\s+Data\s+Variation:\s*([\d.]+) on line: 'J Poe oe 2 ae oe pe Es is ee i ae oe ;a ae oF 5 oe cS ae oe ae ee ioe ee aioe Ae ie ::oe ce ae Se Die ce eed a ae oe Oe Sis ea  ae :ce oe yuu a ae oo a ee :Seg. oc ce oe oe cay:ee 2 3 ete  a 3 ee ;ey BS a ae NEES  ee aS i os ey  oe ee  ae as ee a ee ee oe 2 3s On ee 8 :oe Le 3. ee ee as Se a ee oS oe a a oS ::1 oo :Dee oe a 8 ee es ae  Se :::i 2! ee a oe  Pe ae oe eae ae ae a ee   a 8 a Ss ret eee  ae oe ake ::oe oe Le eae eee :ae oe BS Oe oe aS 3 2 Le oe i oe,ae é oe ey ee 8 oe :::oe Be eet oe Ds,a ! Doe ae us a aaa cs on eS Se oe Par HS ae :Ste ST:io 2 ae ::So ae a _ ::ee ie oe Be on ace Peter Soe fee ith Eh) aoe a a ::  a ee i) ae ae . ak ae oe ae ae eeu ee ode oe 2 Eee See ee ee aS 4 :a ae, oe ya eae es ee ae ee abe ee fee oo pe ee bs Paice es io] a a oe as 2 :: : ee a a :ec 8 :::  eae Ae oe ee  ae ee :::2 :pate ce a a ae ae    a ek   oe a ie a  oe ey Sar in oe gO cin ge 5 ae ee See eA OF 3 a ;:ity fy ee i re ee ra  a US Bs ic aS Bae ee ee oF oe a :: : ee ae ae we Ay,20;oe 20 Ae :TE Co Sot ee nee pas ao :a  i  So Se ee as  yey oe eet ces ee Ss 5 ce ee 8 oe ao oe : ::SS 2c ae Be ous os oat . Sa ae Big oe Se Bo :_ ec ee Of oe Or Pes 7 an een ae ae oe ee 8 a i ite oe ae Gan a ae Po:ae Bes oe 8 ee Se SOF eG ;oe  a 8 aS eo co  ey oe 3 Be 2 ae fe ae ee a ae  2  a os  a ee :a On eee ee eae ae tee aa oo ee GES mi:oe ets a a oe oe oe oe) ae so  Us wk:S a se :ce ae oe on es is Cos EG ee eee Ee ay oe a ee ee Re ss oe es eel oe oe je oe De 8 ase ee a ee ee BS ee mate Ps ie a OSs,Cc. : OK i oe cee ae or ep EG tees ee Sis AM wares a 5 oe ee me aS ane aes sae aoe be a ee :2  2   eS EN ae 2s ae aS :oS eS. oe   :  pee:OF ae ous 8 ee ::eae 5 os a as oe eS  on noe GON oe a ee  ::i aS ee oh es ie  Sa f S ns ls  ie Ke oe be a :me ene le Ske a :eo _ as a as a :se a 3 Pe ee ee a eee ee oo  " ee ae :a ae aes a ae pee Slave ae Sil es Cae ee 5 ce  Beals cs Le a  Bree a   eae  ee a ::2 :a poe me Abe oe ae nee ae oe ee 2s oe oe oe ee es ee : :Ss oe a 4  :2  i oe oo eee a ae ee 25 ae oo   . :::Sele ee oe :a SS Ae ee icy ae 8 eo os os ea ao aS ee Sie a oe oe oo a Be Po os . a NE oe oS ses eee sea a Se ey ae ae im Sue ee ee ee bo AS oo ae ee a ee ee aL Se a Boe ee : 2 ::a ee ae a aS as fe foe a ee oe ie co ay eee ae) ae oe ee oe ore Ze 8 ae im at oe ee (a Ma on ee bs oe eg ee ee Soe 2  :;::::See os ae ay hee ee es ve ae Ra) a s oe  oe : L  :for ae oe :os Se C26) ee oe a ee ie en Be oS ee a a As Bag 2 Sh ly,a ue oe Re as Bee oe :se ::ae 3 ae o Ee 5 ee i Ox Oe Wee tae ne Re ae Uy Biss alt iss es ee Sd _ 3 oe es se Os Co 4 ae cae ae  ie  a a oS oe oe oe oe EE ia Be its apes oe ek Oe ee Sak ANGE:ee  ee oo tae Le ae  it 4 eng ae ee oe oe eo BS  ote ay Bees oe oe ae ae ae Bee Se  oS oa oo OF ee mae fu oe ae La ee oe He aS Ss ee 0:a ion Se  ee :: oo a (ae tec a ee a ec :ae  ::ae ae Le gong ie Roe Boo oy Tey ee Ae Be As ae ee he a :Le ae By se SES As Oe ee a oe we ae Se Beer ty i ENE _ 2a 7 Sos SS Oe ae aS Ke) eee Ht Ness;Ee prod fe a as a   ee ee ree pee es oe cos Sa Se oe ae Ge Loe ae S a  2 es oe Ser [gees 4 eS ae a ae cS a ee oe oe ce a   ::;:: ve ONE A at 4 ee 0:a cue a ONG ee 26 oe Bes. Pee Sie pee ie ee ee oe 35 es  A fa ee ee ee ell i a oe Ls ee oe Re) ase Oe oy oe Eb ee ee oye ane pee oe :: :::3 oe ae ee eS Cae ee gy ss ay ze oe as Oe,ay eee oe ae :ue  es Exo,:ES 5 eo a ee ee a  oS oe os ae ee SEY;: 4 :::he a ee es ase ee Bees 1D:a  ais oe:ee GO ee ee oo Sco tn oe ae  sx tes ees lee os co a :a (eS oe   Was ie ed ae Bh ae ae ne Oe ee os ae nee ee ee co ane ey a es A se eee ee eee Ss :::2 os ae he a  Los soe pyle ee oe te es oe oe  : ie pan on 5 ee 1 2 a    :::ie feo 2) oO. ae ee es  Ad Bink 10  6 Bae S58 ::! ::7 :A ae os) Cale ae i bed Ss  oe eee ee es ae a ue aie 7 Seo oe oe me  ce ee  Be te Soe oF :ee 3c nS Ds yo at Bas an las ee ;ee eA oe Aes Ge ys Fees oe pee  nee  Oe as By a oe   eee a) ene 2  oe ee rs ae we ae 8 a :2 :  ee ae ek oe He gs ::, (a es cae fies id,GEN Se es as 68 So aS age os oe co or ole ae ee oe oe ole Vag eee eee 4 oe ke SN ae ee Ns) ae a a oS ee was vs nN va ek en ea us Ee fe oe ea eC Ee eee ee ee ae es Fe PEIN:oe a oe  ae ae ae 5 Ne 25, al a 20  :Sg ae cue a a we es ae ss ae EN gee 3. a aa SN:i,a ees  os Lo ER en Ss A as 7 2 any,cad oS oe oe ar fs Be () oe St x ie :ee oe ee Hee tS,Vi Bote eer AEN on oe aS Se oO eS He ay Ne ari Liste oe aa as gs ae ee  ZW iene EN CEN oe  ee oe ee es oe oe ee fel A Rie ee Bee aif ae aes be eae ADS ca ,Be oe coe oe ee Ren,ee isa sd (ages i reek AR Sa A ae es ge ml Loe ae oe oe ene ae Pas fe :ie es 1S AP eRe 2 8 ae ee ae ep OGTR eye ep eS oie mes i Ge ee ae le 8 he ae por wee oe ie eee eae sae ee aw fat i i ie a ees  Loe  oe Sees 3] ee (Gee od ie AS 2 Soe aa eee ok Be ee A es ae ihe:a if na ab Lo ee eS Oe Pst EO a oe ee iss i De ae ae ey ae ae aD a a oe I. Tp) ee Me ae ie aN Ze ::: he fy,Ae Mi Boe : :3  ep :ae tae oe Le SF  ae ee es ey ve Hae oH ant Ng oven  : :;tee cae :cee tan oo oe est ee [oe ee oe ee ley Se ie OS oO i  ::5 Bane ERS thy ret Ae iG mee ee  :::he SER ae  oe  oe oo a oe oe 3 mal bisa a:a oe ote ate Lune cae :i ae  ue ne ys i vy eae ve sh 3   i SG ea es a fy Be ay i wee :;QD ml iC Ss ae eh i Sie le a 2 ist a ee As ze 2 Ee oo alle CANS! ES ao oe EY on Be a  A Oe ee ::Ce oe cn ae Lo x a) an A ee Po  ae ee Cee  ee a 2 los ap Zi e :a les oa :a   a  :joe. ae oe ee Bo ae ox 2. oS oe ee So le co pra x ee bee 2  : ne'
2025-05-29 12:55:33 | INFO     | app.utils.extract_fields_util:extract_fields_from_text:107 - Trying (?i)Regional\s+Variation:\s*([\d.]+) on line: 'J Poe oe 2 ae oe pe Es is ee i ae oe ;a ae oF 5 oe cS ae oe ae ee ioe ee aioe Ae ie ::oe ce ae Se Die ce eed a ae oe Oe Sis ea  ae :ce oe yuu a ae oo a ee :Seg. oc ce oe oe cay:ee 2 3 ete  a 3 ee ;ey BS a ae NEES  ee aS i os ey  oe ee  ae as ee a ee ee oe 2 3s On ee 8 :oe Le 3. ee ee as Se a ee oS oe a a oS ::1 oo :Dee oe a 8 ee es ae  Se :::i 2! ee a oe  Pe ae oe eae ae ae a ee   a 8 a Ss ret eee  ae oe ake ::oe oe Le eae eee :ae oe BS Oe oe aS 3 2 Le oe i oe,ae é oe ey ee 8 oe :::oe Be eet oe Ds,a ! Doe ae us a aaa cs on eS Se oe Par HS ae :Ste ST:io 2 ae ::So ae a _ ::ee ie oe Be on ace Peter Soe fee ith Eh) aoe a a ::  a ee i) ae ae . ak ae oe ae ae eeu ee ode oe 2 Eee See ee ee aS 4 :a ae, oe ya eae es ee ae ee abe ee fee oo pe ee bs Paice es io] a a oe as 2 :: : ee a a :ec 8 :::  eae Ae oe ee  ae ee :::2 :pate ce a a ae ae    a ek   oe a ie a  oe ey Sar in oe gO cin ge 5 ae ee See eA OF 3 a ;:ity fy ee i re ee ra  a US Bs ic aS Bae ee ee oF oe a :: : ee ae ae we Ay,20;oe 20 Ae :TE Co Sot ee nee pas ao :a  i  So Se ee as  yey oe eet ces ee Ss 5 ce ee 8 oe ao oe : ::SS 2c ae Be ous os oat . Sa ae Big oe Se Bo :_ ec ee Of oe Or Pes 7 an een ae ae oe ee 8 a i ite oe ae Gan a ae Po:ae Bes oe 8 ee Se SOF eG ;oe  a 8 aS eo co  ey oe 3 Be 2 ae fe ae ee a ae  2  a os  a ee :a On eee ee eae ae tee aa oo ee GES mi:oe ets a a oe oe oe oe) ae so  Us wk:S a se :ce ae oe on es is Cos EG ee eee Ee ay oe a ee ee Re ss oe es eel oe oe je oe De 8 ase ee a ee ee BS ee mate Ps ie a OSs,Cc. : OK i oe cee ae or ep EG tees ee Sis AM wares a 5 oe ee me aS ane aes sae aoe be a ee :2  2   eS EN ae 2s ae aS :oS eS. oe   :  pee:OF ae ous 8 ee ::eae 5 os a as oe eS  on noe GON oe a ee  ::i aS ee oh es ie  Sa f S ns ls  ie Ke oe be a :me ene le Ske a :eo _ as a as a :se a 3 Pe ee ee a eee ee oo  " ee ae :a ae aes a ae pee Slave ae Sil es Cae ee 5 ce  Beals cs Le a  Bree a   eae  ee a ::2 :a poe me Abe oe ae nee ae oe ee 2s oe oe oe ee es ee : :Ss oe a 4  :2  i oe oo eee a ae ee 25 ae oo   . :::Sele ee oe :a SS Ae ee icy ae 8 eo os os ea ao aS ee Sie a oe oe oo a Be Po os . a NE oe oS ses eee sea a Se ey ae ae im Sue ee ee ee bo AS oo ae ee a ee ee aL Se a Boe ee : 2 ::a ee ae a aS as fe foe a ee oe ie co ay eee ae) ae oe ee oe ore Ze 8 ae im at oe ee (a Ma on ee bs oe eg ee ee Soe 2  :;::::See os ae ay hee ee es ve ae Ra) a s oe  oe : L  :for ae oe :os Se C26) ee oe a ee ie en Be oS ee a a As Bag 2 Sh ly,a ue oe Re as Bee oe :se ::ae 3 ae o Ee 5 ee i Ox Oe Wee tae ne Re ae Uy Biss alt iss es ee Sd _ 3 oe es se Os Co 4 ae cae ae  ie  a a oS oe oe oe oe EE ia Be its apes oe ek Oe ee Sak ANGE:ee  ee oo tae Le ae  it 4 eng ae ee oe oe eo BS  ote ay Bees oe oe ae ae ae Bee Se  oS oa oo OF ee mae fu oe ae La ee oe He aS Ss ee 0:a ion Se  ee :: oo a (ae tec a ee a ec :ae  ::ae ae Le gong ie Roe Boo oy Tey ee Ae Be As ae ee he a :Le ae By se SES As Oe ee a oe we ae Se Beer ty i ENE _ 2a 7 Sos SS Oe ae aS Ke) eee Ht Ness;Ee prod fe a as a   ee ee ree pee es oe cos Sa Se oe ae Ge Loe ae S a  2 es oe Ser [gees 4 eS ae a ae cS a ee oe oe ce a   ::;:: ve ONE A at 4 ee 0:a cue a ONG ee 26 oe Bes. Pee Sie pee ie ee ee oe 35 es  A fa ee ee ee ell i a oe Ls ee oe Re) ase Oe oy oe Eb ee ee oye ane pee oe :: :::3 oe ae ee eS Cae ee gy ss ay ze oe as Oe,ay eee oe ae :ue  es Exo,:ES 5 eo a ee ee a  oS oe os ae ee SEY;: 4 :::he a ee es ase ee Bees 1D:a  ais oe:ee GO ee ee oo Sco tn oe ae  sx tes ees lee os co a :a (eS oe   Was ie ed ae Bh ae ae ne Oe ee os ae nee ee ee co ane ey a es A se eee ee eee Ss :::2 os ae he a  Los soe pyle ee oe te es oe oe  : ie pan on 5 ee 1 2 a    :::ie feo 2) oO. ae ee es  Ad Bink 10  6 Bae S58 ::! ::7 :A ae os) Cale ae i bed Ss  oe eee ee es ae a ue aie 7 Seo oe oe me  ce ee  Be te Soe oF :ee 3c nS Ds yo at Bas an las ee ;ee eA oe Aes Ge ys Fees oe pee  nee  Oe as By a oe   eee a) ene 2  oe ee rs ae we ae 8 a :2 :  ee ae ek oe He gs ::, (a es cae fies id,GEN Se es as 68 So aS age os oe co or ole ae ee oe oe ole Vag eee eee 4 oe ke SN ae ee Ns) ae a a oS ee was vs nN va ek en ea us Ee fe oe ea eC Ee eee ee ee ae es Fe PEIN:oe a oe  ae ae ae 5 Ne 25, al a 20  :Sg ae cue a a we es ae ss ae EN gee 3. a aa SN:i,a ees  os Lo ER en Ss A as 7 2 any,cad oS oe oe ar fs Be () oe St x ie :ee oe ee Hee tS,Vi Bote eer AEN on oe aS Se oO eS He ay Ne ari Liste oe aa as gs ae ee  ZW iene EN CEN oe  ee oe ee es oe oe ee fel A Rie ee Bee aif ae aes be eae ADS ca ,Be oe coe oe ee Ren,ee isa sd (ages i reek AR Sa A ae es ge ml Loe ae oe oe ene ae Pas fe :ie es 1S AP eRe 2 8 ae ee ae ep OGTR eye ep eS oie mes i Ge ee ae le 8 he ae por wee oe ie eee eae sae ee aw fat i i ie a ees  Loe  oe Sees 3] ee (Gee od ie AS 2 Soe aa eee ok Be ee A es ae ihe:a if na ab Lo ee eS Oe Pst EO a oe ee iss i De ae ae ey ae ae aD a a oe I. Tp) ee Me ae ie aN Ze ::: he fy,Ae Mi Boe : :3  ep :ae tae oe Le SF  ae ee es ey ve Hae oH ant Ng oven  : :;tee cae :cee tan oo oe est ee [oe ee oe ee ley Se ie OS oO i  ::5 Bane ERS thy ret Ae iG mee ee  :::he SER ae  oe  oe oo a oe oe 3 mal bisa a:a oe ote ate Lune cae :i ae  ue ne ys i vy eae ve sh 3   i SG ea es a fy Be ay i wee :;QD ml iC Ss ae eh i Sie le a 2 ist a ee As ze 2 Ee oo alle CANS! ES ao oe EY on Be a  A Oe ee ::Ce oe cn ae Lo x a) an A ee Po  ae ee Cee  ee a 2 los ap Zi e :a les oa :a   a  :joe. ae oe ee Bo ae ox 2. oS oe ee So le co pra x ee bee 2  : ne'
2025-05-29 12:55:33 | INFO     | app.utils.extract_fields_util:extract_fields_from_text:107 - Trying (?i)Climate\s+Score:\s*(\d+) on line: 'J Poe oe 2 ae oe pe Es is ee i ae oe ;a ae oF 5 oe cS ae oe ae ee ioe ee aioe Ae ie ::oe ce ae Se Die ce eed a ae oe Oe Sis ea  ae :ce oe yuu a ae oo a ee :Seg. oc ce oe oe cay:ee 2 3 ete  a 3 ee ;ey BS a ae NEES  ee aS i os ey  oe ee  ae as ee a ee ee oe 2 3s On ee 8 :oe Le 3. ee ee as Se a ee oS oe a a oS ::1 oo :Dee oe a 8 ee es ae  Se :::i 2! ee a oe  Pe ae oe eae ae ae a ee   a 8 a Ss ret eee  ae oe ake ::oe oe Le eae eee :ae oe BS Oe oe aS 3 2 Le oe i oe,ae é oe ey ee 8 oe :::oe Be eet oe Ds,a ! Doe ae us a aaa cs on eS Se oe Par HS ae :Ste ST:io 2 ae ::So ae a _ ::ee ie oe Be on ace Peter Soe fee ith Eh) aoe a a ::  a ee i) ae ae . ak ae oe ae ae eeu ee ode oe 2 Eee See ee ee aS 4 :a ae, oe ya eae es ee ae ee abe ee fee oo pe ee bs Paice es io] a a oe as 2 :: : ee a a :ec 8 :::  eae Ae oe ee  ae ee :::2 :pate ce a a ae ae    a ek   oe a ie a  oe ey Sar in oe gO cin ge 5 ae ee See eA OF 3 a ;:ity fy ee i re ee ra  a US Bs ic aS Bae ee ee oF oe a :: : ee ae ae we Ay,20;oe 20 Ae :TE Co Sot ee nee pas ao :a  i  So Se ee as  yey oe eet ces ee Ss 5 ce ee 8 oe ao oe : ::SS 2c ae Be ous os oat . Sa ae Big oe Se Bo :_ ec ee Of oe Or Pes 7 an een ae ae oe ee 8 a i ite oe ae Gan a ae Po:ae Bes oe 8 ee Se SOF eG ;oe  a 8 aS eo co  ey oe 3 Be 2 ae fe ae ee a ae  2  a os  a ee :a On eee ee eae ae tee aa oo ee GES mi:oe ets a a oe oe oe oe) ae so  Us wk:S a se :ce ae oe on es is Cos EG ee eee Ee ay oe a ee ee Re ss oe es eel oe oe je oe De 8 ase ee a ee ee BS ee mate Ps ie a OSs,Cc. : OK i oe cee ae or ep EG tees ee Sis AM wares a 5 oe ee me aS ane aes sae aoe be a ee :2  2   eS EN ae 2s ae aS :oS eS. oe   :  pee:OF ae ous 8 ee ::eae 5 os a as oe eS  on noe GON oe a ee  ::i aS ee oh es ie  Sa f S ns ls  ie Ke oe be a :me ene le Ske a :eo _ as a as a :se a 3 Pe ee ee a eee ee oo  " ee ae :a ae aes a ae pee Slave ae Sil es Cae ee 5 ce  Beals cs Le a  Bree a   eae  ee a ::2 :a poe me Abe oe ae nee ae oe ee 2s oe oe oe ee es ee : :Ss oe a 4  :2  i oe oo eee a ae ee 25 ae oo   . :::Sele ee oe :a SS Ae ee icy ae 8 eo os os ea ao aS ee Sie a oe oe oo a Be Po os . a NE oe oS ses eee sea a Se ey ae ae im Sue ee ee ee bo AS oo ae ee a ee ee aL Se a Boe ee : 2 ::a ee ae a aS as fe foe a ee oe ie co ay eee ae) ae oe ee oe ore Ze 8 ae im at oe ee (a Ma on ee bs oe eg ee ee Soe 2  :;::::See os ae ay hee ee es ve ae Ra) a s oe  oe : L  :for ae oe :os Se C26) ee oe a ee ie en Be oS ee a a As Bag 2 Sh ly,a ue oe Re as Bee oe :se ::ae 3 ae o Ee 5 ee i Ox Oe Wee tae ne Re ae Uy Biss alt iss es ee Sd _ 3 oe es se Os Co 4 ae cae ae  ie  a a oS oe oe oe oe EE ia Be its apes oe ek Oe ee Sak ANGE:ee  ee oo tae Le ae  it 4 eng ae ee oe oe eo BS  ote ay Bees oe oe ae ae ae Bee Se  oS oa oo OF ee mae fu oe ae La ee oe He aS Ss ee 0:a ion Se  ee :: oo a (ae tec a ee a ec :ae  ::ae ae Le gong ie Roe Boo oy Tey ee Ae Be As ae ee he a :Le ae By se SES As Oe ee a oe we ae Se Beer ty i ENE _ 2a 7 Sos SS Oe ae aS Ke) eee Ht Ness;Ee prod fe a as a   ee ee ree pee es oe cos Sa Se oe ae Ge Loe ae S a  2 es oe Ser [gees 4 eS ae a ae cS a ee oe oe ce a   ::;:: ve ONE A at 4 ee 0:a cue a ONG ee 26 oe Bes. Pee Sie pee ie ee ee oe 35 es  A fa ee ee ee ell i a oe Ls ee oe Re) ase Oe oy oe Eb ee ee oye ane pee oe :: :::3 oe ae ee eS Cae ee gy ss ay ze oe as Oe,ay eee oe ae :ue  es Exo,:ES 5 eo a ee ee a  oS oe os ae ee SEY;: 4 :::he a ee es ase ee Bees 1D:a  ais oe:ee GO ee ee oo Sco tn oe ae  sx tes ees lee os co a :a (eS oe   Was ie ed ae Bh ae ae ne Oe ee os ae nee ee ee co ane ey a es A se eee ee eee Ss :::2 os ae he a  Los soe pyle ee oe te es oe oe  : ie pan on 5 ee 1 2 a    :::ie feo 2) oO. ae ee es  Ad Bink 10  6 Bae S58 ::! ::7 :A ae os) Cale ae i bed Ss  oe eee ee es ae a ue aie 7 Seo oe oe me  ce ee  Be te Soe oF :ee 3c nS Ds yo at Bas an las ee ;ee eA oe Aes Ge ys Fees oe pee  nee  Oe as By a oe   eee a) ene 2  oe ee rs ae we ae 8 a :2 :  ee ae ek oe He gs ::, (a es cae fies id,GEN Se es as 68 So aS age os oe co or ole ae ee oe oe ole Vag eee eee 4 oe ke SN ae ee Ns) ae a a oS ee was vs nN va ek en ea us Ee fe oe ea eC Ee eee ee ee ae es Fe PEIN:oe a oe  ae ae ae 5 Ne 25, al a 20  :Sg ae cue a a we es ae ss ae EN gee 3. a aa SN:i,a ees  os Lo ER en Ss A as 7 2 any,cad oS oe oe ar fs Be () oe St x ie :ee oe ee Hee tS,Vi Bote eer AEN on oe aS Se oO eS He ay Ne ari Liste oe aa as gs ae ee  ZW iene EN CEN oe  ee oe ee es oe oe ee fel A Rie ee Bee aif ae aes be eae ADS ca ,Be oe coe oe ee Ren,ee isa sd (ages i reek AR Sa A ae es ge ml Loe ae oe oe ene ae Pas fe :ie es 1S AP eRe 2 8 ae ee ae ep OGTR eye ep eS oie mes i Ge ee ae le 8 he ae por wee oe ie eee eae sae ee aw fat i i ie a ees  Loe  oe Sees 3] ee (Gee od ie AS 2 Soe aa eee ok Be ee A es ae ihe:a if na ab Lo ee eS Oe Pst EO a oe ee iss i De ae ae ey ae ae aD a a oe I. Tp) ee Me ae ie aN Ze ::: he fy,Ae Mi Boe : :3  ep :ae tae oe Le SF  ae ee es ey ve Hae oH ant Ng oven  : :;tee cae :cee tan oo oe est ee [oe ee oe ee ley Se ie OS oO i  ::5 Bane ERS thy ret Ae iG mee ee  :::he SER ae  oe  oe oo a oe oe 3 mal bisa a:a oe ote ate Lune cae :i ae  ue ne ys i vy eae ve sh 3   i SG ea es a fy Be ay i wee :;QD ml iC Ss ae eh i Sie le a 2 ist a ee As ze 2 Ee oo alle CANS! ES ao oe EY on Be a  A Oe ee ::Ce oe cn ae Lo x a) an A ee Po  ae ee Cee  ee a 2 los ap Zi e :a les oa :a   a  :joe. ae oe ee Bo ae ox 2. oS oe ee So le co pra x ee bee 2  : ne'
2025-05-29 12:55:33 | INFO     | app.utils.extract_fields_util:extract_fields_from_text:107 - Trying (?i)-\s*Climate\s+Score:\s*(\d+) on line: 'J Poe oe 2 ae oe pe Es is ee i ae oe ;a ae oF 5 oe cS ae oe ae ee ioe ee aioe Ae ie ::oe ce ae Se Die ce eed a ae oe Oe Sis ea  ae :ce oe yuu a ae oo a ee :Seg. oc ce oe oe cay:ee 2 3 ete  a 3 ee ;ey BS a ae NEES  ee aS i os ey  oe ee  ae as ee a ee ee oe 2 3s On ee 8 :oe Le 3. ee ee as Se a ee oS oe a a oS ::1 oo :Dee oe a 8 ee es ae  Se :::i 2! ee a oe  Pe ae oe eae ae ae a ee   a 8 a Ss ret eee  ae oe ake ::oe oe Le eae eee :ae oe BS Oe oe aS 3 2 Le oe i oe,ae é oe ey ee 8 oe :::oe Be eet oe Ds,a ! Doe ae us a aaa cs on eS Se oe Par HS ae :Ste ST:io 2 ae ::So ae a _ ::ee ie oe Be on ace Peter Soe fee ith Eh) aoe a a ::  a ee i) ae ae . ak ae oe ae ae eeu ee ode oe 2 Eee See ee ee aS 4 :a ae, oe ya eae es ee ae ee abe ee fee oo pe ee bs Paice es io] a a oe as 2 :: : ee a a :ec 8 :::  eae Ae oe ee  ae ee :::2 :pate ce a a ae ae    a ek   oe a ie a  oe ey Sar in oe gO cin ge 5 ae ee See eA OF 3 a ;:ity fy ee i re ee ra  a US Bs ic aS Bae ee ee oF oe a :: : ee ae ae we Ay,20;oe 20 Ae :TE Co Sot ee nee pas ao :a  i  So Se ee as  yey oe eet ces ee Ss 5 ce ee 8 oe ao oe : ::SS 2c ae Be ous os oat . Sa ae Big oe Se Bo :_ ec ee Of oe Or Pes 7 an een ae ae oe ee 8 a i ite oe ae Gan a ae Po:ae Bes oe 8 ee Se SOF eG ;oe  a 8 aS eo co  ey oe 3 Be 2 ae fe ae ee a ae  2  a os  a ee :a On eee ee eae ae tee aa oo ee GES mi:oe ets a a oe oe oe oe) ae so  Us wk:S a se :ce ae oe on es is Cos EG ee eee Ee ay oe a ee ee Re ss oe es eel oe oe je oe De 8 ase ee a ee ee BS ee mate Ps ie a OSs,Cc. : OK i oe cee ae or ep EG tees ee Sis AM wares a 5 oe ee me aS ane aes sae aoe be a ee :2  2   eS EN ae 2s ae aS :oS eS. oe   :  pee:OF ae ous 8 ee ::eae 5 os a as oe eS  on noe GON oe a ee  ::i aS ee oh es ie  Sa f S ns ls  ie Ke oe be a :me ene le Ske a :eo _ as a as a :se a 3 Pe ee ee a eee ee oo  " ee ae :a ae aes a ae pee Slave ae Sil es Cae ee 5 ce  Beals cs Le a  Bree a   eae  ee a ::2 :a poe me Abe oe ae nee ae oe ee 2s oe oe oe ee es ee : :Ss oe a 4  :2  i oe oo eee a ae ee 25 ae oo   . :::Sele ee oe :a SS Ae ee icy ae 8 eo os os ea ao aS ee Sie a oe oe oo a Be Po os . a NE oe oS ses eee sea a Se ey ae ae im Sue ee ee ee bo AS oo ae ee a ee ee aL Se a Boe ee : 2 ::a ee ae a aS as fe foe a ee oe ie co ay eee ae) ae oe ee oe ore Ze 8 ae im at oe ee (a Ma on ee bs oe eg ee ee Soe 2  :;::::See os ae ay hee ee es ve ae Ra) a s oe  oe : L  :for ae oe :os Se C26) ee oe a ee ie en Be oS ee a a As Bag 2 Sh ly,a ue oe Re as Bee oe :se ::ae 3 ae o Ee 5 ee i Ox Oe Wee tae ne Re ae Uy Biss alt iss es ee Sd _ 3 oe es se Os Co 4 ae cae ae  ie  a a oS oe oe oe oe EE ia Be its apes oe ek Oe ee Sak ANGE:ee  ee oo tae Le ae  it 4 eng ae ee oe oe eo BS  ote ay Bees oe oe ae ae ae Bee Se  oS oa oo OF ee mae fu oe ae La ee oe He aS Ss ee 0:a ion Se  ee :: oo a (ae tec a ee a ec :ae  ::ae ae Le gong ie Roe Boo oy Tey ee Ae Be As ae ee he a :Le ae By se SES As Oe ee a oe we ae Se Beer ty i ENE _ 2a 7 Sos SS Oe ae aS Ke) eee Ht Ness;Ee prod fe a as a   ee ee ree pee es oe cos Sa Se oe ae Ge Loe ae S a  2 es oe Ser [gees 4 eS ae a ae cS a ee oe oe ce a   ::;:: ve ONE A at 4 ee 0:a cue a ONG ee 26 oe Bes. Pee Sie pee ie ee ee oe 35 es  A fa ee ee ee ell i a oe Ls ee oe Re) ase Oe oy oe Eb ee ee oye ane pee oe :: :::3 oe ae ee eS Cae ee gy ss ay ze oe as Oe,ay eee oe ae :ue  es Exo,:ES 5 eo a ee ee a  oS oe os ae ee SEY;: 4 :::he a ee es ase ee Bees 1D:a  ais oe:ee GO ee ee oo Sco tn oe ae  sx tes ees lee os co a :a (eS oe   Was ie ed ae Bh ae ae ne Oe ee os ae nee ee ee co ane ey a es A se eee ee eee Ss :::2 os ae he a  Los soe pyle ee oe te es oe oe  : ie pan on 5 ee 1 2 a    :::ie feo 2) oO. ae ee es  Ad Bink 10  6 Bae S58 ::! ::7 :A ae os) Cale ae i bed Ss  oe eee ee es ae a ue aie 7 Seo oe oe me  ce ee  Be te Soe oF :ee 3c nS Ds yo at Bas an las ee ;ee eA oe Aes Ge ys Fees oe pee  nee  Oe as By a oe   eee a) ene 2  oe ee rs ae we ae 8 a :2 :  ee ae ek oe He gs ::, (a es cae fies id,GEN Se es as 68 So aS age os oe co or ole ae ee oe oe ole Vag eee eee 4 oe ke SN ae ee Ns) ae a a oS ee was vs nN va ek en ea us Ee fe oe ea eC Ee eee ee ee ae es Fe PEIN:oe a oe  ae ae ae 5 Ne 25, al a 20  :Sg ae cue a a we es ae ss ae EN gee 3. a aa SN:i,a ees  os Lo ER en Ss A as 7 2 any,cad oS oe oe ar fs Be () oe St x ie :ee oe ee Hee tS,Vi Bote eer AEN on oe aS Se oO eS He ay Ne ari Liste oe aa as gs ae ee  ZW iene EN CEN oe  ee oe ee es oe oe ee fel A Rie ee Bee aif ae aes be eae ADS ca ,Be oe coe oe ee Ren,ee isa sd (ages i reek AR Sa A ae es ge ml Loe ae oe oe ene ae Pas fe :ie es 1S AP eRe 2 8 ae ee ae ep OGTR eye ep eS oie mes i Ge ee ae le 8 he ae por wee oe ie eee eae sae ee aw fat i i ie a ees  Loe  oe Sees 3] ee (Gee od ie AS 2 Soe aa eee ok Be ee A es ae ihe:a if na ab Lo ee eS Oe Pst EO a oe ee iss i De ae ae ey ae ae aD a a oe I. Tp) ee Me ae ie aN Ze ::: he fy,Ae Mi Boe : :3  ep :ae tae oe Le SF  ae ee es ey ve Hae oH ant Ng oven  : :;tee cae :cee tan oo oe est ee [oe ee oe ee ley Se ie OS oO i  ::5 Bane ERS thy ret Ae iG mee ee  :::he SER ae  oe  oe oo a oe oe 3 mal bisa a:a oe ote ate Lune cae :i ae  ue ne ys i vy eae ve sh 3   i SG ea es a fy Be ay i wee :;QD ml iC Ss ae eh i Sie le a 2 ist a ee As ze 2 Ee oo alle CANS! ES ao oe EY on Be a  A Oe ee ::Ce oe cn ae Lo x a) an A ee Po  ae ee Cee  ee a 2 los ap Zi e :a les oa :a   a  :joe. ae oe ee Bo ae ox 2. oS oe ee So le co pra x ee bee 2  : ne'
2025-05-29 12:55:33 | INFO     | app.utils.extract_fields_util:extract_fields_from_text:107 - Trying (?i)Climate\s+Risk:\s*(\d+) on line: 'J Poe oe 2 ae oe pe Es is ee i ae oe ;a ae oF 5 oe cS ae oe ae ee ioe ee aioe Ae ie ::oe ce ae Se Die ce eed a ae oe Oe Sis ea  ae :ce oe yuu a ae oo a ee :Seg. oc ce oe oe cay:ee 2 3 ete  a 3 ee ;ey BS a ae NEES  ee aS i os ey  oe ee  ae as ee a ee ee oe 2 3s On ee 8 :oe Le 3. ee ee as Se a ee oS oe a a oS ::1 oo :Dee oe a 8 ee es ae  Se :::i 2! ee a oe  Pe ae oe eae ae ae a ee   a 8 a Ss ret eee  ae oe ake ::oe oe Le eae eee :ae oe BS Oe oe aS 3 2 Le oe i oe,ae é oe ey ee 8 oe :::oe Be eet oe Ds,a ! Doe ae us a aaa cs on eS Se oe Par HS ae :Ste ST:io 2 ae ::So ae a _ ::ee ie oe Be on ace Peter Soe fee ith Eh) aoe a a ::  a ee i) ae ae . ak ae oe ae ae eeu ee ode oe 2 Eee See ee ee aS 4 :a ae, oe ya eae es ee ae ee abe ee fee oo pe ee bs Paice es io] a a oe as 2 :: : ee a a :ec 8 :::  eae Ae oe ee  ae ee :::2 :pate ce a a ae ae    a ek   oe a ie a  oe ey Sar in oe gO cin ge 5 ae ee See eA OF 3 a ;:ity fy ee i re ee ra  a US Bs ic aS Bae ee ee oF oe a :: : ee ae ae we Ay,20;oe 20 Ae :TE Co Sot ee nee pas ao :a  i  So Se ee as  yey oe eet ces ee Ss 5 ce ee 8 oe ao oe : ::SS 2c ae Be ous os oat . Sa ae Big oe Se Bo :_ ec ee Of oe Or Pes 7 an een ae ae oe ee 8 a i ite oe ae Gan a ae Po:ae Bes oe 8 ee Se SOF eG ;oe  a 8 aS eo co  ey oe 3 Be 2 ae fe ae ee a ae  2  a os  a ee :a On eee ee eae ae tee aa oo ee GES mi:oe ets a a oe oe oe oe) ae so  Us wk:S a se :ce ae oe on es is Cos EG ee eee Ee ay oe a ee ee Re ss oe es eel oe oe je oe De 8 ase ee a ee ee BS ee mate Ps ie a OSs,Cc. : OK i oe cee ae or ep EG tees ee Sis AM wares a 5 oe ee me aS ane aes sae aoe be a ee :2  2   eS EN ae 2s ae aS :oS eS. oe   :  pee:OF ae ous 8 ee ::eae 5 os a as oe eS  on noe GON oe a ee  ::i aS ee oh es ie  Sa f S ns ls  ie Ke oe be a :me ene le Ske a :eo _ as a as a :se a 3 Pe ee ee a eee ee oo  " ee ae :a ae aes a ae pee Slave ae Sil es Cae ee 5 ce  Beals cs Le a  Bree a   eae  ee a ::2 :a poe me Abe oe ae nee ae oe ee 2s oe oe oe ee es ee : :Ss oe a 4  :2  i oe oo eee a ae ee 25 ae oo   . :::Sele ee oe :a SS Ae ee icy ae 8 eo os os ea ao aS ee Sie a oe oe oo a Be Po os . a NE oe oS ses eee sea a Se ey ae ae im Sue ee ee ee bo AS oo ae ee a ee ee aL Se a Boe ee : 2 ::a ee ae a aS as fe foe a ee oe ie co ay eee ae) ae oe ee oe ore Ze 8 ae im at oe ee (a Ma on ee bs oe eg ee ee Soe 2  :;::::See os ae ay hee ee es ve ae Ra) a s oe  oe : L  :for ae oe :os Se C26) ee oe a ee ie en Be oS ee a a As Bag 2 Sh ly,a ue oe Re as Bee oe :se ::ae 3 ae o Ee 5 ee i Ox Oe Wee tae ne Re ae Uy Biss alt iss es ee Sd _ 3 oe es se Os Co 4 ae cae ae  ie  a a oS oe oe oe oe EE ia Be its apes oe ek Oe ee Sak ANGE:ee  ee oo tae Le ae  it 4 eng ae ee oe oe eo BS  ote ay Bees oe oe ae ae ae Bee Se  oS oa oo OF ee mae fu oe ae La ee oe He aS Ss ee 0:a ion Se  ee :: oo a (ae tec a ee a ec :ae  ::ae ae Le gong ie Roe Boo oy Tey ee Ae Be As ae ee he a :Le ae By se SES As Oe ee a oe we ae Se Beer ty i ENE _ 2a 7 Sos SS Oe ae aS Ke) eee Ht Ness;Ee prod fe a as a   ee ee ree pee es oe cos Sa Se oe ae Ge Loe ae S a  2 es oe Ser [gees 4 eS ae a ae cS a ee oe oe ce a   ::;:: ve ONE A at 4 ee 0:a cue a ONG ee 26 oe Bes. Pee Sie pee ie ee ee oe 35 es  A fa ee ee ee ell i a oe Ls ee oe Re) ase Oe oy oe Eb ee ee oye ane pee oe :: :::3 oe ae ee eS Cae ee gy ss ay ze oe as Oe,ay eee oe ae :ue  es Exo,:ES 5 eo a ee ee a  oS oe os ae ee SEY;: 4 :::he a ee es ase ee Bees 1D:a  ais oe:ee GO ee ee oo Sco tn oe ae  sx tes ees lee os co a :a (eS oe   Was ie ed ae Bh ae ae ne Oe ee os ae nee ee ee co ane ey a es A se eee ee eee Ss :::2 os ae he a  Los soe pyle ee oe te es oe oe  : ie pan on 5 ee 1 2 a    :::ie feo 2) oO. ae ee es  Ad Bink 10  6 Bae S58 ::! ::7 :A ae os) Cale ae i bed Ss  oe eee ee es ae a ue aie 7 Seo oe oe me  ce ee  Be te Soe oF :ee 3c nS Ds yo at Bas an las ee ;ee eA oe Aes Ge ys Fees oe pee  nee  Oe as By a oe   eee a) ene 2  oe ee rs ae we ae 8 a :2 :  ee ae ek oe He gs ::, (a es cae fies id,GEN Se es as 68 So aS age os oe co or ole ae ee oe oe ole Vag eee eee 4 oe ke SN ae ee Ns) ae a a oS ee was vs nN va ek en ea us Ee fe oe ea eC Ee eee ee ee ae es Fe PEIN:oe a oe  ae ae ae 5 Ne 25, al a 20  :Sg ae cue a a we es ae ss ae EN gee 3. a aa SN:i,a ees  os Lo ER en Ss A as 7 2 any,cad oS oe oe ar fs Be () oe St x ie :ee oe ee Hee tS,Vi Bote eer AEN on oe aS Se oO eS He ay Ne ari Liste oe aa as gs ae ee  ZW iene EN CEN oe  ee oe ee es oe oe ee fel A Rie ee Bee aif ae aes be eae ADS ca ,Be oe coe oe ee Ren,ee isa sd (ages i reek AR Sa A ae es ge ml Loe ae oe oe ene ae Pas fe :ie es 1S AP eRe 2 8 ae ee ae ep OGTR eye ep eS oie mes i Ge ee ae le 8 he ae por wee oe ie eee eae sae ee aw fat i i ie a ees  Loe  oe Sees 3] ee (Gee od ie AS 2 Soe aa eee ok Be ee A es ae ihe:a if na ab Lo ee eS Oe Pst EO a oe ee iss i De ae ae ey ae ae aD a a oe I. Tp) ee Me ae ie aN Ze ::: he fy,Ae Mi Boe : :3  ep :ae tae oe Le SF  ae ee es ey ve Hae oH ant Ng oven  : :;tee cae :cee tan oo oe est ee [oe ee oe ee ley Se ie OS oO i  ::5 Bane ERS thy ret Ae iG mee ee  :::he SER ae  oe  oe oo a oe oe 3 mal bisa a:a oe ote ate Lune cae :i ae  ue ne ys i vy eae ve sh 3   i SG ea es a fy Be ay i wee :;QD ml iC Ss ae eh i Sie le a 2 ist a ee As ze 2 Ee oo alle CANS! ES ao oe EY on Be a  A Oe ee ::Ce oe cn ae Lo x a) an A ee Po  ae ee Cee  ee a 2 los ap Zi e :a les oa :a   a  :joe. ae oe ee Bo ae ox 2. oS oe ee So le co pra x ee bee 2  : ne'
2025-05-29 12:55:33 | INFO     | app.utils.extract_fields_util:extract_fields_from_text:107 - Trying (?i)Property\s+Address:\s*([\w\d\s.,#-]+) on line: 'J Poe oe 2 ae oe pe Es is ee i ae oe ;a ae oF 5 oe cS ae oe ae ee ioe ee aioe Ae ie ::oe ce ae Se Die ce eed a ae oe Oe Sis ea  ae :ce oe yuu a ae oo a ee :Seg. oc ce oe oe cay:ee 2 3 ete  a 3 ee ;ey BS a ae NEES  ee aS i os ey  oe ee  ae as ee a ee ee oe 2 3s On ee 8 :oe Le 3. ee ee as Se a ee oS oe a a oS ::1 oo :Dee oe a 8 ee es ae  Se :::i 2! ee a oe  Pe ae oe eae ae ae a ee   a 8 a Ss ret eee  ae oe ake ::oe oe Le eae eee :ae oe BS Oe oe aS 3 2 Le oe i oe,ae é oe ey ee 8 oe :::oe Be eet oe Ds,a ! Doe ae us a aaa cs on eS Se oe Par HS ae :Ste ST:io 2 ae ::So ae a _ ::ee ie oe Be on ace Peter Soe fee ith Eh) aoe a a ::  a ee i) ae ae . ak ae oe ae ae eeu ee ode oe 2 Eee See ee ee aS 4 :a ae, oe ya eae es ee ae ee abe ee fee oo pe ee bs Paice es io] a a oe as 2 :: : ee a a :ec 8 :::  eae Ae oe ee  ae ee :::2 :pate ce a a ae ae    a ek   oe a ie a  oe ey Sar in oe gO cin ge 5 ae ee See eA OF 3 a ;:ity fy ee i re ee ra  a US Bs ic aS Bae ee ee oF oe a :: : ee ae ae we Ay,20;oe 20 Ae :TE Co Sot ee nee pas ao :a  i  So Se ee as  yey oe eet ces ee Ss 5 ce ee 8 oe ao oe : ::SS 2c ae Be ous os oat . Sa ae Big oe Se Bo :_ ec ee Of oe Or Pes 7 an een ae ae oe ee 8 a i ite oe ae Gan a ae Po:ae Bes oe 8 ee Se SOF eG ;oe  a 8 aS eo co  ey oe 3 Be 2 ae fe ae ee a ae  2  a os  a ee :a On eee ee eae ae tee aa oo ee GES mi:oe ets a a oe oe oe oe) ae so  Us wk:S a se :ce ae oe on es is Cos EG ee eee Ee ay oe a ee ee Re ss oe es eel oe oe je oe De 8 ase ee a ee ee BS ee mate Ps ie a OSs,Cc. : OK i oe cee ae or ep EG tees ee Sis AM wares a 5 oe ee me aS ane aes sae aoe be a ee :2  2   eS EN ae 2s ae aS :oS eS. oe   :  pee:OF ae ous 8 ee ::eae 5 os a as oe eS  on noe GON oe a ee  ::i aS ee oh es ie  Sa f S ns ls  ie Ke oe be a :me ene le Ske a :eo _ as a as a :se a 3 Pe ee ee a eee ee oo  " ee ae :a ae aes a ae pee Slave ae Sil es Cae ee 5 ce  Beals cs Le a  Bree a   eae  ee a ::2 :a poe me Abe oe ae nee ae oe ee 2s oe oe oe ee es ee : :Ss oe a 4  :2  i oe oo eee a ae ee 25 ae oo   . :::Sele ee oe :a SS Ae ee icy ae 8 eo os os ea ao aS ee Sie a oe oe oo a Be Po os . a NE oe oS ses eee sea a Se ey ae ae im Sue ee ee ee bo AS oo ae ee a ee ee aL Se a Boe ee : 2 ::a ee ae a aS as fe foe a ee oe ie co ay eee ae) ae oe ee oe ore Ze 8 ae im at oe ee (a Ma on ee bs oe eg ee ee Soe 2  :;::::See os ae ay hee ee es ve ae Ra) a s oe  oe : L  :for ae oe :os Se C26) ee oe a ee ie en Be oS ee a a As Bag 2 Sh ly,a ue oe Re as Bee oe :se ::ae 3 ae o Ee 5 ee i Ox Oe Wee tae ne Re ae Uy Biss alt iss es ee Sd _ 3 oe es se Os Co 4 ae cae ae  ie  a a oS oe oe oe oe EE ia Be its apes oe ek Oe ee Sak ANGE:ee  ee oo tae Le ae  it 4 eng ae ee oe oe eo BS  ote ay Bees oe oe ae ae ae Bee Se  oS oa oo OF ee mae fu oe ae La ee oe He aS Ss ee 0:a ion Se  ee :: oo a (ae tec a ee a ec :ae  ::ae ae Le gong ie Roe Boo oy Tey ee Ae Be As ae ee he a :Le ae By se SES As Oe ee a oe we ae Se Beer ty i ENE _ 2a 7 Sos SS Oe ae aS Ke) eee Ht Ness;Ee prod fe a as a   ee ee ree pee es oe cos Sa Se oe ae Ge Loe ae S a  2 es oe Ser [gees 4 eS ae a ae cS a ee oe oe ce a   ::;:: ve ONE A at 4 ee 0:a cue a ONG ee 26 oe Bes. Pee Sie pee ie ee ee oe 35 es  A fa ee ee ee ell i a oe Ls ee oe Re) ase Oe oy oe Eb ee ee oye ane pee oe :: :::3 oe ae ee eS Cae ee gy ss ay ze oe as Oe,ay eee oe ae :ue  es Exo,:ES 5 eo a ee ee a  oS oe os ae ee SEY;: 4 :::he a ee es ase ee Bees 1D:a  ais oe:ee GO ee ee oo Sco tn oe ae  sx tes ees lee os co a :a (eS oe   Was ie ed ae Bh ae ae ne Oe ee os ae nee ee ee co ane ey a es A se eee ee eee Ss :::2 os ae he a  Los soe pyle ee oe te es oe oe  : ie pan on 5 ee 1 2 a    :::ie feo 2) oO. ae ee es  Ad Bink 10  6 Bae S58 ::! ::7 :A ae os) Cale ae i bed Ss  oe eee ee es ae a ue aie 7 Seo oe oe me  ce ee  Be te Soe oF :ee 3c nS Ds yo at Bas an las ee ;ee eA oe Aes Ge ys Fees oe pee  nee  Oe as By a oe   eee a) ene 2  oe ee rs ae we ae 8 a :2 :  ee ae ek oe He gs ::, (a es cae fies id,GEN Se es as 68 So aS age os oe co or ole ae ee oe oe ole Vag eee eee 4 oe ke SN ae ee Ns) ae a a oS ee was vs nN va ek en ea us Ee fe oe ea eC Ee eee ee ee ae es Fe PEIN:oe a oe  ae ae ae 5 Ne 25, al a 20  :Sg ae cue a a we es ae ss ae EN gee 3. a aa SN:i,a ees  os Lo ER en Ss A as 7 2 any,cad oS oe oe ar fs Be () oe St x ie :ee oe ee Hee tS,Vi Bote eer AEN on oe aS Se oO eS He ay Ne ari Liste oe aa as gs ae ee  ZW iene EN CEN oe  ee oe ee es oe oe ee fel A Rie ee Bee aif ae aes be eae ADS ca ,Be oe coe oe ee Ren,ee isa sd (ages i reek AR Sa A ae es ge ml Loe ae oe oe ene ae Pas fe :ie es 1S AP eRe 2 8 ae ee ae ep OGTR eye ep eS oie mes i Ge ee ae le 8 he ae por wee oe ie eee eae sae ee aw fat i i ie a ees  Loe  oe Sees 3] ee (Gee od ie AS 2 Soe aa eee ok Be ee A es ae ihe:a if na ab Lo ee eS Oe Pst EO a oe ee iss i De ae ae ey ae ae aD a a oe I. Tp) ee Me ae ie aN Ze ::: he fy,Ae Mi Boe : :3  ep :ae tae oe Le SF  ae ee es ey ve Hae oH ant Ng oven  : :;tee cae :cee tan oo oe est ee [oe ee oe ee ley Se ie OS oO i  ::5 Bane ERS thy ret Ae iG mee ee  :::he SER ae  oe  oe oo a oe oe 3 mal bisa a:a oe ote ate Lune cae :i ae  ue ne ys i vy eae ve sh 3   i SG ea es a fy Be ay i wee :;QD ml iC Ss ae eh i Sie le a 2 ist a ee As ze 2 Ee oo alle CANS! ES ao oe EY on Be a  A Oe ee ::Ce oe cn ae Lo x a) an A ee Po  ae ee Cee  ee a 2 los ap Zi e :a les oa :a   a  :joe. ae oe ee Bo ae ox 2. oS oe ee So le co pra x ee bee 2  : ne'
2025-05-29 12:55:33 | INFO     | app.utils.extract_fields_util:extract_fields_from_text:107 - Trying (?i)-\s*Property\s+Address:\s*([\w\d\s.,#-]+) on line: 'J Poe oe 2 ae oe pe Es is ee i ae oe ;a ae oF 5 oe cS ae oe ae ee ioe ee aioe Ae ie ::oe ce ae Se Die ce eed a ae oe Oe Sis ea  ae :ce oe yuu a ae oo a ee :Seg. oc ce oe oe cay:ee 2 3 ete  a 3 ee ;ey BS a ae NEES  ee aS i os ey  oe ee  ae as ee a ee ee oe 2 3s On ee 8 :oe Le 3. ee ee as Se a ee oS oe a a oS ::1 oo :Dee oe a 8 ee es ae  Se :::i 2! ee a oe  Pe ae oe eae ae ae a ee   a 8 a Ss ret eee  ae oe ake ::oe oe Le eae eee :ae oe BS Oe oe aS 3 2 Le oe i oe,ae é oe ey ee 8 oe :::oe Be eet oe Ds,a ! Doe ae us a aaa cs on eS Se oe Par HS ae :Ste ST:io 2 ae ::So ae a _ ::ee ie oe Be on ace Peter Soe fee ith Eh) aoe a a ::  a ee i) ae ae . ak ae oe ae ae eeu ee ode oe 2 Eee See ee ee aS 4 :a ae, oe ya eae es ee ae ee abe ee fee oo pe ee bs Paice es io] a a oe as 2 :: : ee a a :ec 8 :::  eae Ae oe ee  ae ee :::2 :pate ce a a ae ae    a ek   oe a ie a  oe ey Sar in oe gO cin ge 5 ae ee See eA OF 3 a ;:ity fy ee i re ee ra  a US Bs ic aS Bae ee ee oF oe a :: : ee ae ae we Ay,20;oe 20 Ae :TE Co Sot ee nee pas ao :a  i  So Se ee as  yey oe eet ces ee Ss 5 ce ee 8 oe ao oe : ::SS 2c ae Be ous os oat . Sa ae Big oe Se Bo :_ ec ee Of oe Or Pes 7 an een ae ae oe ee 8 a i ite oe ae Gan a ae Po:ae Bes oe 8 ee Se SOF eG ;oe  a 8 aS eo co  ey oe 3 Be 2 ae fe ae ee a ae  2  a os  a ee :a On eee ee eae ae tee aa oo ee GES mi:oe ets a a oe oe oe oe) ae so  Us wk:S a se :ce ae oe on es is Cos EG ee eee Ee ay oe a ee ee Re ss oe es eel oe oe je oe De 8 ase ee a ee ee BS ee mate Ps ie a OSs,Cc. : OK i oe cee ae or ep EG tees ee Sis AM wares a 5 oe ee me aS ane aes sae aoe be a ee :2  2   eS EN ae 2s ae aS :oS eS. oe   :  pee:OF ae ous 8 ee ::eae 5 os a as oe eS  on noe GON oe a ee  ::i aS ee oh es ie  Sa f S ns ls  ie Ke oe be a :me ene le Ske a :eo _ as a as a :se a 3 Pe ee ee a eee ee oo  " ee ae :a ae aes a ae pee Slave ae Sil es Cae ee 5 ce  Beals cs Le a  Bree a   eae  ee a ::2 :a poe me Abe oe ae nee ae oe ee 2s oe oe oe ee es ee : :Ss oe a 4  :2  i oe oo eee a ae ee 25 ae oo   . :::Sele ee oe :a SS Ae ee icy ae 8 eo os os ea ao aS ee Sie a oe oe oo a Be Po os . a NE oe oS ses eee sea a Se ey ae ae im Sue ee ee ee bo AS oo ae ee a ee ee aL Se a Boe ee : 2 ::a ee ae a aS as fe foe a ee oe ie co ay eee ae) ae oe ee oe ore Ze 8 ae im at oe ee (a Ma on ee bs oe eg ee ee Soe 2  :;::::See os ae ay hee ee es ve ae Ra) a s oe  oe : L  :for ae oe :os Se C26) ee oe a ee ie en Be oS ee a a As Bag 2 Sh ly,a ue oe Re as Bee oe :se ::ae 3 ae o Ee 5 ee i Ox Oe Wee tae ne Re ae Uy Biss alt iss es ee Sd _ 3 oe es se Os Co 4 ae cae ae  ie  a a oS oe oe oe oe EE ia Be its apes oe ek Oe ee Sak ANGE:ee  ee oo tae Le ae  it 4 eng ae ee oe oe eo BS  ote ay Bees oe oe ae ae ae Bee Se  oS oa oo OF ee mae fu oe ae La ee oe He aS Ss ee 0:a ion Se  ee :: oo a (ae tec a ee a ec :ae  ::ae ae Le gong ie Roe Boo oy Tey ee Ae Be As ae ee he a :Le ae By se SES As Oe ee a oe we ae Se Beer ty i ENE _ 2a 7 Sos SS Oe ae aS Ke) eee Ht Ness;Ee prod fe a as a   ee ee ree pee es oe cos Sa Se oe ae Ge Loe ae S a  2 es oe Ser [gees 4 eS ae a ae cS a ee oe oe ce a   ::;:: ve ONE A at 4 ee 0:a cue a ONG ee 26 oe Bes. Pee Sie pee ie ee ee oe 35 es  A fa ee ee ee ell i a oe Ls ee oe Re) ase Oe oy oe Eb ee ee oye ane pee oe :: :::3 oe ae ee eS Cae ee gy ss ay ze oe as Oe,ay eee oe ae :ue  es Exo,:ES 5 eo a ee ee a  oS oe os ae ee SEY;: 4 :::he a ee es ase ee Bees 1D:a  ais oe:ee GO ee ee oo Sco tn oe ae  sx tes ees lee os co a :a (eS oe   Was ie ed ae Bh ae ae ne Oe ee os ae nee ee ee co ane ey a es A se eee ee eee Ss :::2 os ae he a  Los soe pyle ee oe te es oe oe  : ie pan on 5 ee 1 2 a    :::ie feo 2) oO. ae ee es  Ad Bink 10  6 Bae S58 ::! ::7 :A ae os) Cale ae i bed Ss  oe eee ee es ae a ue aie 7 Seo oe oe me  ce ee  Be te Soe oF :ee 3c nS Ds yo at Bas an las ee ;ee eA oe Aes Ge ys Fees oe pee  nee  Oe as By a oe   eee a) ene 2  oe ee rs ae we ae 8 a :2 :  ee ae ek oe He gs ::, (a es cae fies id,GEN Se es as 68 So aS age os oe co or ole ae ee oe oe ole Vag eee eee 4 oe ke SN ae ee Ns) ae a a oS ee was vs nN va ek en ea us Ee fe oe ea eC Ee eee ee ee ae es Fe PEIN:oe a oe  ae ae ae 5 Ne 25, al a 20  :Sg ae cue a a we es ae ss ae EN gee 3. a aa SN:i,a ees  os Lo ER en Ss A as 7 2 any,cad oS oe oe ar fs Be () oe St x ie :ee oe ee Hee tS,Vi Bote eer AEN on oe aS Se oO eS He ay Ne ari Liste oe aa as gs ae ee  ZW iene EN CEN oe  ee oe ee es oe oe ee fel A Rie ee Bee aif ae aes be eae ADS ca ,Be oe coe oe ee Ren,ee isa sd (ages i reek AR Sa A ae es ge ml Loe ae oe oe ene ae Pas fe :ie es 1S AP eRe 2 8 ae ee ae ep OGTR eye ep eS oie mes i Ge ee ae le 8 he ae por wee oe ie eee eae sae ee aw fat i i ie a ees  Loe  oe Sees 3] ee (Gee od ie AS 2 Soe aa eee ok Be ee A es ae ihe:a if na ab Lo ee eS Oe Pst EO a oe ee iss i De ae ae ey ae ae aD a a oe I. Tp) ee Me ae ie aN Ze ::: he fy,Ae Mi Boe : :3  ep :ae tae oe Le SF  ae ee es ey ve Hae oH ant Ng oven  : :;tee cae :cee tan oo oe est ee [oe ee oe ee ley Se ie OS oO i  ::5 Bane ERS thy ret Ae iG mee ee  :::he SER ae  oe  oe oo a oe oe 3 mal bisa a:a oe ote ate Lune cae :i ae  ue ne ys i vy eae ve sh 3   i SG ea es a fy Be ay i wee :;QD ml iC Ss ae eh i Sie le a 2 ist a ee As ze 2 Ee oo alle CANS! ES ao oe EY on Be a  A Oe ee ::Ce oe cn ae Lo x a) an A ee Po  ae ee Cee  ee a 2 los ap Zi e :a les oa :a   a  :joe. ae oe ee Bo ae ox 2. oS oe ee So le co pra x ee bee 2  : ne'
2025-05-29 12:55:33 | INFO     | app.utils.extract_fields_util:extract_fields_from_text:107 - Trying (?i)Address:\s*([\w\d\s.,#-]+) on line: 'J Poe oe 2 ae oe pe Es is ee i ae oe ;a ae oF 5 oe cS ae oe ae ee ioe ee aioe Ae ie ::oe ce ae Se Die ce eed a ae oe Oe Sis ea  ae :ce oe yuu a ae oo a ee :Seg. oc ce oe oe cay:ee 2 3 ete  a 3 ee ;ey BS a ae NEES  ee aS i os ey  oe ee  ae as ee a ee ee oe 2 3s On ee 8 :oe Le 3. ee ee as Se a ee oS oe a a oS ::1 oo :Dee oe a 8 ee es ae  Se :::i 2! ee a oe  Pe ae oe eae ae ae a ee   a 8 a Ss ret eee  ae oe ake ::oe oe Le eae eee :ae oe BS Oe oe aS 3 2 Le oe i oe,ae é oe ey ee 8 oe :::oe Be eet oe Ds,a ! Doe ae us a aaa cs on eS Se oe Par HS ae :Ste ST:io 2 ae ::So ae a _ ::ee ie oe Be on ace Peter Soe fee ith Eh) aoe a a ::  a ee i) ae ae . ak ae oe ae ae eeu ee ode oe 2 Eee See ee ee aS 4 :a ae, oe ya eae es ee ae ee abe ee fee oo pe ee bs Paice es io] a a oe as 2 :: : ee a a :ec 8 :::  eae Ae oe ee  ae ee :::2 :pate ce a a ae ae    a ek   oe a ie a  oe ey Sar in oe gO cin ge 5 ae ee See eA OF 3 a ;:ity fy ee i re ee ra  a US Bs ic aS Bae ee ee oF oe a :: : ee ae ae we Ay,20;oe 20 Ae :TE Co Sot ee nee pas ao :a  i  So Se ee as  yey oe eet ces ee Ss 5 ce ee 8 oe ao oe : ::SS 2c ae Be ous os oat . Sa ae Big oe Se Bo :_ ec ee Of oe Or Pes 7 an een ae ae oe ee 8 a i ite oe ae Gan a ae Po:ae Bes oe 8 ee Se SOF eG ;oe  a 8 aS eo co  ey oe 3 Be 2 ae fe ae ee a ae  2  a os  a ee :a On eee ee eae ae tee aa oo ee GES mi:oe ets a a oe oe oe oe) ae so  Us wk:S a se :ce ae oe on es is Cos EG ee eee Ee ay oe a ee ee Re ss oe es eel oe oe je oe De 8 ase ee a ee ee BS ee mate Ps ie a OSs,Cc. : OK i oe cee ae or ep EG tees ee Sis AM wares a 5 oe ee me aS ane aes sae aoe be a ee :2  2   eS EN ae 2s ae aS :oS eS. oe   :  pee:OF ae ous 8 ee ::eae 5 os a as oe eS  on noe GON oe a ee  ::i aS ee oh es ie  Sa f S ns ls  ie Ke oe be a :me ene le Ske a :eo _ as a as a :se a 3 Pe ee ee a eee ee oo  " ee ae :a ae aes a ae pee Slave ae Sil es Cae ee 5 ce  Beals cs Le a  Bree a   eae  ee a ::2 :a poe me Abe oe ae nee ae oe ee 2s oe oe oe ee es ee : :Ss oe a 4  :2  i oe oo eee a ae ee 25 ae oo   . :::Sele ee oe :a SS Ae ee icy ae 8 eo os os ea ao aS ee Sie a oe oe oo a Be Po os . a NE oe oS ses eee sea a Se ey ae ae im Sue ee ee ee bo AS oo ae ee a ee ee aL Se a Boe ee : 2 ::a ee ae a aS as fe foe a ee oe ie co ay eee ae) ae oe ee oe ore Ze 8 ae im at oe ee (a Ma on ee bs oe eg ee ee Soe 2  :;::::See os ae ay hee ee es ve ae Ra) a s oe  oe : L  :for ae oe :os Se C26) ee oe a ee ie en Be oS ee a a As Bag 2 Sh ly,a ue oe Re as Bee oe :se ::ae 3 ae o Ee 5 ee i Ox Oe Wee tae ne Re ae Uy Biss alt iss es ee Sd _ 3 oe es se Os Co 4 ae cae ae  ie  a a oS oe oe oe oe EE ia Be its apes oe ek Oe ee Sak ANGE:ee  ee oo tae Le ae  it 4 eng ae ee oe oe eo BS  ote ay Bees oe oe ae ae ae Bee Se  oS oa oo OF ee mae fu oe ae La ee oe He aS Ss ee 0:a ion Se  ee :: oo a (ae tec a ee a ec :ae  ::ae ae Le gong ie Roe Boo oy Tey ee Ae Be As ae ee he a :Le ae By se SES As Oe ee a oe we ae Se Beer ty i ENE _ 2a 7 Sos SS Oe ae aS Ke) eee Ht Ness;Ee prod fe a as a   ee ee ree pee es oe cos Sa Se oe ae Ge Loe ae S a  2 es oe Ser [gees 4 eS ae a ae cS a ee oe oe ce a   ::;:: ve ONE A at 4 ee 0:a cue a ONG ee 26 oe Bes. Pee Sie pee ie ee ee oe 35 es  A fa ee ee ee ell i a oe Ls ee oe Re) ase Oe oy oe Eb ee ee oye ane pee oe :: :::3 oe ae ee eS Cae ee gy ss ay ze oe as Oe,ay eee oe ae :ue  es Exo,:ES 5 eo a ee ee a  oS oe os ae ee SEY;: 4 :::he a ee es ase ee Bees 1D:a  ais oe:ee GO ee ee oo Sco tn oe ae  sx tes ees lee os co a :a (eS oe   Was ie ed ae Bh ae ae ne Oe ee os ae nee ee ee co ane ey a es A se eee ee eee Ss :::2 os ae he a  Los soe pyle ee oe te es oe oe  : ie pan on 5 ee 1 2 a    :::ie feo 2) oO. ae ee es  Ad Bink 10  6 Bae S58 ::! ::7 :A ae os) Cale ae i bed Ss  oe eee ee es ae a ue aie 7 Seo oe oe me  ce ee  Be te Soe oF :ee 3c nS Ds yo at Bas an las ee ;ee eA oe Aes Ge ys Fees oe pee  nee  Oe as By a oe   eee a) ene 2  oe ee rs ae we ae 8 a :2 :  ee ae ek oe He gs ::, (a es cae fies id,GEN Se es as 68 So aS age os oe co or ole ae ee oe oe ole Vag eee eee 4 oe ke SN ae ee Ns) ae a a oS ee was vs nN va ek en ea us Ee fe oe ea eC Ee eee ee ee ae es Fe PEIN:oe a oe  ae ae ae 5 Ne 25, al a 20  :Sg ae cue a a we es ae ss ae EN gee 3. a aa SN:i,a ees  os Lo ER en Ss A as 7 2 any,cad oS oe oe ar fs Be () oe St x ie :ee oe ee Hee tS,Vi Bote eer AEN on oe aS Se oO eS He ay Ne ari Liste oe aa as gs ae ee  ZW iene EN CEN oe  ee oe ee es oe oe ee fel A Rie ee Bee aif ae aes be eae ADS ca ,Be oe coe oe ee Ren,ee isa sd (ages i reek AR Sa A ae es ge ml Loe ae oe oe ene ae Pas fe :ie es 1S AP eRe 2 8 ae ee ae ep OGTR eye ep eS oie mes i Ge ee ae le 8 he ae por wee oe ie eee eae sae ee aw fat i i ie a ees  Loe  oe Sees 3] ee (Gee od ie AS 2 Soe aa eee ok Be ee A es ae ihe:a if na ab Lo ee eS Oe Pst EO a oe ee iss i De ae ae ey ae ae aD a a oe I. Tp) ee Me ae ie aN Ze ::: he fy,Ae Mi Boe : :3  ep :ae tae oe Le SF  ae ee es ey ve Hae oH ant Ng oven  : :;tee cae :cee tan oo oe est ee [oe ee oe ee ley Se ie OS oO i  ::5 Bane ERS thy ret Ae iG mee ee  :::he SER ae  oe  oe oo a oe oe 3 mal bisa a:a oe ote ate Lune cae :i ae  ue ne ys i vy eae ve sh 3   i SG ea es a fy Be ay i wee :;QD ml iC Ss ae eh i Sie le a 2 ist a ee As ze 2 Ee oo alle CANS! ES ao oe EY on Be a  A Oe ee ::Ce oe cn ae Lo x a) an A ee Po  ae ee Cee  ee a 2 los ap Zi e :a les oa :a   a  :joe. ae oe ee Bo ae ox 2. oS oe ee So le co pra x ee bee 2  : ne'
2025-05-29 12:55:33 | INFO     | app.utils.extract_fields_util:extract_fields_from_text:107 - Trying (?i)Parcel\s+#:\s*([\w\d-]+) on line: 'J Poe oe 2 ae oe pe Es is ee i ae oe ;a ae oF 5 oe cS ae oe ae ee ioe ee aioe Ae ie ::oe ce ae Se Die ce eed a ae oe Oe Sis ea  ae :ce oe yuu a ae oo a ee :Seg. oc ce oe oe cay:ee 2 3 ete  a 3 ee ;ey BS a ae NEES  ee aS i os ey  oe ee  ae as ee a ee ee oe 2 3s On ee 8 :oe Le 3. ee ee as Se a ee oS oe a a oS ::1 oo :Dee oe a 8 ee es ae  Se :::i 2! ee a oe  Pe ae oe eae ae ae a ee   a 8 a Ss ret eee  ae oe ake ::oe oe Le eae eee :ae oe BS Oe oe aS 3 2 Le oe i oe,ae é oe ey ee 8 oe :::oe Be eet oe Ds,a ! Doe ae us a aaa cs on eS Se oe Par HS ae :Ste ST:io 2 ae ::So ae a _ ::ee ie oe Be on ace Peter Soe fee ith Eh) aoe a a ::  a ee i) ae ae . ak ae oe ae ae eeu ee ode oe 2 Eee See ee ee aS 4 :a ae, oe ya eae es ee ae ee abe ee fee oo pe ee bs Paice es io] a a oe as 2 :: : ee a a :ec 8 :::  eae Ae oe ee  ae ee :::2 :pate ce a a ae ae    a ek   oe a ie a  oe ey Sar in oe gO cin ge 5 ae ee See eA OF 3 a ;:ity fy ee i re ee ra  a US Bs ic aS Bae ee ee oF oe a :: : ee ae ae we Ay,20;oe 20 Ae :TE Co Sot ee nee pas ao :a  i  So Se ee as  yey oe eet ces ee Ss 5 ce ee 8 oe ao oe : ::SS 2c ae Be ous os oat . Sa ae Big oe Se Bo :_ ec ee Of oe Or Pes 7 an een ae ae oe ee 8 a i ite oe ae Gan a ae Po:ae Bes oe 8 ee Se SOF eG ;oe  a 8 aS eo co  ey oe 3 Be 2 ae fe ae ee a ae  2  a os  a ee :a On eee ee eae ae tee aa oo ee GES mi:oe ets a a oe oe oe oe) ae so  Us wk:S a se :ce ae oe on es is Cos EG ee eee Ee ay oe a ee ee Re ss oe es eel oe oe je oe De 8 ase ee a ee ee BS ee mate Ps ie a OSs,Cc. : OK i oe cee ae or ep EG tees ee Sis AM wares a 5 oe ee me aS ane aes sae aoe be a ee :2  2   eS EN ae 2s ae aS :oS eS. oe   :  pee:OF ae ous 8 ee ::eae 5 os a as oe eS  on noe GON oe a ee  ::i aS ee oh es ie  Sa f S ns ls  ie Ke oe be a :me ene le Ske a :eo _ as a as a :se a 3 Pe ee ee a eee ee oo  " ee ae :a ae aes a ae pee Slave ae Sil es Cae ee 5 ce  Beals cs Le a  Bree a   eae  ee a ::2 :a poe me Abe oe ae nee ae oe ee 2s oe oe oe ee es ee : :Ss oe a 4  :2  i oe oo eee a ae ee 25 ae oo   . :::Sele ee oe :a SS Ae ee icy ae 8 eo os os ea ao aS ee Sie a oe oe oo a Be Po os . a NE oe oS ses eee sea a Se ey ae ae im Sue ee ee ee bo AS oo ae ee a ee ee aL Se a Boe ee : 2 ::a ee ae a aS as fe foe a ee oe ie co ay eee ae) ae oe ee oe ore Ze 8 ae im at oe ee (a Ma on ee bs oe eg ee ee Soe 2  :;::::See os ae ay hee ee es ve ae Ra) a s oe  oe : L  :for ae oe :os Se C26) ee oe a ee ie en Be oS ee a a As Bag 2 Sh ly,a ue oe Re as Bee oe :se ::ae 3 ae o Ee 5 ee i Ox Oe Wee tae ne Re ae Uy Biss alt iss es ee Sd _ 3 oe es se Os Co 4 ae cae ae  ie  a a oS oe oe oe oe EE ia Be its apes oe ek Oe ee Sak ANGE:ee  ee oo tae Le ae  it 4 eng ae ee oe oe eo BS  ote ay Bees oe oe ae ae ae Bee Se  oS oa oo OF ee mae fu oe ae La ee oe He aS Ss ee 0:a ion Se  ee :: oo a (ae tec a ee a ec :ae  ::ae ae Le gong ie Roe Boo oy Tey ee Ae Be As ae ee he a :Le ae By se SES As Oe ee a oe we ae Se Beer ty i ENE _ 2a 7 Sos SS Oe ae aS Ke) eee Ht Ness;Ee prod fe a as a   ee ee ree pee es oe cos Sa Se oe ae Ge Loe ae S a  2 es oe Ser [gees 4 eS ae a ae cS a ee oe oe ce a   ::;:: ve ONE A at 4 ee 0:a cue a ONG ee 26 oe Bes. Pee Sie pee ie ee ee oe 35 es  A fa ee ee ee ell i a oe Ls ee oe Re) ase Oe oy oe Eb ee ee oye ane pee oe :: :::3 oe ae ee eS Cae ee gy ss ay ze oe as Oe,ay eee oe ae :ue  es Exo,:ES 5 eo a ee ee a  oS oe os ae ee SEY;: 4 :::he a ee es ase ee Bees 1D:a  ais oe:ee GO ee ee oo Sco tn oe ae  sx tes ees lee os co a :a (eS oe   Was ie ed ae Bh ae ae ne Oe ee os ae nee ee ee co ane ey a es A se eee ee eee Ss :::2 os ae he a  Los soe pyle ee oe te es oe oe  : ie pan on 5 ee 1 2 a    :::ie feo 2) oO. ae ee es  Ad Bink 10  6 Bae S58 ::! ::7 :A ae os) Cale ae i bed Ss  oe eee ee es ae a ue aie 7 Seo oe oe me  ce ee  Be te Soe oF :ee 3c nS Ds yo at Bas an las ee ;ee eA oe Aes Ge ys Fees oe pee  nee  Oe as By a oe   eee a) ene 2  oe ee rs ae we ae 8 a :2 :  ee ae ek oe He gs ::, (a es cae fies id,GEN Se es as 68 So aS age os oe co or ole ae ee oe oe ole Vag eee eee 4 oe ke SN ae ee Ns) ae a a oS ee was vs nN va ek en ea us Ee fe oe ea eC Ee eee ee ee ae es Fe PEIN:oe a oe  ae ae ae 5 Ne 25, al a 20  :Sg ae cue a a we es ae ss ae EN gee 3. a aa SN:i,a ees  os Lo ER en Ss A as 7 2 any,cad oS oe oe ar fs Be () oe St x ie :ee oe ee Hee tS,Vi Bote eer AEN on oe aS Se oO eS He ay Ne ari Liste oe aa as gs ae ee  ZW iene EN CEN oe  ee oe ee es oe oe ee fel A Rie ee Bee aif ae aes be eae ADS ca ,Be oe coe oe ee Ren,ee isa sd (ages i reek AR Sa A ae es ge ml Loe ae oe oe ene ae Pas fe :ie es 1S AP eRe 2 8 ae ee ae ep OGTR eye ep eS oie mes i Ge ee ae le 8 he ae por wee oe ie eee eae sae ee aw fat i i ie a ees  Loe  oe Sees 3] ee (Gee od ie AS 2 Soe aa eee ok Be ee A es ae ihe:a if na ab Lo ee eS Oe Pst EO a oe ee iss i De ae ae ey ae ae aD a a oe I. Tp) ee Me ae ie aN Ze ::: he fy,Ae Mi Boe : :3  ep :ae tae oe Le SF  ae ee es ey ve Hae oH ant Ng oven  : :;tee cae :cee tan oo oe est ee [oe ee oe ee ley Se ie OS oO i  ::5 Bane ERS thy ret Ae iG mee ee  :::he SER ae  oe  oe oo a oe oe 3 mal bisa a:a oe ote ate Lune cae :i ae  ue ne ys i vy eae ve sh 3   i SG ea es a fy Be ay i wee :;QD ml iC Ss ae eh i Sie le a 2 ist a ee As ze 2 Ee oo alle CANS! ES ao oe EY on Be a  A Oe ee ::Ce oe cn ae Lo x a) an A ee Po  ae ee Cee  ee a 2 los ap Zi e :a les oa :a   a  :joe. ae oe ee Bo ae ox 2. oS oe ee So le co pra x ee bee 2  : ne'
2025-05-29 12:55:33 | INFO     | app.utils.extract_fields_util:extract_fields_from_text:107 - Trying (?i)-\s*Parcel\s+#:\s*([\w\d-]+) on line: 'J Poe oe 2 ae oe pe Es is ee i ae oe ;a ae oF 5 oe cS ae oe ae ee ioe ee aioe Ae ie ::oe ce ae Se Die ce eed a ae oe Oe Sis ea  ae :ce oe yuu a ae oo a ee :Seg. oc ce oe oe cay:ee 2 3 ete  a 3 ee ;ey BS a ae NEES  ee aS i os ey  oe ee  ae as ee a ee ee oe 2 3s On ee 8 :oe Le 3. ee ee as Se a ee oS oe a a oS ::1 oo :Dee oe a 8 ee es ae  Se :::i 2! ee a oe  Pe ae oe eae ae ae a ee   a 8 a Ss ret eee  ae oe ake ::oe oe Le eae eee :ae oe BS Oe oe aS 3 2 Le oe i oe,ae é oe ey ee 8 oe :::oe Be eet oe Ds,a ! Doe ae us a aaa cs on eS Se oe Par HS ae :Ste ST:io 2 ae ::So ae a _ ::ee ie oe Be on ace Peter Soe fee ith Eh) aoe a a ::  a ee i) ae ae . ak ae oe ae ae eeu ee ode oe 2 Eee See ee ee aS 4 :a ae, oe ya eae es ee ae ee abe ee fee oo pe ee bs Paice es io] a a oe as 2 :: : ee a a :ec 8 :::  eae Ae oe ee  ae ee :::2 :pate ce a a ae ae    a ek   oe a ie a  oe ey Sar in oe gO cin ge 5 ae ee See eA OF 3 a ;:ity fy ee i re ee ra  a US Bs ic aS Bae ee ee oF oe a :: : ee ae ae we Ay,20;oe 20 Ae :TE Co Sot ee nee pas ao :a  i  So Se ee as  yey oe eet ces ee Ss 5 ce ee 8 oe ao oe : ::SS 2c ae Be ous os oat . Sa ae Big oe Se Bo :_ ec ee Of oe Or Pes 7 an een ae ae oe ee 8 a i ite oe ae Gan a ae Po:ae Bes oe 8 ee Se SOF eG ;oe  a 8 aS eo co  ey oe 3 Be 2 ae fe ae ee a ae  2  a os  a ee :a On eee ee eae ae tee aa oo ee GES mi:oe ets a a oe oe oe oe) ae so  Us wk:S a se :ce ae oe on es is Cos EG ee eee Ee ay oe a ee ee Re ss oe es eel oe oe je oe De 8 ase ee a ee ee BS ee mate Ps ie a OSs,Cc. : OK i oe cee ae or ep EG tees ee Sis AM wares a 5 oe ee me aS ane aes sae aoe be a ee :2  2   eS EN ae 2s ae aS :oS eS. oe   :  pee:OF ae ous 8 ee ::eae 5 os a as oe eS  on noe GON oe a ee  ::i aS ee oh es ie  Sa f S ns ls  ie Ke oe be a :me ene le Ske a :eo _ as a as a :se a 3 Pe ee ee a eee ee oo  " ee ae :a ae aes a ae pee Slave ae Sil es Cae ee 5 ce  Beals cs Le a  Bree a   eae  ee a ::2 :a poe me Abe oe ae nee ae oe ee 2s oe oe oe ee es ee : :Ss oe a 4  :2  i oe oo eee a ae ee 25 ae oo   . :::Sele ee oe :a SS Ae ee icy ae 8 eo os os ea ao aS ee Sie a oe oe oo a Be Po os . a NE oe oS ses eee sea a Se ey ae ae im Sue ee ee ee bo AS oo ae ee a ee ee aL Se a Boe ee : 2 ::a ee ae a aS as fe foe a ee oe ie co ay eee ae) ae oe ee oe ore Ze 8 ae im at oe ee (a Ma on ee bs oe eg ee ee Soe 2  :;::::See os ae ay hee ee es ve ae Ra) a s oe  oe : L  :for ae oe :os Se C26) ee oe a ee ie en Be oS ee a a As Bag 2 Sh ly,a ue oe Re as Bee oe :se ::ae 3 ae o Ee 5 ee i Ox Oe Wee tae ne Re ae Uy Biss alt iss es ee Sd _ 3 oe es se Os Co 4 ae cae ae  ie  a a oS oe oe oe oe EE ia Be its apes oe ek Oe ee Sak ANGE:ee  ee oo tae Le ae  it 4 eng ae ee oe oe eo BS  ote ay Bees oe oe ae ae ae Bee Se  oS oa oo OF ee mae fu oe ae La ee oe He aS Ss ee 0:a ion Se  ee :: oo a (ae tec a ee a ec :ae  ::ae ae Le gong ie Roe Boo oy Tey ee Ae Be As ae ee he a :Le ae By se SES As Oe ee a oe we ae Se Beer ty i ENE _ 2a 7 Sos SS Oe ae aS Ke) eee Ht Ness;Ee prod fe a as a   ee ee ree pee es oe cos Sa Se oe ae Ge Loe ae S a  2 es oe Ser [gees 4 eS ae a ae cS a ee oe oe ce a   ::;:: ve ONE A at 4 ee 0:a cue a ONG ee 26 oe Bes. Pee Sie pee ie ee ee oe 35 es  A fa ee ee ee ell i a oe Ls ee oe Re) ase Oe oy oe Eb ee ee oye ane pee oe :: :::3 oe ae ee eS Cae ee gy ss ay ze oe as Oe,ay eee oe ae :ue  es Exo,:ES 5 eo a ee ee a  oS oe os ae ee SEY;: 4 :::he a ee es ase ee Bees 1D:a  ais oe:ee GO ee ee oo Sco tn oe ae  sx tes ees lee os co a :a (eS oe   Was ie ed ae Bh ae ae ne Oe ee os ae nee ee ee co ane ey a es A se eee ee eee Ss :::2 os ae he a  Los soe pyle ee oe te es oe oe  : ie pan on 5 ee 1 2 a    :::ie feo 2) oO. ae ee es  Ad Bink 10  6 Bae S58 ::! ::7 :A ae os) Cale ae i bed Ss  oe eee ee es ae a ue aie 7 Seo oe oe me  ce ee  Be te Soe oF :ee 3c nS Ds yo at Bas an las ee ;ee eA oe Aes Ge ys Fees oe pee  nee  Oe as By a oe   eee a) ene 2  oe ee rs ae we ae 8 a :2 :  ee ae ek oe He gs ::, (a es cae fies id,GEN Se es as 68 So aS age os oe co or ole ae ee oe oe ole Vag eee eee 4 oe ke SN ae ee Ns) ae a a oS ee was vs nN va ek en ea us Ee fe oe ea eC Ee eee ee ee ae es Fe PEIN:oe a oe  ae ae ae 5 Ne 25, al a 20  :Sg ae cue a a we es ae ss ae EN gee 3. a aa SN:i,a ees  os Lo ER en Ss A as 7 2 any,cad oS oe oe ar fs Be () oe St x ie :ee oe ee Hee tS,Vi Bote eer AEN on oe aS Se oO eS He ay Ne ari Liste oe aa as gs ae ee  ZW iene EN CEN oe  ee oe ee es oe oe ee fel A Rie ee Bee aif ae aes be eae ADS ca ,Be oe coe oe ee Ren,ee isa sd (ages i reek AR Sa A ae es ge ml Loe ae oe oe ene ae Pas fe :ie es 1S AP eRe 2 8 ae ee ae ep OGTR eye ep eS oie mes i Ge ee ae le 8 he ae por wee oe ie eee eae sae ee aw fat i i ie a ees  Loe  oe Sees 3] ee (Gee od ie AS 2 Soe aa eee ok Be ee A es ae ihe:a if na ab Lo ee eS Oe Pst EO a oe ee iss i De ae ae ey ae ae aD a a oe I. Tp) ee Me ae ie aN Ze ::: he fy,Ae Mi Boe : :3  ep :ae tae oe Le SF  ae ee es ey ve Hae oH ant Ng oven  : :;tee cae :cee tan oo oe est ee [oe ee oe ee ley Se ie OS oO i  ::5 Bane ERS thy ret Ae iG mee ee  :::he SER ae  oe  oe oo a oe oe 3 mal bisa a:a oe ote ate Lune cae :i ae  ue ne ys i vy eae ve sh 3   i SG ea es a fy Be ay i wee :;QD ml iC Ss ae eh i Sie le a 2 ist a ee As ze 2 Ee oo alle CANS! ES ao oe EY on Be a  A Oe ee ::Ce oe cn ae Lo x a) an A ee Po  ae ee Cee  ee a 2 los ap Zi e :a les oa :a   a  :joe. ae oe ee Bo ae ox 2. oS oe ee So le co pra x ee bee 2  : ne'
2025-05-29 12:55:33 | INFO     | app.utils.extract_fields_util:extract_fields_from_text:107 - Trying (?i)Parcel\s+ID:\s*([\w\d-]+) on line: 'J Poe oe 2 ae oe pe Es is ee i ae oe ;a ae oF 5 oe cS ae oe ae ee ioe ee aioe Ae ie ::oe ce ae Se Die ce eed a ae oe Oe Sis ea  ae :ce oe yuu a ae oo a ee :Seg. oc ce oe oe cay:ee 2 3 ete  a 3 ee ;ey BS a ae NEES  ee aS i os ey  oe ee  ae as ee a ee ee oe 2 3s On ee 8 :oe Le 3. ee ee as Se a ee oS oe a a oS ::1 oo :Dee oe a 8 ee es ae  Se :::i 2! ee a oe  Pe ae oe eae ae ae a ee   a 8 a Ss ret eee  ae oe ake ::oe oe Le eae eee :ae oe BS Oe oe aS 3 2 Le oe i oe,ae é oe ey ee 8 oe :::oe Be eet oe Ds,a ! Doe ae us a aaa cs on eS Se oe Par HS ae :Ste ST:io 2 ae ::So ae a _ ::ee ie oe Be on ace Peter Soe fee ith Eh) aoe a a ::  a ee i) ae ae . ak ae oe ae ae eeu ee ode oe 2 Eee See ee ee aS 4 :a ae, oe ya eae es ee ae ee abe ee fee oo pe ee bs Paice es io] a a oe as 2 :: : ee a a :ec 8 :::  eae Ae oe ee  ae ee :::2 :pate ce a a ae ae    a ek   oe a ie a  oe ey Sar in oe gO cin ge 5 ae ee See eA OF 3 a ;:ity fy ee i re ee ra  a US Bs ic aS Bae ee ee oF oe a :: : ee ae ae we Ay,20;oe 20 Ae :TE Co Sot ee nee pas ao :a  i  So Se ee as  yey oe eet ces ee Ss 5 ce ee 8 oe ao oe : ::SS 2c ae Be ous os oat . Sa ae Big oe Se Bo :_ ec ee Of oe Or Pes 7 an een ae ae oe ee 8 a i ite oe ae Gan a ae Po:ae Bes oe 8 ee Se SOF eG ;oe  a 8 aS eo co  ey oe 3 Be 2 ae fe ae ee a ae  2  a os  a ee :a On eee ee eae ae tee aa oo ee GES mi:oe ets a a oe oe oe oe) ae so  Us wk:S a se :ce ae oe on es is Cos EG ee eee Ee ay oe a ee ee Re ss oe es eel oe oe je oe De 8 ase ee a ee ee BS ee mate Ps ie a OSs,Cc. : OK i oe cee ae or ep EG tees ee Sis AM wares a 5 oe ee me aS ane aes sae aoe be a ee :2  2   eS EN ae 2s ae aS :oS eS. oe   :  pee:OF ae ous 8 ee ::eae 5 os a as oe eS  on noe GON oe a ee  ::i aS ee oh es ie  Sa f S ns ls  ie Ke oe be a :me ene le Ske a :eo _ as a as a :se a 3 Pe ee ee a eee ee oo  " ee ae :a ae aes a ae pee Slave ae Sil es Cae ee 5 ce  Beals cs Le a  Bree a   eae  ee a ::2 :a poe me Abe oe ae nee ae oe ee 2s oe oe oe ee es ee : :Ss oe a 4  :2  i oe oo eee a ae ee 25 ae oo   . :::Sele ee oe :a SS Ae ee icy ae 8 eo os os ea ao aS ee Sie a oe oe oo a Be Po os . a NE oe oS ses eee sea a Se ey ae ae im Sue ee ee ee bo AS oo ae ee a ee ee aL Se a Boe ee : 2 ::a ee ae a aS as fe foe a ee oe ie co ay eee ae) ae oe ee oe ore Ze 8 ae im at oe ee (a Ma on ee bs oe eg ee ee Soe 2  :;::::See os ae ay hee ee es ve ae Ra) a s oe  oe : L  :for ae oe :os Se C26) ee oe a ee ie en Be oS ee a a As Bag 2 Sh ly,a ue oe Re as Bee oe :se ::ae 3 ae o Ee 5 ee i Ox Oe Wee tae ne Re ae Uy Biss alt iss es ee Sd _ 3 oe es se Os Co 4 ae cae ae  ie  a a oS oe oe oe oe EE ia Be its apes oe ek Oe ee Sak ANGE:ee  ee oo tae Le ae  it 4 eng ae ee oe oe eo BS  ote ay Bees oe oe ae ae ae Bee Se  oS oa oo OF ee mae fu oe ae La ee oe He aS Ss ee 0:a ion Se  ee :: oo a (ae tec a ee a ec :ae  ::ae ae Le gong ie Roe Boo oy Tey ee Ae Be As ae ee he a :Le ae By se SES As Oe ee a oe we ae Se Beer ty i ENE _ 2a 7 Sos SS Oe ae aS Ke) eee Ht Ness;Ee prod fe a as a   ee ee ree pee es oe cos Sa Se oe ae Ge Loe ae S a  2 es oe Ser [gees 4 eS ae a ae cS a ee oe oe ce a   ::;:: ve ONE A at 4 ee 0:a cue a ONG ee 26 oe Bes. Pee Sie pee ie ee ee oe 35 es  A fa ee ee ee ell i a oe Ls ee oe Re) ase Oe oy oe Eb ee ee oye ane pee oe :: :::3 oe ae ee eS Cae ee gy ss ay ze oe as Oe,ay eee oe ae :ue  es Exo,:ES 5 eo a ee ee a  oS oe os ae ee SEY;: 4 :::he a ee es ase ee Bees 1D:a  ais oe:ee GO ee ee oo Sco tn oe ae  sx tes ees lee os co a :a (eS oe   Was ie ed ae Bh ae ae ne Oe ee os ae nee ee ee co ane ey a es A se eee ee eee Ss :::2 os ae he a  Los soe pyle ee oe te es oe oe  : ie pan on 5 ee 1 2 a    :::ie feo 2) oO. ae ee es  Ad Bink 10  6 Bae S58 ::! ::7 :A ae os) Cale ae i bed Ss  oe eee ee es ae a ue aie 7 Seo oe oe me  ce ee  Be te Soe oF :ee 3c nS Ds yo at Bas an las ee ;ee eA oe Aes Ge ys Fees oe pee  nee  Oe as By a oe   eee a) ene 2  oe ee rs ae we ae 8 a :2 :  ee ae ek oe He gs ::, (a es cae fies id,GEN Se es as 68 So aS age os oe co or ole ae ee oe oe ole Vag eee eee 4 oe ke SN ae ee Ns) ae a a oS ee was vs nN va ek en ea us Ee fe oe ea eC Ee eee ee ee ae es Fe PEIN:oe a oe  ae ae ae 5 Ne 25, al a 20  :Sg ae cue a a we es ae ss ae EN gee 3. a aa SN:i,a ees  os Lo ER en Ss A as 7 2 any,cad oS oe oe ar fs Be () oe St x ie :ee oe ee Hee tS,Vi Bote eer AEN on oe aS Se oO eS He ay Ne ari Liste oe aa as gs ae ee  ZW iene EN CEN oe  ee oe ee es oe oe ee fel A Rie ee Bee aif ae aes be eae ADS ca ,Be oe coe oe ee Ren,ee isa sd (ages i reek AR Sa A ae es ge ml Loe ae oe oe ene ae Pas fe :ie es 1S AP eRe 2 8 ae ee ae ep OGTR eye ep eS oie mes i Ge ee ae le 8 he ae por wee oe ie eee eae sae ee aw fat i i ie a ees  Loe  oe Sees 3] ee (Gee od ie AS 2 Soe aa eee ok Be ee A es ae ihe:a if na ab Lo ee eS Oe Pst EO a oe ee iss i De ae ae ey ae ae aD a a oe I. Tp) ee Me ae ie aN Ze ::: he fy,Ae Mi Boe : :3  ep :ae tae oe Le SF  ae ee es ey ve Hae oH ant Ng oven  : :;tee cae :cee tan oo oe est ee [oe ee oe ee ley Se ie OS oO i  ::5 Bane ERS thy ret Ae iG mee ee  :::he SER ae  oe  oe oo a oe oe 3 mal bisa a:a oe ote ate Lune cae :i ae  ue ne ys i vy eae ve sh 3   i SG ea es a fy Be ay i wee :;QD ml iC Ss ae eh i Sie le a 2 ist a ee As ze 2 Ee oo alle CANS! ES ao oe EY on Be a  A Oe ee ::Ce oe cn ae Lo x a) an A ee Po  ae ee Cee  ee a 2 los ap Zi e :a les oa :a   a  :joe. ae oe ee Bo ae ox 2. oS oe ee So le co pra x ee bee 2  : ne'
2025-05-29 12:55:33 | INFO     | app.utils.extract_fields_util:extract_fields_from_text:107 - Trying (?i)APN[-#:]?\s*([\w\d-]+) on line: 'J Poe oe 2 ae oe pe Es is ee i ae oe ;a ae oF 5 oe cS ae oe ae ee ioe ee aioe Ae ie ::oe ce ae Se Die ce eed a ae oe Oe Sis ea  ae :ce oe yuu a ae oo a ee :Seg. oc ce oe oe cay:ee 2 3 ete  a 3 ee ;ey BS a ae NEES  ee aS i os ey  oe ee  ae as ee a ee ee oe 2 3s On ee 8 :oe Le 3. ee ee as Se a ee oS oe a a oS ::1 oo :Dee oe a 8 ee es ae  Se :::i 2! ee a oe  Pe ae oe eae ae ae a ee   a 8 a Ss ret eee  ae oe ake ::oe oe Le eae eee :ae oe BS Oe oe aS 3 2 Le oe i oe,ae é oe ey ee 8 oe :::oe Be eet oe Ds,a ! Doe ae us a aaa cs on eS Se oe Par HS ae :Ste ST:io 2 ae ::So ae a _ ::ee ie oe Be on ace Peter Soe fee ith Eh) aoe a a ::  a ee i) ae ae . ak ae oe ae ae eeu ee ode oe 2 Eee See ee ee aS 4 :a ae, oe ya eae es ee ae ee abe ee fee oo pe ee bs Paice es io] a a oe as 2 :: : ee a a :ec 8 :::  eae Ae oe ee  ae ee :::2 :pate ce a a ae ae    a ek   oe a ie a  oe ey Sar in oe gO cin ge 5 ae ee See eA OF 3 a ;:ity fy ee i re ee ra  a US Bs ic aS Bae ee ee oF oe a :: : ee ae ae we Ay,20;oe 20 Ae :TE Co Sot ee nee pas ao :a  i  So Se ee as  yey oe eet ces ee Ss 5 ce ee 8 oe ao oe : ::SS 2c ae Be ous os oat . Sa ae Big oe Se Bo :_ ec ee Of oe Or Pes 7 an een ae ae oe ee 8 a i ite oe ae Gan a ae Po:ae Bes oe 8 ee Se SOF eG ;oe  a 8 aS eo co  ey oe 3 Be 2 ae fe ae ee a ae  2  a os  a ee :a On eee ee eae ae tee aa oo ee GES mi:oe ets a a oe oe oe oe) ae so  Us wk:S a se :ce ae oe on es is Cos EG ee eee Ee ay oe a ee ee Re ss oe es eel oe oe je oe De 8 ase ee a ee ee BS ee mate Ps ie a OSs,Cc. : OK i oe cee ae or ep EG tees ee Sis AM wares a 5 oe ee me aS ane aes sae aoe be a ee :2  2   eS EN ae 2s ae aS :oS eS. oe   :  pee:OF ae ous 8 ee ::eae 5 os a as oe eS  on noe GON oe a ee  ::i aS ee oh es ie  Sa f S ns ls  ie Ke oe be a :me ene le Ske a :eo _ as a as a :se a 3 Pe ee ee a eee ee oo  " ee ae :a ae aes a ae pee Slave ae Sil es Cae ee 5 ce  Beals cs Le a  Bree a   eae  ee a ::2 :a poe me Abe oe ae nee ae oe ee 2s oe oe oe ee es ee : :Ss oe a 4  :2  i oe oo eee a ae ee 25 ae oo   . :::Sele ee oe :a SS Ae ee icy ae 8 eo os os ea ao aS ee Sie a oe oe oo a Be Po os . a NE oe oS ses eee sea a Se ey ae ae im Sue ee ee ee bo AS oo ae ee a ee ee aL Se a Boe ee : 2 ::a ee ae a aS as fe foe a ee oe ie co ay eee ae) ae oe ee oe ore Ze 8 ae im at oe ee (a Ma on ee bs oe eg ee ee Soe 2  :;::::See os ae ay hee ee es ve ae Ra) a s oe  oe : L  :for ae oe :os Se C26) ee oe a ee ie en Be oS ee a a As Bag 2 Sh ly,a ue oe Re as Bee oe :se ::ae 3 ae o Ee 5 ee i Ox Oe Wee tae ne Re ae Uy Biss alt iss es ee Sd _ 3 oe es se Os Co 4 ae cae ae  ie  a a oS oe oe oe oe EE ia Be its apes oe ek Oe ee Sak ANGE:ee  ee oo tae Le ae  it 4 eng ae ee oe oe eo BS  ote ay Bees oe oe ae ae ae Bee Se  oS oa oo OF ee mae fu oe ae La ee oe He aS Ss ee 0:a ion Se  ee :: oo a (ae tec a ee a ec :ae  ::ae ae Le gong ie Roe Boo oy Tey ee Ae Be As ae ee he a :Le ae By se SES As Oe ee a oe we ae Se Beer ty i ENE _ 2a 7 Sos SS Oe ae aS Ke) eee Ht Ness;Ee prod fe a as a   ee ee ree pee es oe cos Sa Se oe ae Ge Loe ae S a  2 es oe Ser [gees 4 eS ae a ae cS a ee oe oe ce a   ::;:: ve ONE A at 4 ee 0:a cue a ONG ee 26 oe Bes. Pee Sie pee ie ee ee oe 35 es  A fa ee ee ee ell i a oe Ls ee oe Re) ase Oe oy oe Eb ee ee oye ane pee oe :: :::3 oe ae ee eS Cae ee gy ss ay ze oe as Oe,ay eee oe ae :ue  es Exo,:ES 5 eo a ee ee a  oS oe os ae ee SEY;: 4 :::he a ee es ase ee Bees 1D:a  ais oe:ee GO ee ee oo Sco tn oe ae  sx tes ees lee os co a :a (eS oe   Was ie ed ae Bh ae ae ne Oe ee os ae nee ee ee co ane ey a es A se eee ee eee Ss :::2 os ae he a  Los soe pyle ee oe te es oe oe  : ie pan on 5 ee 1 2 a    :::ie feo 2) oO. ae ee es  Ad Bink 10  6 Bae S58 ::! ::7 :A ae os) Cale ae i bed Ss  oe eee ee es ae a ue aie 7 Seo oe oe me  ce ee  Be te Soe oF :ee 3c nS Ds yo at Bas an las ee ;ee eA oe Aes Ge ys Fees oe pee  nee  Oe as By a oe   eee a) ene 2  oe ee rs ae we ae 8 a :2 :  ee ae ek oe He gs ::, (a es cae fies id,GEN Se es as 68 So aS age os oe co or ole ae ee oe oe ole Vag eee eee 4 oe ke SN ae ee Ns) ae a a oS ee was vs nN va ek en ea us Ee fe oe ea eC Ee eee ee ee ae es Fe PEIN:oe a oe  ae ae ae 5 Ne 25, al a 20  :Sg ae cue a a we es ae ss ae EN gee 3. a aa SN:i,a ees  os Lo ER en Ss A as 7 2 any,cad oS oe oe ar fs Be () oe St x ie :ee oe ee Hee tS,Vi Bote eer AEN on oe aS Se oO eS He ay Ne ari Liste oe aa as gs ae ee  ZW iene EN CEN oe  ee oe ee es oe oe ee fel A Rie ee Bee aif ae aes be eae ADS ca ,Be oe coe oe ee Ren,ee isa sd (ages i reek AR Sa A ae es ge ml Loe ae oe oe ene ae Pas fe :ie es 1S AP eRe 2 8 ae ee ae ep OGTR eye ep eS oie mes i Ge ee ae le 8 he ae por wee oe ie eee eae sae ee aw fat i i ie a ees  Loe  oe Sees 3] ee (Gee od ie AS 2 Soe aa eee ok Be ee A es ae ihe:a if na ab Lo ee eS Oe Pst EO a oe ee iss i De ae ae ey ae ae aD a a oe I. Tp) ee Me ae ie aN Ze ::: he fy,Ae Mi Boe : :3  ep :ae tae oe Le SF  ae ee es ey ve Hae oH ant Ng oven  : :;tee cae :cee tan oo oe est ee [oe ee oe ee ley Se ie OS oO i  ::5 Bane ERS thy ret Ae iG mee ee  :::he SER ae  oe  oe oo a oe oe 3 mal bisa a:a oe ote ate Lune cae :i ae  ue ne ys i vy eae ve sh 3   i SG ea es a fy Be ay i wee :;QD ml iC Ss ae eh i Sie le a 2 ist a ee As ze 2 Ee oo alle CANS! ES ao oe EY on Be a  A Oe ee ::Ce oe cn ae Lo x a) an A ee Po  ae ee Cee  ee a 2 los ap Zi e :a les oa :a   a  :joe. ae oe ee Bo ae ox 2. oS oe ee So le co pra x ee bee 2  : ne'
2025-05-29 12:55:33 | INFO     | app.utils.extract_fields_util:extract_fields_from_text:107 - Trying (?i)Tax\s+Value:\s*\$?(\d[\d,.]*) on line: 'J Poe oe 2 ae oe pe Es is ee i ae oe ;a ae oF 5 oe cS ae oe ae ee ioe ee aioe Ae ie ::oe ce ae Se Die ce eed a ae oe Oe Sis ea  ae :ce oe yuu a ae oo a ee :Seg. oc ce oe oe cay:ee 2 3 ete  a 3 ee ;ey BS a ae NEES  ee aS i os ey  oe ee  ae as ee a ee ee oe 2 3s On ee 8 :oe Le 3. ee ee as Se a ee oS oe a a oS ::1 oo :Dee oe a 8 ee es ae  Se :::i 2! ee a oe  Pe ae oe eae ae ae a ee   a 8 a Ss ret eee  ae oe ake ::oe oe Le eae eee :ae oe BS Oe oe aS 3 2 Le oe i oe,ae é oe ey ee 8 oe :::oe Be eet oe Ds,a ! Doe ae us a aaa cs on eS Se oe Par HS ae :Ste ST:io 2 ae ::So ae a _ ::ee ie oe Be on ace Peter Soe fee ith Eh) aoe a a ::  a ee i) ae ae . ak ae oe ae ae eeu ee ode oe 2 Eee See ee ee aS 4 :a ae, oe ya eae es ee ae ee abe ee fee oo pe ee bs Paice es io] a a oe as 2 :: : ee a a :ec 8 :::  eae Ae oe ee  ae ee :::2 :pate ce a a ae ae    a ek   oe a ie a  oe ey Sar in oe gO cin ge 5 ae ee See eA OF 3 a ;:ity fy ee i re ee ra  a US Bs ic aS Bae ee ee oF oe a :: : ee ae ae we Ay,20;oe 20 Ae :TE Co Sot ee nee pas ao :a  i  So Se ee as  yey oe eet ces ee Ss 5 ce ee 8 oe ao oe : ::SS 2c ae Be ous os oat . Sa ae Big oe Se Bo :_ ec ee Of oe Or Pes 7 an een ae ae oe ee 8 a i ite oe ae Gan a ae Po:ae Bes oe 8 ee Se SOF eG ;oe  a 8 aS eo co  ey oe 3 Be 2 ae fe ae ee a ae  2  a os  a ee :a On eee ee eae ae tee aa oo ee GES mi:oe ets a a oe oe oe oe) ae so  Us wk:S a se :ce ae oe on es is Cos EG ee eee Ee ay oe a ee ee Re ss oe es eel oe oe je oe De 8 ase ee a ee ee BS ee mate Ps ie a OSs,Cc. : OK i oe cee ae or ep EG tees ee Sis AM wares a 5 oe ee me aS ane aes sae aoe be a ee :2  2   eS EN ae 2s ae aS :oS eS. oe   :  pee:OF ae ous 8 ee ::eae 5 os a as oe eS  on noe GON oe a ee  ::i aS ee oh es ie  Sa f S ns ls  ie Ke oe be a :me ene le Ske a :eo _ as a as a :se a 3 Pe ee ee a eee ee oo  " ee ae :a ae aes a ae pee Slave ae Sil es Cae ee 5 ce  Beals cs Le a  Bree a   eae  ee a ::2 :a poe me Abe oe ae nee ae oe ee 2s oe oe oe ee es ee : :Ss oe a 4  :2  i oe oo eee a ae ee 25 ae oo   . :::Sele ee oe :a SS Ae ee icy ae 8 eo os os ea ao aS ee Sie a oe oe oo a Be Po os . a NE oe oS ses eee sea a Se ey ae ae im Sue ee ee ee bo AS oo ae ee a ee ee aL Se a Boe ee : 2 ::a ee ae a aS as fe foe a ee oe ie co ay eee ae) ae oe ee oe ore Ze 8 ae im at oe ee (a Ma on ee bs oe eg ee ee Soe 2  :;::::See os ae ay hee ee es ve ae Ra) a s oe  oe : L  :for ae oe :os Se C26) ee oe a ee ie en Be oS ee a a As Bag 2 Sh ly,a ue oe Re as Bee oe :se ::ae 3 ae o Ee 5 ee i Ox Oe Wee tae ne Re ae Uy Biss alt iss es ee Sd _ 3 oe es se Os Co 4 ae cae ae  ie  a a oS oe oe oe oe EE ia Be its apes oe ek Oe ee Sak ANGE:ee  ee oo tae Le ae  it 4 eng ae ee oe oe eo BS  ote ay Bees oe oe ae ae ae Bee Se  oS oa oo OF ee mae fu oe ae La ee oe He aS Ss ee 0:a ion Se  ee :: oo a (ae tec a ee a ec :ae  ::ae ae Le gong ie Roe Boo oy Tey ee Ae Be As ae ee he a :Le ae By se SES As Oe ee a oe we ae Se Beer ty i ENE _ 2a 7 Sos SS Oe ae aS Ke) eee Ht Ness;Ee prod fe a as a   ee ee ree pee es oe cos Sa Se oe ae Ge Loe ae S a  2 es oe Ser [gees 4 eS ae a ae cS a ee oe oe ce a   ::;:: ve ONE A at 4 ee 0:a cue a ONG ee 26 oe Bes. Pee Sie pee ie ee ee oe 35 es  A fa ee ee ee ell i a oe Ls ee oe Re) ase Oe oy oe Eb ee ee oye ane pee oe :: :::3 oe ae ee eS Cae ee gy ss ay ze oe as Oe,ay eee oe ae :ue  es Exo,:ES 5 eo a ee ee a  oS oe os ae ee SEY;: 4 :::he a ee es ase ee Bees 1D:a  ais oe:ee GO ee ee oo Sco tn oe ae  sx tes ees lee os co a :a (eS oe   Was ie ed ae Bh ae ae ne Oe ee os ae nee ee ee co ane ey a es A se eee ee eee Ss :::2 os ae he a  Los soe pyle ee oe te es oe oe  : ie pan on 5 ee 1 2 a    :::ie feo 2) oO. ae ee es  Ad Bink 10  6 Bae S58 ::! ::7 :A ae os) Cale ae i bed Ss  oe eee ee es ae a ue aie 7 Seo oe oe me  ce ee  Be te Soe oF :ee 3c nS Ds yo at Bas an las ee ;ee eA oe Aes Ge ys Fees oe pee  nee  Oe as By a oe   eee a) ene 2  oe ee rs ae we ae 8 a :2 :  ee ae ek oe He gs ::, (a es cae fies id,GEN Se es as 68 So aS age os oe co or ole ae ee oe oe ole Vag eee eee 4 oe ke SN ae ee Ns) ae a a oS ee was vs nN va ek en ea us Ee fe oe ea eC Ee eee ee ee ae es Fe PEIN:oe a oe  ae ae ae 5 Ne 25, al a 20  :Sg ae cue a a we es ae ss ae EN gee 3. a aa SN:i,a ees  os Lo ER en Ss A as 7 2 any,cad oS oe oe ar fs Be () oe St x ie :ee oe ee Hee tS,Vi Bote eer AEN on oe aS Se oO eS He ay Ne ari Liste oe aa as gs ae ee  ZW iene EN CEN oe  ee oe ee es oe oe ee fel A Rie ee Bee aif ae aes be eae ADS ca ,Be oe coe oe ee Ren,ee isa sd (ages i reek AR Sa A ae es ge ml Loe ae oe oe ene ae Pas fe :ie es 1S AP eRe 2 8 ae ee ae ep OGTR eye ep eS oie mes i Ge ee ae le 8 he ae por wee oe ie eee eae sae ee aw fat i i ie a ees  Loe  oe Sees 3] ee (Gee od ie AS 2 Soe aa eee ok Be ee A es ae ihe:a if na ab Lo ee eS Oe Pst EO a oe ee iss i De ae ae ey ae ae aD a a oe I. Tp) ee Me ae ie aN Ze ::: he fy,Ae Mi Boe : :3  ep :ae tae oe Le SF  ae ee es ey ve Hae oH ant Ng oven  : :;tee cae :cee tan oo oe est ee [oe ee oe ee ley Se ie OS oO i  ::5 Bane ERS thy ret Ae iG mee ee  :::he SER ae  oe  oe oo a oe oe 3 mal bisa a:a oe ote ate Lune cae :i ae  ue ne ys i vy eae ve sh 3   i SG ea es a fy Be ay i wee :;QD ml iC Ss ae eh i Sie le a 2 ist a ee As ze 2 Ee oo alle CANS! ES ao oe EY on Be a  A Oe ee ::Ce oe cn ae Lo x a) an A ee Po  ae ee Cee  ee a 2 los ap Zi e :a les oa :a   a  :joe. ae oe ee Bo ae ox 2. oS oe ee So le co pra x ee bee 2  : ne'
2025-05-29 12:55:33 | INFO     | app.utils.extract_fields_util:extract_fields_from_text:107 - Trying (?i)-\s*Tax\s+Value:\s*\$?(\d[\d,.]*) on line: 'J Poe oe 2 ae oe pe Es is ee i ae oe ;a ae oF 5 oe cS ae oe ae ee ioe ee aioe Ae ie ::oe ce ae Se Die ce eed a ae oe Oe Sis ea  ae :ce oe yuu a ae oo a ee :Seg. oc ce oe oe cay:ee 2 3 ete  a 3 ee ;ey BS a ae NEES  ee aS i os ey  oe ee  ae as ee a ee ee oe 2 3s On ee 8 :oe Le 3. ee ee as Se a ee oS oe a a oS ::1 oo :Dee oe a 8 ee es ae  Se :::i 2! ee a oe  Pe ae oe eae ae ae a ee   a 8 a Ss ret eee  ae oe ake ::oe oe Le eae eee :ae oe BS Oe oe aS 3 2 Le oe i oe,ae é oe ey ee 8 oe :::oe Be eet oe Ds,a ! Doe ae us a aaa cs on eS Se oe Par HS ae :Ste ST:io 2 ae ::So ae a _ ::ee ie oe Be on ace Peter Soe fee ith Eh) aoe a a ::  a ee i) ae ae . ak ae oe ae ae eeu ee ode oe 2 Eee See ee ee aS 4 :a ae, oe ya eae es ee ae ee abe ee fee oo pe ee bs Paice es io] a a oe as 2 :: : ee a a :ec 8 :::  eae Ae oe ee  ae ee :::2 :pate ce a a ae ae    a ek   oe a ie a  oe ey Sar in oe gO cin ge 5 ae ee See eA OF 3 a ;:ity fy ee i re ee ra  a US Bs ic aS Bae ee ee oF oe a :: : ee ae ae we Ay,20;oe 20 Ae :TE Co Sot ee nee pas ao :a  i  So Se ee as  yey oe eet ces ee Ss 5 ce ee 8 oe ao oe : ::SS 2c ae Be ous os oat . Sa ae Big oe Se Bo :_ ec ee Of oe Or Pes 7 an een ae ae oe ee 8 a i ite oe ae Gan a ae Po:ae Bes oe 8 ee Se SOF eG ;oe  a 8 aS eo co  ey oe 3 Be 2 ae fe ae ee a ae  2  a os  a ee :a On eee ee eae ae tee aa oo ee GES mi:oe ets a a oe oe oe oe) ae so  Us wk:S a se :ce ae oe on es is Cos EG ee eee Ee ay oe a ee ee Re ss oe es eel oe oe je oe De 8 ase ee a ee ee BS ee mate Ps ie a OSs,Cc. : OK i oe cee ae or ep EG tees ee Sis AM wares a 5 oe ee me aS ane aes sae aoe be a ee :2  2   eS EN ae 2s ae aS :oS eS. oe   :  pee:OF ae ous 8 ee ::eae 5 os a as oe eS  on noe GON oe a ee  ::i aS ee oh es ie  Sa f S ns ls  ie Ke oe be a :me ene le Ske a :eo _ as a as a :se a 3 Pe ee ee a eee ee oo  " ee ae :a ae aes a ae pee Slave ae Sil es Cae ee 5 ce  Beals cs Le a  Bree a   eae  ee a ::2 :a poe me Abe oe ae nee ae oe ee 2s oe oe oe ee es ee : :Ss oe a 4  :2  i oe oo eee a ae ee 25 ae oo   . :::Sele ee oe :a SS Ae ee icy ae 8 eo os os ea ao aS ee Sie a oe oe oo a Be Po os . a NE oe oS ses eee sea a Se ey ae ae im Sue ee ee ee bo AS oo ae ee a ee ee aL Se a Boe ee : 2 ::a ee ae a aS as fe foe a ee oe ie co ay eee ae) ae oe ee oe ore Ze 8 ae im at oe ee (a Ma on ee bs oe eg ee ee Soe 2  :;::::See os ae ay hee ee es ve ae Ra) a s oe  oe : L  :for ae oe :os Se C26) ee oe a ee ie en Be oS ee a a As Bag 2 Sh ly,a ue oe Re as Bee oe :se ::ae 3 ae o Ee 5 ee i Ox Oe Wee tae ne Re ae Uy Biss alt iss es ee Sd _ 3 oe es se Os Co 4 ae cae ae  ie  a a oS oe oe oe oe EE ia Be its apes oe ek Oe ee Sak ANGE:ee  ee oo tae Le ae  it 4 eng ae ee oe oe eo BS  ote ay Bees oe oe ae ae ae Bee Se  oS oa oo OF ee mae fu oe ae La ee oe He aS Ss ee 0:a ion Se  ee :: oo a (ae tec a ee a ec :ae  ::ae ae Le gong ie Roe Boo oy Tey ee Ae Be As ae ee he a :Le ae By se SES As Oe ee a oe we ae Se Beer ty i ENE _ 2a 7 Sos SS Oe ae aS Ke) eee Ht Ness;Ee prod fe a as a   ee ee ree pee es oe cos Sa Se oe ae Ge Loe ae S a  2 es oe Ser [gees 4 eS ae a ae cS a ee oe oe ce a   ::;:: ve ONE A at 4 ee 0:a cue a ONG ee 26 oe Bes. Pee Sie pee ie ee ee oe 35 es  A fa ee ee ee ell i a oe Ls ee oe Re) ase Oe oy oe Eb ee ee oye ane pee oe :: :::3 oe ae ee eS Cae ee gy ss ay ze oe as Oe,ay eee oe ae :ue  es Exo,:ES 5 eo a ee ee a  oS oe os ae ee SEY;: 4 :::he a ee es ase ee Bees 1D:a  ais oe:ee GO ee ee oo Sco tn oe ae  sx tes ees lee os co a :a (eS oe   Was ie ed ae Bh ae ae ne Oe ee os ae nee ee ee co ane ey a es A se eee ee eee Ss :::2 os ae he a  Los soe pyle ee oe te es oe oe  : ie pan on 5 ee 1 2 a    :::ie feo 2) oO. ae ee es  Ad Bink 10  6 Bae S58 ::! ::7 :A ae os) Cale ae i bed Ss  oe eee ee es ae a ue aie 7 Seo oe oe me  ce ee  Be te Soe oF :ee 3c nS Ds yo at Bas an las ee ;ee eA oe Aes Ge ys Fees oe pee  nee  Oe as By a oe   eee a) ene 2  oe ee rs ae we ae 8 a :2 :  ee ae ek oe He gs ::, (a es cae fies id,GEN Se es as 68 So aS age os oe co or ole ae ee oe oe ole Vag eee eee 4 oe ke SN ae ee Ns) ae a a oS ee was vs nN va ek en ea us Ee fe oe ea eC Ee eee ee ee ae es Fe PEIN:oe a oe  ae ae ae 5 Ne 25, al a 20  :Sg ae cue a a we es ae ss ae EN gee 3. a aa SN:i,a ees  os Lo ER en Ss A as 7 2 any,cad oS oe oe ar fs Be () oe St x ie :ee oe ee Hee tS,Vi Bote eer AEN on oe aS Se oO eS He ay Ne ari Liste oe aa as gs ae ee  ZW iene EN CEN oe  ee oe ee es oe oe ee fel A Rie ee Bee aif ae aes be eae ADS ca ,Be oe coe oe ee Ren,ee isa sd (ages i reek AR Sa A ae es ge ml Loe ae oe oe ene ae Pas fe :ie es 1S AP eRe 2 8 ae ee ae ep OGTR eye ep eS oie mes i Ge ee ae le 8 he ae por wee oe ie eee eae sae ee aw fat i i ie a ees  Loe  oe Sees 3] ee (Gee od ie AS 2 Soe aa eee ok Be ee A es ae ihe:a if na ab Lo ee eS Oe Pst EO a oe ee iss i De ae ae ey ae ae aD a a oe I. Tp) ee Me ae ie aN Ze ::: he fy,Ae Mi Boe : :3  ep :ae tae oe Le SF  ae ee es ey ve Hae oH ant Ng oven  : :;tee cae :cee tan oo oe est ee [oe ee oe ee ley Se ie OS oO i  ::5 Bane ERS thy ret Ae iG mee ee  :::he SER ae  oe  oe oo a oe oe 3 mal bisa a:a oe ote ate Lune cae :i ae  ue ne ys i vy eae ve sh 3   i SG ea es a fy Be ay i wee :;QD ml iC Ss ae eh i Sie le a 2 ist a ee As ze 2 Ee oo alle CANS! ES ao oe EY on Be a  A Oe ee ::Ce oe cn ae Lo x a) an A ee Po  ae ee Cee  ee a 2 los ap Zi e :a les oa :a   a  :joe. ae oe ee Bo ae ox 2. oS oe ee So le co pra x ee bee 2  : ne'
2025-05-29 12:55:33 | INFO     | app.utils.extract_fields_util:extract_fields_from_text:107 - Trying (?i)Value:\s*\$?(\d[\d,.]*) on line: 'J Poe oe 2 ae oe pe Es is ee i ae oe ;a ae oF 5 oe cS ae oe ae ee ioe ee aioe Ae ie ::oe ce ae Se Die ce eed a ae oe Oe Sis ea  ae :ce oe yuu a ae oo a ee :Seg. oc ce oe oe cay:ee 2 3 ete  a 3 ee ;ey BS a ae NEES  ee aS i os ey  oe ee  ae as ee a ee ee oe 2 3s On ee 8 :oe Le 3. ee ee as Se a ee oS oe a a oS ::1 oo :Dee oe a 8 ee es ae  Se :::i 2! ee a oe  Pe ae oe eae ae ae a ee   a 8 a Ss ret eee  ae oe ake ::oe oe Le eae eee :ae oe BS Oe oe aS 3 2 Le oe i oe,ae é oe ey ee 8 oe :::oe Be eet oe Ds,a ! Doe ae us a aaa cs on eS Se oe Par HS ae :Ste ST:io 2 ae ::So ae a _ ::ee ie oe Be on ace Peter Soe fee ith Eh) aoe a a ::  a ee i) ae ae . ak ae oe ae ae eeu ee ode oe 2 Eee See ee ee aS 4 :a ae, oe ya eae es ee ae ee abe ee fee oo pe ee bs Paice es io] a a oe as 2 :: : ee a a :ec 8 :::  eae Ae oe ee  ae ee :::2 :pate ce a a ae ae    a ek   oe a ie a  oe ey Sar in oe gO cin ge 5 ae ee See eA OF 3 a ;:ity fy ee i re ee ra  a US Bs ic aS Bae ee ee oF oe a :: : ee ae ae we Ay,20;oe 20 Ae :TE Co Sot ee nee pas ao :a  i  So Se ee as  yey oe eet ces ee Ss 5 ce ee 8 oe ao oe : ::SS 2c ae Be ous os oat . Sa ae Big oe Se Bo :_ ec ee Of oe Or Pes 7 an een ae ae oe ee 8 a i ite oe ae Gan a ae Po:ae Bes oe 8 ee Se SOF eG ;oe  a 8 aS eo co  ey oe 3 Be 2 ae fe ae ee a ae  2  a os  a ee :a On eee ee eae ae tee aa oo ee GES mi:oe ets a a oe oe oe oe) ae so  Us wk:S a se :ce ae oe on es is Cos EG ee eee Ee ay oe a ee ee Re ss oe es eel oe oe je oe De 8 ase ee a ee ee BS ee mate Ps ie a OSs,Cc. : OK i oe cee ae or ep EG tees ee Sis AM wares a 5 oe ee me aS ane aes sae aoe be a ee :2  2   eS EN ae 2s ae aS :oS eS. oe   :  pee:OF ae ous 8 ee ::eae 5 os a as oe eS  on noe GON oe a ee  ::i aS ee oh es ie  Sa f S ns ls  ie Ke oe be a :me ene le Ske a :eo _ as a as a :se a 3 Pe ee ee a eee ee oo  " ee ae :a ae aes a ae pee Slave ae Sil es Cae ee 5 ce  Beals cs Le a  Bree a   eae  ee a ::2 :a poe me Abe oe ae nee ae oe ee 2s oe oe oe ee es ee : :Ss oe a 4  :2  i oe oo eee a ae ee 25 ae oo   . :::Sele ee oe :a SS Ae ee icy ae 8 eo os os ea ao aS ee Sie a oe oe oo a Be Po os . a NE oe oS ses eee sea a Se ey ae ae im Sue ee ee ee bo AS oo ae ee a ee ee aL Se a Boe ee : 2 ::a ee ae a aS as fe foe a ee oe ie co ay eee ae) ae oe ee oe ore Ze 8 ae im at oe ee (a Ma on ee bs oe eg ee ee Soe 2  :;::::See os ae ay hee ee es ve ae Ra) a s oe  oe : L  :for ae oe :os Se C26) ee oe a ee ie en Be oS ee a a As Bag 2 Sh ly,a ue oe Re as Bee oe :se ::ae 3 ae o Ee 5 ee i Ox Oe Wee tae ne Re ae Uy Biss alt iss es ee Sd _ 3 oe es se Os Co 4 ae cae ae  ie  a a oS oe oe oe oe EE ia Be its apes oe ek Oe ee Sak ANGE:ee  ee oo tae Le ae  it 4 eng ae ee oe oe eo BS  ote ay Bees oe oe ae ae ae Bee Se  oS oa oo OF ee mae fu oe ae La ee oe He aS Ss ee 0:a ion Se  ee :: oo a (ae tec a ee a ec :ae  ::ae ae Le gong ie Roe Boo oy Tey ee Ae Be As ae ee he a :Le ae By se SES As Oe ee a oe we ae Se Beer ty i ENE _ 2a 7 Sos SS Oe ae aS Ke) eee Ht Ness;Ee prod fe a as a   ee ee ree pee es oe cos Sa Se oe ae Ge Loe ae S a  2 es oe Ser [gees 4 eS ae a ae cS a ee oe oe ce a   ::;:: ve ONE A at 4 ee 0:a cue a ONG ee 26 oe Bes. Pee Sie pee ie ee ee oe 35 es  A fa ee ee ee ell i a oe Ls ee oe Re) ase Oe oy oe Eb ee ee oye ane pee oe :: :::3 oe ae ee eS Cae ee gy ss ay ze oe as Oe,ay eee oe ae :ue  es Exo,:ES 5 eo a ee ee a  oS oe os ae ee SEY;: 4 :::he a ee es ase ee Bees 1D:a  ais oe:ee GO ee ee oo Sco tn oe ae  sx tes ees lee os co a :a (eS oe   Was ie ed ae Bh ae ae ne Oe ee os ae nee ee ee co ane ey a es A se eee ee eee Ss :::2 os ae he a  Los soe pyle ee oe te es oe oe  : ie pan on 5 ee 1 2 a    :::ie feo 2) oO. ae ee es  Ad Bink 10  6 Bae S58 ::! ::7 :A ae os) Cale ae i bed Ss  oe eee ee es ae a ue aie 7 Seo oe oe me  ce ee  Be te Soe oF :ee 3c nS Ds yo at Bas an las ee ;ee eA oe Aes Ge ys Fees oe pee  nee  Oe as By a oe   eee a) ene 2  oe ee rs ae we ae 8 a :2 :  ee ae ek oe He gs ::, (a es cae fies id,GEN Se es as 68 So aS age os oe co or ole ae ee oe oe ole Vag eee eee 4 oe ke SN ae ee Ns) ae a a oS ee was vs nN va ek en ea us Ee fe oe ea eC Ee eee ee ee ae es Fe PEIN:oe a oe  ae ae ae 5 Ne 25, al a 20  :Sg ae cue a a we es ae ss ae EN gee 3. a aa SN:i,a ees  os Lo ER en Ss A as 7 2 any,cad oS oe oe ar fs Be () oe St x ie :ee oe ee Hee tS,Vi Bote eer AEN on oe aS Se oO eS He ay Ne ari Liste oe aa as gs ae ee  ZW iene EN CEN oe  ee oe ee es oe oe ee fel A Rie ee Bee aif ae aes be eae ADS ca ,Be oe coe oe ee Ren,ee isa sd (ages i reek AR Sa A ae es ge ml Loe ae oe oe ene ae Pas fe :ie es 1S AP eRe 2 8 ae ee ae ep OGTR eye ep eS oie mes i Ge ee ae le 8 he ae por wee oe ie eee eae sae ee aw fat i i ie a ees  Loe  oe Sees 3] ee (Gee od ie AS 2 Soe aa eee ok Be ee A es ae ihe:a if na ab Lo ee eS Oe Pst EO a oe ee iss i De ae ae ey ae ae aD a a oe I. Tp) ee Me ae ie aN Ze ::: he fy,Ae Mi Boe : :3  ep :ae tae oe Le SF  ae ee es ey ve Hae oH ant Ng oven  : :;tee cae :cee tan oo oe est ee [oe ee oe ee ley Se ie OS oO i  ::5 Bane ERS thy ret Ae iG mee ee  :::he SER ae  oe  oe oo a oe oe 3 mal bisa a:a oe ote ate Lune cae :i ae  ue ne ys i vy eae ve sh 3   i SG ea es a fy Be ay i wee :;QD ml iC Ss ae eh i Sie le a 2 ist a ee As ze 2 Ee oo alle CANS! ES ao oe EY on Be a  A Oe ee ::Ce oe cn ae Lo x a) an A ee Po  ae ee Cee  ee a 2 los ap Zi e :a les oa :a   a  :joe. ae oe ee Bo ae ox 2. oS oe ee So le co pra x ee bee 2  : ne'
2025-05-29 12:55:33 | INFO     | app.utils.extract_fields_util:extract_fields_from_text:144 - Extracted fields (final): {'mls_listing': 'Not Found', 'build_year': 'Not Found', 'land_use_code': 'Not Found', 'flood_risk_score': 'Not Found', 'zoning_record': 'Not Found', 'outdated_tax_delta': 'Not Found', 'infrastructure_opacity': 'Not Found', 'regional_data_variation': 'Not Found', 'climate_score': 'Not Found', 'property_address': 'Not Found', 'parcel_id': 'Not Found', 'tax_value': 'Not Found'}
2025-05-29 12:55:34 | INFO     | app.agents.nlu_extraction_agent:extract_fields:254 - Extracted 32 fields from document: extracted_text, text, Mls Listing, Build Year, Land Use Code, Flood Risk Score, Zoning Record, Outdated Tax Delta, Infrastructure Opacity, Regional Data Variation, Climate Score, Property Address, Parcel ID, Tax Value, document_type, name, date, amount, property_address, parcel_id, tax_value, mls_listing, build_year, bedrooms, bathrooms, land_use_code, flood_risk_score, zoning_record, outdated_tax_delta, infrastructure_opacity, regional_data_variation, climate_score
2025-05-29 12:55:34 | INFO     | app.agents.nlu_extraction_agent:extract_fields:258 - Successfully extracted 1 field values: {'document_type': 'Real Estate Document'}
2025-05-29 12:55:34 | INFO     | main:process_document:486 - Calculated risk score: 50 based on extracted fields
2025-05-29 12:55:36 | INFO     | app.agents.embedding_agent:generate_embedding:109 - Successfully generated embedding of dimension 1536
2025-05-29 12:55:36 | INFO     | app.agents.embedding_agent:process_document:140 - Successfully processed document and generated embedding
2025-05-29 12:55:36 | INFO     | app.agents.rag_agent:_get_connection:128 - Attempting to connect to database postgres as user postgres...
2025-05-29 12:55:36 | INFO     | app.agents.rag_agent:_get_connection:142 - Database connection successful with PG_* parameters
2025-05-29 12:55:36 | INFO     | app.agents.rag_agent:_get_connection:128 - Attempting to connect to database postgres as user postgres...
2025-05-29 12:55:36 | INFO     | app.agents.rag_agent:_get_connection:142 - Database connection successful with PG_* parameters
2025-05-29 12:55:36 | INFO     | app.agents.rag_agent:_get_connection:128 - Attempting to connect to database postgres as user postgres...
2025-05-29 12:55:36 | INFO     | app.agents.rag_agent:_get_connection:142 - Database connection successful with PG_* parameters
2025-05-29 12:55:36 | INFO     | app.agents.rag_agent:_get_connection:128 - Attempting to connect to database postgres as user postgres...
2025-05-29 12:55:36 | INFO     | app.agents.rag_agent:_get_connection:142 - Database connection successful with PG_* parameters
2025-05-29 12:55:36 | INFO     | app.agents.rag_agent:store_embedding:362 - Successfully stored embedding with ID: 352f1275-7909-4841-ae58-0bfe397dcd29
2025-05-29 12:55:36 | INFO     | app.agents.rag_agent:_get_connection:128 - Attempting to connect to database postgres as user postgres...
2025-05-29 12:55:36 | INFO     | app.agents.rag_agent:_get_connection:142 - Database connection successful with PG_* parameters
2025-05-29 12:55:36 | INFO     | app.agents.rag_agent:_get_connection:128 - Attempting to connect to database postgres as user postgres...
2025-05-29 12:55:36 | INFO     | app.agents.rag_agent:_get_connection:142 - Database connection successful with PG_* parameters
2025-05-29 12:55:36 | INFO     | app.agents.rag_agent:find_similar_documents:453 - Found 3 similar documents
2025-05-29 12:55:36 | INFO     | app.agents.rag_agent:process_document:564 - Successfully processed document through RAG pipeline
2025-05-29 12:55:36 | INFO     | main:process_document:548 - Successfully processed document: Seller-Report-5-Scanned.jpg
2025-05-29 14:47:34 | INFO     | app.utils.file_utils:create_upload_directory:11 - Ensured upload directory exists: ./uploads
2025-05-29 14:47:34 | INFO     | app.utils.document_validator:_load_config:50 - Loaded document patterns: ['CRS_Property_Report_*', 'Zoning_*', 'MLS_*', 'Property_Tax_*', 'Flood_Map_*', 'Title_Search_*', 'Appraisal_*']
2025-05-29 14:47:34 | ERROR    | app.utils.document_validator:_load_existing_checksums:93 - Error loading existing checksums: connection to server at "localhost" (::1), port 5432 failed: FATAL:  password authentication failed for user "postgres"

2025-05-29 14:47:34 | INFO     | app.agents.ocr_normalization_agent:__init__:62 - Found Tesseract at: C:\Program Files\Tesseract-OCR\tesseract.exe
2025-05-29 14:47:34 | INFO     | app.agents.ocr_normalization_agent:__init__:90 - OCR & Normalization Agent initialized with Tesseract OCR support
2025-05-29 14:47:34 | INFO     | app.agents.ocr_normalization_agent:__init__:62 - Found Tesseract at: C:\Program Files\Tesseract-OCR\tesseract.exe
2025-05-29 14:47:34 | INFO     | app.agents.ocr_normalization_agent:__init__:90 - OCR & Normalization Agent initialized with Tesseract OCR support
2025-05-29 14:47:34 | INFO     | app.agents.nlu_extraction_agent:__init__:30 - Loaded spaCy model: en_core_web_sm
2025-05-29 14:47:34 | INFO     | app.agents.embedding_agent:__init__:37 - Embedding Agent initialized successfully
2025-05-29 14:47:34 | INFO     | app.agents.rag_agent:_get_connection:128 - Attempting to connect to database postgres as user postgres...
2025-05-29 14:47:34 | INFO     | app.agents.rag_agent:_get_connection:142 - Database connection successful with PG_* parameters
2025-05-29 14:47:34 | INFO     | app.agents.rag_agent:__init__:67 - Vector extension already exists
2025-05-29 14:47:34 | INFO     | app.agents.rag_agent:__init__:100 - Successfully created or confirmed table public.real_estate_documents
2025-05-29 14:47:34 | INFO     | app.agents.rag_agent:__init__:110 - RAG Agent initialized with full vector search capabilities
2025-05-29 14:47:35 | INFO     | app.services.risk_scoring_service:_load_config:28 - Loaded risk scoring configuration for 17 fields
2025-05-29 14:47:35 | INFO     | app.services.field_validation_service:_load_config:25 - Loaded critical fields: ['parcel_id', 'tax_value', 'property_address', 'MLS_number']
2025-05-29 14:47:35 | INFO     | main:startup_event:951 - Starting PanoramaScore API
2025-05-29 14:47:35 | INFO     | main:startup_event:952 - Configuration: Upload folder=./uploads, Max file size=10MB
2025-05-29 14:47:35 | INFO     | main:startup_event:969 - Starting PanoramaScore API
2025-05-29 14:47:35 | INFO     | main:startup_event:970 - Configuration: Upload folder=./uploads, Max file size=10MB
2025-05-29 14:47:55 | WARNING  | app.agents.document_ingest_agent:ingest_document:82 - File does not match standard naming patterns: Seller-Report-1-Scanned.jpg
2025-05-29 14:47:55 | INFO     | app.agents.document_ingest_agent:ingest_document:110 - File saved: ./uploads\1eea7a0f-4d9d-4147-8af2-f09d82efa27f.jpg
2025-05-29 14:47:55 | WARNING  | app.utils.document_validator:validate_file_integrity:226 - File does not match standard naming patterns: Seller-Report-1-Scanned.jpg
2025-05-29 14:47:55 | INFO     | app.agents.document_ingest_agent:ingest_document:152 - Document type detected: scanned_image, needs OCR: True, rotation: 0°
2025-05-29 14:47:55 | INFO     | app.agents.ocr_normalization_agent:process_document:105 - Starting enhanced extraction process for ./uploads\1eea7a0f-4d9d-4147-8af2-f09d82efa27f.jpg
2025-05-29 14:48:21 | INFO     | app.utils.extract_fields_util:extract_full_document_text:260 - Extracted 7777 chars using enhanced_ocr
2025-05-29 14:48:21 | INFO     | app.agents.ocr_normalization_agent:process_document:119 - Processing document: scanned_image, OCR Needed: True
2025-05-29 14:48:21 | INFO     | app.agents.ocr_normalization_agent:process_document:130 - Extraction complete: 7584 chars
2025-05-29 14:48:21 | INFO     | app.agents.ocr_normalization_agent:process_document:131 - Method: enhanced_ocr, Confidence: 0.85
2025-05-29 14:48:21 | INFO     | app.agents.ocr_normalization_agent:process_document:151 - Successfully extracted text from 1eea7a0f-4d9d-4147-8af2-f09d82efa27f.jpg
2025-05-29 14:48:21 | INFO     | app.agents.metadata_hashing_agent:process_document:38 - Generated metadata for Seller-Report-1-Scanned.jpg
2025-05-29 14:48:21 | INFO     | app.agents.ocr_normalization_agent:process_document:105 - Starting enhanced extraction process for ./uploads\1eea7a0f-4d9d-4147-8af2-f09d82efa27f.jpg
2025-05-29 14:48:45 | INFO     | app.utils.extract_fields_util:extract_full_document_text:260 - Extracted 7777 chars using enhanced_ocr
2025-05-29 14:48:46 | INFO     | app.agents.ocr_normalization_agent:process_document:119 - Processing document: scanned_image, OCR Needed: True
2025-05-29 14:48:46 | INFO     | app.agents.ocr_normalization_agent:process_document:130 - Extraction complete: 7584 chars
2025-05-29 14:48:46 | INFO     | app.agents.ocr_normalization_agent:process_document:131 - Method: enhanced_ocr, Confidence: 0.85
2025-05-29 14:48:46 | INFO     | app.agents.ocr_normalization_agent:process_document:151 - Successfully extracted text from 1eea7a0f-4d9d-4147-8af2-f09d82efa27f.jpg
2025-05-29 14:48:46 | INFO     | app.utils.extract_fields_util:extract_fields_from_text:282 - Processing document text (7584 chars)
2025-05-29 14:48:46 | INFO     | app.agents.nlu_extraction_agent:__init__:30 - Loaded spaCy model: en_core_web_sm
2025-05-29 14:48:46 | ERROR    | app.utils.extract_fields_util:extract_fields_from_text:337 - Error extracting fields: asyncio.run() cannot be called from a running event loop
2025-05-29 14:48:46 | INFO     | app.agents.nlu_extraction_agent:extract_fields:254 - Extracted 20 fields from document: extracted_text, text, document_type, name, date, amount, property_address, parcel_id, tax_value, mls_listing, build_year, bedrooms, bathrooms, land_use_code, flood_risk_score, zoning_record, outdated_tax_delta, infrastructure_opacity, regional_data_variation, climate_score
2025-05-29 14:48:46 | INFO     | app.agents.nlu_extraction_agent:extract_fields:258 - Successfully extracted 1 field values: {'document_type': 'Real Estate Document'}
2025-05-29 14:48:46 | INFO     | main:process_document:486 - Calculated risk score: 50 based on extracted fields
2025-05-29 14:48:48 | INFO     | app.agents.embedding_agent:generate_embedding:109 - Successfully generated embedding of dimension 1536
2025-05-29 14:48:48 | INFO     | app.agents.embedding_agent:process_document:140 - Successfully processed document and generated embedding
2025-05-29 14:48:48 | INFO     | app.agents.rag_agent:_get_connection:128 - Attempting to connect to database postgres as user postgres...
2025-05-29 14:48:48 | INFO     | app.agents.rag_agent:_get_connection:142 - Database connection successful with PG_* parameters
2025-05-29 14:48:48 | INFO     | app.agents.rag_agent:_get_connection:128 - Attempting to connect to database postgres as user postgres...
2025-05-29 14:48:48 | INFO     | app.agents.rag_agent:_get_connection:142 - Database connection successful with PG_* parameters
2025-05-29 14:48:48 | INFO     | app.agents.rag_agent:_get_connection:128 - Attempting to connect to database postgres as user postgres...
2025-05-29 14:48:48 | INFO     | app.agents.rag_agent:_get_connection:142 - Database connection successful with PG_* parameters
2025-05-29 14:48:48 | INFO     | app.agents.rag_agent:_get_connection:128 - Attempting to connect to database postgres as user postgres...
2025-05-29 14:48:48 | INFO     | app.agents.rag_agent:_get_connection:142 - Database connection successful with PG_* parameters
2025-05-29 14:48:48 | INFO     | app.agents.rag_agent:store_embedding:345 - Successfully stored embedding with ID: cffb2d0a-5f6d-466e-98b8-5f9a87fe11cc
2025-05-29 14:48:48 | INFO     | app.agents.rag_agent:_get_connection:128 - Attempting to connect to database postgres as user postgres...
2025-05-29 14:48:48 | INFO     | app.agents.rag_agent:_get_connection:142 - Database connection successful with PG_* parameters
2025-05-29 14:48:48 | INFO     | app.agents.rag_agent:_get_connection:128 - Attempting to connect to database postgres as user postgres...
2025-05-29 14:48:48 | INFO     | app.agents.rag_agent:_get_connection:142 - Database connection successful with PG_* parameters
2025-05-29 14:48:48 | ERROR    | app.agents.rag_agent:find_similar_documents:441 - Error finding similar documents: column "mls_listing" does not exist
LINE 3:                            mls_listing, build_year, land_use...
                                   ^

2025-05-29 14:48:48 | INFO     | app.agents.rag_agent:process_document:547 - Successfully processed document through RAG pipeline
2025-05-29 14:48:48 | INFO     | main:process_document:548 - Successfully processed document: Seller-Report-1-Scanned.jpg
2025-05-29 14:48:48 | ERROR    | main:process_document:911 - Error processing document: local variable 'required_fields' referenced before assignment
2025-05-29 14:54:18 | INFO     | app.utils.file_utils:create_upload_directory:11 - Ensured upload directory exists: ./uploads
2025-05-29 14:54:18 | INFO     | app.utils.document_validator:_load_config:50 - Loaded document patterns: ['CRS_Property_Report_*', 'Zoning_*', 'MLS_*', 'Property_Tax_*', 'Flood_Map_*', 'Title_Search_*', 'Appraisal_*']
2025-05-29 14:54:18 | ERROR    | app.utils.document_validator:_load_existing_checksums:93 - Error loading existing checksums: connection to server at "localhost" (::1), port 5432 failed: FATAL:  password authentication failed for user "postgres"

2025-05-29 14:54:18 | INFO     | app.agents.ocr_normalization_agent:__init__:62 - Found Tesseract at: C:\Program Files\Tesseract-OCR\tesseract.exe
2025-05-29 14:54:18 | INFO     | app.agents.ocr_normalization_agent:__init__:90 - OCR & Normalization Agent initialized with Tesseract OCR support
2025-05-29 14:54:18 | INFO     | app.agents.ocr_normalization_agent:__init__:62 - Found Tesseract at: C:\Program Files\Tesseract-OCR\tesseract.exe
2025-05-29 14:54:18 | INFO     | app.agents.ocr_normalization_agent:__init__:90 - OCR & Normalization Agent initialized with Tesseract OCR support
2025-05-29 14:54:18 | INFO     | app.agents.nlu_extraction_agent:__init__:30 - Loaded spaCy model: en_core_web_sm
2025-05-29 14:54:18 | INFO     | app.agents.embedding_agent:__init__:37 - Embedding Agent initialized successfully
2025-05-29 14:54:18 | INFO     | app.agents.rag_agent:_get_connection:128 - Attempting to connect to database postgres as user postgres...
2025-05-29 14:54:18 | INFO     | app.agents.rag_agent:_get_connection:142 - Database connection successful with PG_* parameters
2025-05-29 14:54:18 | INFO     | app.agents.rag_agent:__init__:67 - Vector extension already exists
2025-05-29 14:54:18 | INFO     | app.agents.rag_agent:__init__:100 - Successfully created or confirmed table public.real_estate_documents
2025-05-29 14:54:18 | INFO     | app.agents.rag_agent:__init__:110 - RAG Agent initialized with full vector search capabilities
2025-05-29 14:54:19 | INFO     | app.services.risk_scoring_service:_load_config:28 - Loaded risk scoring configuration for 17 fields
2025-05-29 14:54:19 | INFO     | app.services.field_validation_service:_load_config:25 - Loaded critical fields: ['parcel_id', 'tax_value', 'property_address', 'MLS_number']
2025-05-29 14:54:19 | INFO     | main:startup_event:951 - Starting PanoramaScore API
2025-05-29 14:54:19 | INFO     | main:startup_event:952 - Configuration: Upload folder=./uploads, Max file size=10MB
2025-05-29 14:54:19 | INFO     | main:startup_event:969 - Starting PanoramaScore API
2025-05-29 14:54:19 | INFO     | main:startup_event:970 - Configuration: Upload folder=./uploads, Max file size=10MB
2025-05-29 14:54:41 | WARNING  | app.agents.document_ingest_agent:ingest_document:82 - File does not match standard naming patterns: Seller-Report-3-Scanned.jpg
2025-05-29 14:54:41 | INFO     | app.agents.document_ingest_agent:ingest_document:110 - File saved: ./uploads\a6fb69f4-816a-4e2d-a79d-c42bd7c7f265.jpg
2025-05-29 14:54:41 | WARNING  | app.utils.document_validator:validate_file_integrity:226 - File does not match standard naming patterns: Seller-Report-3-Scanned.jpg
2025-05-29 14:54:41 | INFO     | app.agents.document_ingest_agent:ingest_document:152 - Document type detected: scanned_image, needs OCR: True, rotation: 0°
2025-05-29 14:54:41 | INFO     | app.agents.ocr_normalization_agent:process_document:105 - Starting enhanced extraction process for ./uploads\a6fb69f4-816a-4e2d-a79d-c42bd7c7f265.jpg
2025-05-29 14:55:25 | INFO     | app.utils.extract_fields_util:extract_full_document_text:260 - Extracted 9140 chars using enhanced_ocr
2025-05-29 14:55:26 | INFO     | app.agents.ocr_normalization_agent:process_document:119 - Processing document: scanned_image, OCR Needed: True
2025-05-29 14:55:26 | INFO     | app.agents.ocr_normalization_agent:process_document:130 - Extraction complete: 8902 chars
2025-05-29 14:55:26 | INFO     | app.agents.ocr_normalization_agent:process_document:131 - Method: enhanced_ocr, Confidence: 0.85
2025-05-29 14:55:26 | INFO     | app.agents.ocr_normalization_agent:process_document:151 - Successfully extracted text from a6fb69f4-816a-4e2d-a79d-c42bd7c7f265.jpg
2025-05-29 14:55:26 | INFO     | app.agents.metadata_hashing_agent:process_document:38 - Generated metadata for Seller-Report-3-Scanned.jpg
2025-05-29 14:55:26 | INFO     | app.agents.ocr_normalization_agent:process_document:105 - Starting enhanced extraction process for ./uploads\a6fb69f4-816a-4e2d-a79d-c42bd7c7f265.jpg
2025-05-29 14:56:08 | INFO     | app.utils.extract_fields_util:extract_full_document_text:260 - Extracted 9140 chars using enhanced_ocr
2025-05-29 14:56:08 | INFO     | app.agents.ocr_normalization_agent:process_document:119 - Processing document: scanned_image, OCR Needed: True
2025-05-29 14:56:08 | INFO     | app.agents.ocr_normalization_agent:process_document:130 - Extraction complete: 8902 chars
2025-05-29 14:56:08 | INFO     | app.agents.ocr_normalization_agent:process_document:131 - Method: enhanced_ocr, Confidence: 0.85
2025-05-29 14:56:08 | INFO     | app.agents.ocr_normalization_agent:process_document:151 - Successfully extracted text from a6fb69f4-816a-4e2d-a79d-c42bd7c7f265.jpg
2025-05-29 14:56:08 | INFO     | app.utils.extract_fields_util:extract_fields_from_text:282 - Processing document text (8902 chars)
2025-05-29 14:56:09 | INFO     | app.agents.nlu_extraction_agent:__init__:30 - Loaded spaCy model: en_core_web_sm
2025-05-29 14:56:10 | INFO     | app.agents.nlu_extraction_agent:extract_fields_sync:244 - Extracted 7 fields from document: document_type, name, date, amount, tax_value, text, extracted_text
2025-05-29 14:56:10 | INFO     | app.agents.nlu_extraction_agent:extract_fields_sync:245 - Successfully extracted 5 field values: {'document_type': 'Real Estate Document', 'name': 'VAN ee Le', 'date': '2025-05-27', 'amount': '$2500.00', 'tax_value': '$2500.00'}
2025-05-29 14:56:11 | INFO     | app.agents.nlu_extraction_agent:extract_fields:319 - Extracted 21 fields from document: extracted_text, text, document_type, name, date, amount, tax_value, mls_listing, build_year, land_use_code, zoning_record, flood_risk_score, climate_score, infrastructure_opacity, outdated_tax_delta, regional_data_variation, enhanced_text, property_address, parcel_id, bedrooms, bathrooms
2025-05-29 14:56:11 | INFO     | app.agents.nlu_extraction_agent:extract_fields:323 - Successfully extracted 6 field values: {'document_type': 'Real Estate Document', 'name': 'VAN ee Le', 'date': '2025-05-27', 'amount': '$2500.00', 'tax_value': '$2500.00', 'enhanced_text': '\n===== EXTRACTED REAL ESTATE FIELDS =====\nMls Listing: Not Found\nBuild Year: Not Found\nLand Use Code: Not Found\nZoning Record: Not Found\nFlood Risk Score: Not Found\nClimate Score: Not Found\nInfrastructure Opacity: Not Found\nOutdated Tax Delta: Not Found\nRegional Data Variation: Not Found\n\n===== FULL DOCUMENT TEXT =====\na 0 z8 EEE  ZZ a  ae ee as a .  AZ AV EZ : : a pe es ce o oo a  Z oo - SS : oe ae os oe 8 : Zz oo : : SS UN , ad Ce Co a 2 _ SS Z Wig os LC 8 Ss ZA nN )  Le iS oe ne ae ee Oe :  . - sf - U  2 : VAN ee Le oo ee 2 YANG Nee oo  es 2      : - : oo oy ee es ep ee - .  :  , Z  vn ee ck eC Se  . - af a    )  Ve ors Ro cS a - ) :   AD A Nelo ae - a    Wis  sele eG 1D co a oo - - . : - _  : c i . SS 7 9 x  a or ON oo oo oo  . L C : S 2 : iN  : 1G OF 3  ae ye S ANY poecce BAS oy 2 . oo : - : : - 2 A é ai AN Gg a Oe oe oo oo  Soa S END SN O28 A oo   x 5 Souk  SE 2 eo ee a  2 : : co 2 S 1 ie N iS a SS o os ne Ce SANS se a : a . a  7 2 : Z SiON S Le AW.  ash Wie es Se a a a  Zz earn ENN IW SN eA as ee i a ee oe Cas SS ness Poo st Se (ey)  CZ ANG OES LO) Ls De eA ey os eV ee ws ee eS aAe eS Se a Bis ee io: ey EE A ow on ta A  cs a ec  ae sateen est hes SORTA Rie ie eas Se NS es ess Bae eas ee ee ON Qe Ped ee ZA ABO ZB ee ANY Ni VAS Ss At 2 te ie oF Ne ee Neen oo (s paves ee Sak soe Ole WS EEE a oo oe oo Va oo  oe  : aS 2 c a  es Se Of co _  A Wit Whee Ses os ane eee ETA Ey eres ets SRN MAT ee oe eR ae SSAC seh ears RAR o ae eee ERICy Pkek pages Sceias A en NS oe ahese eae oe : os oO oS 200 SELON Oe oe Ae i eae BZ cE ae Ne Pees pee REPS S 4 Nae Cie en oe me eee NTI a ate 5 Rae  eee  cartes RSA NS Gi Nae a Si BZ GEO Se. RSS . yas RG oe Do oy  oo se Co Te ne ; es Fie Peed NS SUN Rune As Soe AV ENS Roane ee See ee FESR Ne oe eee Loz FF 2 EN Le Net Sanit oe vo Ns o oo oo oe Ss ( 50 iO Se a Oe oe aN  oo Roses ee ZZ 4 0). oe Sere A Nee WaT e Se oss Haines Sele pager fay NE SoS Nae Piece eS Sees Rees  Sees See ee vee: SEAN SN ae SEA Coy See WA Seay SS Os  Co oo a coe SUR AO et Za   Ny ae Wea oe ee es ea Gotten  SF Se: ona: ea ee Ss ee Enos So iee Fe Oe)  TB oe an ee Ue aN Vase SRG: eae Pe a oe Ves Ea NG See a oe ee a) cone ee see ees SNE NENI VEE SE, oS aes or) 8 SO ae aoe VN ese coe RCE dina: ee oo ae eS ey Ser a Na Ne Seas Rete ine Bn SO aN es Span: S e  : S 2 fon ee WS NO a ae ae Ue a Oo 2 SRN pos Ss iounen TERENAS ESO Ss Dynes ioe ser eete ws Dee Aas Satie wera eer ONS Gb SE Be SGC ORE OLS us aes ? )_ AA oe a Sn oo ate SNS AES Sern ee ee one aes ON ee a News oe a Rie ANU RSe See Ge eh CaS Se S: Mee oS SA cs ae Was ae oe ae a ees SS aC to vo oe oe Ae sere ais ie) on a. Se NIECE Ce ae -  SS - - . i ee GRC ue ey Ne  Bane eee NS Re rae 2a et oe   : : _ _. ao eS Ses oa aes eee ee ere N ee ee eo A ne eer Soe ue oe WS SE_A eo : ee  A ae oe aN Wve se oe CO oO 2 ce of ae ae es SES Cee at V2 os eu See le CN ENGE _ 2 a  oS ey AEE AE NSS A ERR EN spate i a ss eS eI, aye ON NAS Bue cy anata uiie e Ls Ze. Saba ty nets See ee MWh Moora ees See  Zz oo oS Ve ee oo  ee Anos  Se oS   . ee ON Oe. SSS Wee Vee cae oe a Se s oo oe 7  s oS Be oe a pes ce Nee Bea, ieee Nes Oe Nae as eg, o - SS  oes ee eee Nei es KEEN OU ee Ae Noo GOs Za i  5 coOs oF ae oS a 2 a Saee ay Suk Se ee SS etestee SANS OREN ees Ve Se RONG Se oe oe : a  ae a oe ee EEN ee See oS SENSE ee es eee ee ae Se us oo Nee NG eZ Se Roe ee NaS eee: eye Bene ee NEN eel: 2 Goo 27, SUCI oo oe a S50 ave es oo oa Sere oot NS es Nee AEA AEN ane ee GS ic a  S 2 x ee Sy Rat ne ae SIS Woe AK ZN Seve PER SNA TS e een 4 aA teat Satie plait Nes ny eee ie Ss oe 33 oes - _ . 2 - - a  ue De SA ay - RU cent? ee Ok Ree i BES ENE ONG ECON SEE oO A Se _. : a  : oo Oy eS 3 EES meee OAS cl aeaSSee ANAS Ne eae nes Bey rahe Pe ae Se ee oN fo SS ; a _ 3 Z ne VS Se era: a PaeNG ee eS 3 ee ee Ves. ACEROEe eee oe OOS ae seseate : oe ee ae ee Ange io eee Beets ea SoG SAIN wet Seon A aie Seen AVS eee See Dee ee ee [a ee ee Le ce S  : - a. oe  ee RCNA tomas nse EY Soe Seo ae SS feces ea i s oe i ue Pee eee oe oe Seber os os 4 fae eat i  ua ee Hee Us seas ee eeonian BN a Cee ae a  . . : a ee mo ns ee  aoe mek geek Ver Cae mets shavers q pret epee Sirens CEES ox ees ee ee ee oo 8 i 7 : ee o es ose ee : mA ey Re ree Sr aed Hebe oe me ae ee Be eR ORES oe a  o : eS be Ne SN aes suena mee oe Seas ae a ee i _  : : oe ey es . See ee Sos ee  oe oo ie - Se a poets ee oe aeons oe So  : ee ms ; :  ee Oe as ee es Pee ee NG ee ae ee ee Se oe oS ee He DUO GW ee  oe eo se ee Vereen Ree   a ee os a a -   : : -  - S oe  NC. We oe is ee ee Sant, oe ieee ee fe a Cae Serene aa Aas ee Cea eCA eee Se ee oo. oS  ane AY Sa : Se Uses ee ee Ce act oe ee oe oe . a : ee Ne NS ae ee hte ees Baik reares Ee erat AER Ss Aeon ie SCR RNAI ES ICSE Sues Nossa a oo . : ] . : - a eee pene ae, ee, pe ee Ge eae oo . - _  .   ee a ee ES Soe ee PES eo . _. .  Pee ee me eee ss Bo. Cle oc es Wee oe . a - ss  ee a oe eee se - 7 2  ee je ee ee  a. . i:   Pee See re a Se  . C ; a os S ee ere eee - ee 8  a oo ke oe a oS 3 oS ce . 2 oe ee ; 8 PG a oe ee . oe eee  NOME See ee Reso ye ee ee ee SS  _ . cain Se Sars ee ge De eS oe oe ee De ee eae 2 oe ae Pee ee ee ne A960  : : - : _ - So - oo fe gare cs eee oe Ss Tae Age .  o a oe ee  es ee ae  - : - SS ee Ne ee ce ae a eR OG ae Seis aes eas omen eS Ses ewe) SSR etY ie es nese SoS EA ais IL Peon So. So 8 ay 302 sees Se Coe. eee (ORE oe ee ee ee a ee ce oe . 2 :  i oo ee es ae ee ES oe ae ae Fea  Se oe a a Dae ee Os Cease ee eat: es ee ee oa oe a  2 ee ee fo (OR oe oe a oe abe e SS ee So ee ae oe Zz oP : . ao ee Cee aie Oe ae oe ue cee ee ONE FE ANNAN eo 8 a oe ae aa oe ee  oo ee ee 2 3 2 a.  - ks Ras 45: eas fs a oe ee DOG Paha s 2) 2 Wonk eee ee. Sens oe oe oe ee [ eae oe ee ee ee ca Ee ee oo ee Seo pee a ee _ S oo Lo Se Hoe ee eS Ss ee oo . 2 : 5 Se a LU  oe 4 10 30 : eee oo me oo ae eee as yO z 2500 ot . .  .  oS oe ee Coase oe oo Be VICES AN Ow) 8 ee oun _ a oe a oS See VACHS fe es Oe oo aA 2 - Be iceI SAW eh Ue  eo Scans ee . BE ca ( Le Oz: oe oe OU NESS ASOI ee ae oS . . : - - EBB ON a4 eee a . eS 3 een Ns sens as i oe CD eee au ec as ER NN Be Bi ie ey Le See press e eee g Sea Wee 8 _. B: Bo Pe oe a oe oe  on cal Se De oe BB a eee Nemec te Ge oe oe EN Ons SEO ee Lo as Wee pene : oS . Ze  GAO Ke) We NUE? oe Se Ge Hasacee ee Sues pee ea?  . _ : A ks Ma ieee. ee No Sie ss OOS CW ee oe aces Oe Se avA Ea oe oe Bas ast aint URC ope Coa SS ae Ces (SP. Sos See BES Ss GY: ee - _ - . - :  0 Ses yates oo ee Ce oe ee secre os ene Ce oe oo Ce TT Ne Sree) SS a ee u cae ae es  aS oe NCO ee Cees oe  ae Re oe es is AY Se ee foes, Lee ee eee oo : core - : : EE ee ce eons e DUE ee a oe oo. LAA See, oN eae Vis ee Ne oes eee OO AIST We ONCE at ee oe oo A - _   oO . : _  er ee ae oe PR as  Sse oe oe Cee oe AAV abe ON Ed Dashes cea ee ee een eee EAS 2 Ca FENat oe - _ GT ee CWE a Sic ee ce mee oe iEON seer Sie ee IX eee E ee -   - EEE oe Gy eee None ee Ce Neale ee i . . o : EE 2 5 AUG Vy s3) se Chee 2 ce ee ae ae ee Cones es See De ee a a oO o a ee 8 oe ty ee oo oe Za Pres gNee e Se ee ea ent  : a - . . _ _  a oe oe ee Sa. Boo ss ee oe CO PS Bias Rea oe ee ue ZS : ae co ee ee Le Co Ey, a 8 oh Pe ee ee: 3 BEE eae oe Shoes a coe eee ee ae ae ee ae BON a oe LABS oor SOW ee Es se Te veeuee ee ee ke a oo oo EZ A 1 ee Tone, ead: a ee ee Ne coe ee Se ae y  oe s _ : : SNCS Ley ae Cie ae oe ee a - ye oo s ; 8 oo a arias  ee a , 2 : : : : oS _ - : - aces  . ae ees ee Se out. : : - _ : BA" CL iN Oe a ee oe a8 Cols Oe oe . ee oo OM oe co . eRe Gs Zz 8I ae COM se ne oo. ee . stilts a aa oe 8 LLL  pe SY, oe vo os Co eee oe  oe ie. a S a  : e : oO  : . es ane ee soe S  - o a .  a a . on 7 a eee ee Se oe oe a : So : . - , a SS y eo oe a ce Foe oe uae a : . - : Ss Z : ie ae oN BS oe   Z o - : ; a  - eres ee gs ee  a oe  : - - _ : : - . : EE : . a a 7 eo. ee . _ - : Z a oe : ee os ones oe  _ : . - ZZ  . 7: : - : : i c ieee ee 8 a B o  2 7 . : . :  : ZZ . a a a one ee FON See eae . oo a  Zz   .  ca ee : . 2     oo .  oT oe  A ee eas ee ca Ne see in) 3 as Eom oo  See ee eae Ne ES moe oe aa A A ope Vane ae cy Cole SN ee ae eee oe a ce  Fa ea AA Be ee el RON Ve Ore. ce eee oe es eae HE ne noe eee Be Se So WAN AY 8 oe oe Ne et ee ee ee ao oo ee ee Gs a AWAY  Sey oo ee, ico. oe ee 2 se ee ANON   : oo ee oo a Ae ce oe Roe em ach WAY)  ee eS AONOiese a) ENOL SS Oto Gus es eo ee poe See a es sere eo as ee WAY AW AW Wess NS reNie Ceee i 3, OCS: Ene Wes oe a es ge CAMA ANA VAY ada ANN ee ee oe oe oS 558 (LG: tN es WA AWW i en ack ace N (Kos NO CO) Po oe Ss oF oe oo Ss eee AK Wi AWN ASS Sat SOURE al: S ONS ane le ne ee ee ne Fe Ss BE ai eee WY AA AWN Bae Os KMS seme ON Gal None ae a Ae AAA AWAY au nm,  Pee OC ee NOU Mee . oo es oe oe an WA Wi WW a Ree aN CAO) EAN Oe Oras van mora e: Ee ay a oe oa GEE Om a ee i   A AWAY KW MBAa ee Kees Doe ce Ole EON Ov; Se ees ee ms ee oe Bee me Se  A AANA ANG -_ Os e Woe hens ie AAO EAE ses Ss aa ee ue ee Se ORs ga oe    AK [77 ee Cis: Gees ENA is conn AES es oS ge :  mm co Os 6 sol REMUS Ct anes _ Ls ee  :  i ee eos SOM a8 a Eas oY ee ee oe as, ee   Z oR OL NPS NOEs ae OC eee oo Seg coee ee ees   oo Cae os  . : at Cee Pe RIO NO oe ie Ce ; cee oe es ao oo . . EEN Be aN eee ee Ge ee ee coe Gee Dee ee wes Ole ee i RLS . Co Hoe ae  es S. es  oo -  . ZEEZ_ SS a'}
2025-05-29 14:56:11 | INFO     | main:process_document:486 - Calculated risk score: 30 based on extracted fields
2025-05-29 14:56:13 | INFO     | app.agents.embedding_agent:generate_embedding:109 - Successfully generated embedding of dimension 1536
2025-05-29 14:56:13 | INFO     | app.agents.embedding_agent:process_document:140 - Successfully processed document and generated embedding
2025-05-29 14:56:13 | INFO     | app.agents.rag_agent:_get_connection:128 - Attempting to connect to database postgres as user postgres...
2025-05-29 14:56:13 | INFO     | app.agents.rag_agent:_get_connection:142 - Database connection successful with PG_* parameters
2025-05-29 14:56:13 | INFO     | app.agents.rag_agent:_get_connection:128 - Attempting to connect to database postgres as user postgres...
2025-05-29 14:56:13 | INFO     | app.agents.rag_agent:_get_connection:142 - Database connection successful with PG_* parameters
2025-05-29 14:56:13 | INFO     | app.agents.rag_agent:_get_connection:128 - Attempting to connect to database postgres as user postgres...
2025-05-29 14:56:13 | INFO     | app.agents.rag_agent:_get_connection:142 - Database connection successful with PG_* parameters
2025-05-29 14:56:13 | INFO     | app.agents.rag_agent:_get_connection:128 - Attempting to connect to database postgres as user postgres...
2025-05-29 14:56:13 | INFO     | app.agents.rag_agent:_get_connection:142 - Database connection successful with PG_* parameters
2025-05-29 14:56:13 | INFO     | app.agents.rag_agent:store_embedding:345 - Successfully stored embedding with ID: 0d291ae4-8d18-4b61-b58e-d218fa6b3967
2025-05-29 14:56:13 | INFO     | app.agents.rag_agent:_get_connection:128 - Attempting to connect to database postgres as user postgres...
2025-05-29 14:56:13 | INFO     | app.agents.rag_agent:_get_connection:142 - Database connection successful with PG_* parameters
2025-05-29 14:56:13 | INFO     | app.agents.rag_agent:_get_connection:128 - Attempting to connect to database postgres as user postgres...
2025-05-29 14:56:13 | INFO     | app.agents.rag_agent:_get_connection:142 - Database connection successful with PG_* parameters
2025-05-29 14:56:13 | INFO     | app.agents.rag_agent:find_similar_documents:443 - Found 2 similar documents
2025-05-29 14:56:13 | INFO     | app.agents.rag_agent:process_document:554 - Successfully processed document through RAG pipeline
2025-05-29 14:56:13 | INFO     | main:process_document:548 - Successfully processed document: Seller-Report-3-Scanned.jpg
2025-05-29 15:01:03 | WARNING  | app.agents.document_ingest_agent:ingest_document:82 - File does not match standard naming patterns: Listing-1-Scanned.jpg
2025-05-29 15:01:03 | INFO     | app.agents.document_ingest_agent:ingest_document:110 - File saved: ./uploads\6d612a53-14ce-4841-bca3-8a7ee5d8e3c7.jpg
2025-05-29 15:01:03 | WARNING  | app.utils.document_validator:validate_file_integrity:226 - File does not match standard naming patterns: Listing-1-Scanned.jpg
2025-05-29 15:01:03 | INFO     | app.agents.document_ingest_agent:ingest_document:152 - Document type detected: scanned_image, needs OCR: True, rotation: 0°
2025-05-29 15:01:03 | INFO     | app.agents.ocr_normalization_agent:process_document:105 - Starting enhanced extraction process for ./uploads\6d612a53-14ce-4841-bca3-8a7ee5d8e3c7.jpg
2025-05-29 15:01:39 | INFO     | app.utils.extract_fields_util:extract_full_document_text:260 - Extracted 16685 chars using enhanced_ocr
2025-05-29 15:01:39 | INFO     | app.agents.ocr_normalization_agent:process_document:119 - Processing document: scanned_image, OCR Needed: True
2025-05-29 15:01:39 | INFO     | app.agents.ocr_normalization_agent:process_document:130 - Extraction complete: 16193 chars
2025-05-29 15:01:39 | INFO     | app.agents.ocr_normalization_agent:process_document:131 - Method: enhanced_ocr, Confidence: 0.85
2025-05-29 15:01:39 | INFO     | app.agents.ocr_normalization_agent:process_document:151 - Successfully extracted text from 6d612a53-14ce-4841-bca3-8a7ee5d8e3c7.jpg
2025-05-29 15:01:39 | INFO     | app.agents.metadata_hashing_agent:process_document:38 - Generated metadata for Listing-1-Scanned.jpg
2025-05-29 15:01:39 | INFO     | app.agents.ocr_normalization_agent:process_document:105 - Starting enhanced extraction process for ./uploads\6d612a53-14ce-4841-bca3-8a7ee5d8e3c7.jpg
2025-05-29 15:02:26 | INFO     | app.utils.extract_fields_util:extract_full_document_text:260 - Extracted 16685 chars using enhanced_ocr
2025-05-29 15:02:26 | INFO     | app.agents.ocr_normalization_agent:process_document:119 - Processing document: scanned_image, OCR Needed: True
2025-05-29 15:02:26 | INFO     | app.agents.ocr_normalization_agent:process_document:130 - Extraction complete: 16193 chars
2025-05-29 15:02:26 | INFO     | app.agents.ocr_normalization_agent:process_document:131 - Method: enhanced_ocr, Confidence: 0.85
2025-05-29 15:02:26 | INFO     | app.agents.ocr_normalization_agent:process_document:151 - Successfully extracted text from 6d612a53-14ce-4841-bca3-8a7ee5d8e3c7.jpg
2025-05-29 15:02:26 | INFO     | app.utils.extract_fields_util:extract_fields_from_text:282 - Processing document text (16193 chars)
2025-05-29 15:02:26 | INFO     | app.agents.nlu_extraction_agent:__init__:30 - Loaded spaCy model: en_core_web_sm
2025-05-29 15:02:30 | INFO     | app.agents.nlu_extraction_agent:extract_fields_sync:244 - Extracted 8 fields from document: document_type, name, date, amount, parcel_id, tax_value, text, extracted_text
2025-05-29 15:02:30 | INFO     | app.agents.nlu_extraction_agent:extract_fields_sync:245 - Successfully extracted 6 field values: {'document_type': 'Property Listing', 'name': 'Ais', 'date': '1979-05-29', 'amount': '$51000.00', 'parcel_id': 'ib', 'tax_value': '$51000.00'}
2025-05-29 15:02:31 | INFO     | app.agents.nlu_extraction_agent:extract_fields:319 - Extracted 21 fields from document: extracted_text, text, document_type, name, date, amount, parcel_id, tax_value, mls_listing, build_year, land_use_code, zoning_record, flood_risk_score, climate_score, infrastructure_opacity, outdated_tax_delta, regional_data_variation, enhanced_text, property_address, bedrooms, bathrooms
2025-05-29 15:02:31 | INFO     | app.agents.nlu_extraction_agent:extract_fields:323 - Successfully extracted 7 field values: {'document_type': 'Property Listing', 'name': 'Ais', 'date': '1979-05-29', 'amount': '$51000.00', 'parcel_id': 'ib', 'tax_value': '$51000.00', 'enhanced_text': '\n===== EXTRACTED REAL ESTATE FIELDS =====\nMls Listing: Not Found\nBuild Year: Not Found\nLand Use Code: Not Found\nZoning Record: Not Found\nFlood Risk Score: Not Found\nClimate Score: Not Found\nInfrastructure Opacity: Not Found\nOutdated Tax Delta: Not Found\nRegional Data Variation: Not Found\n\n===== FULL DOCUMENT TEXT =====\n. ee eee ee oo - a oe PSS CEES oe Le ee : oo oe oe seams of See pe Sot oe a : af : ieee In 2 ie . 6 ee : ee . -  a oe Oe ae ae oe LIES era ee oe Hay eee so . 2  ms : oo ete EA O. :  coe  ier Soe one ea een Ee oe ae A are. ee ee lg y SG nel oe - ee ee oe ce ee oe ee i ems ore REQY  RE oe i 8 ose - MS oe tae oe OS a oes oe ee QU _ Ais es ene  ee ae oe Gen TRED: oe ea ee on oo ae . a ae 2 DEE oo eae eee i  7 . .  ed oe Snnciee:   ae ole eo ae _ sat oo ou ea  a a ee ee: oe See ee ee .  ubmitte f ee . 7 .  Ss eee ental . eee ae Bee ee ale: brits yee a Cee Ue See eens . ae, oe 2 ee ws wwe eo Oale. R A eee oe Co 4 ee oo a ee ee i] 2 DaigE ecelver aU ee nea  oo oe ae ee ioe oe Sta  es CS PSs . ate Ent alved  ee ae ee oe _ oS tatus? ee 4 ae : oo pretest Entered: Cun Ss  Vee oe ; I a ee HL. Siri erec tee EAS: ae: Sie Se ee Recs 2] Acth dental oS an as ao eo oe ies Pe aoe Se si Reed Ea ing ut Wer r Ee eS pout acm eee ae ae ey as ors sepa ae  EAE  Rees oe  TRESS _ Seo ee  Ss senate Ed Exolre ee : See pit oo Elstin ate ae yea pee Pees S10 aor oo oe cae ee ee ees : pl oes EE ypess: Se isting Date ea Been ee od ant ed ee o . So UtI ee eer CNTI ed Pe ees stratlo eee Seats oe  Ke Te IRE ee  Ge ae rae ee PED aie Nae essaser ore Pach i Paris SRE t pas Jes Soy Pape Aceh  CERT? ei ee ixI ie   So Le   oe oe NTGIKO ee ee . SEE ratlol See ee See ai es axiDi eo ey a ee pee ie ee a oo 7 ont eo ee lRanted: ol Sele i aS LES ny Data: eee  poeaat DEER: ol ae BP Qee a ee ne Listin Pr co ey nte he ICT  eee  Sonus eee Sey Se bos Hous suena ed SLES os oo :  Listing Tt Se ea a es NGINO K Se Se Ieee Soe iS   TENA ey  eas z ee es ee ge one Ac bye Li SHER aad Sold OKI ind: NOs See eae nce Ee ce ae Unit: on  eee ARAN: CE oe ee 4 eae oa Poets ne) : aie ee OF Reni oe hae Cai SCENE TITS icaees ae ae nite PES See NEAR SOREN oe ee :   Es E anioKoI TH es Cando: ces cone Re SRI ee Pie) face pera sons DEES. SS oo  Baser Po  Exc Ds OO  ee aUApp: i  dete Os oe SS ey re seme Dene ee Sec oe - oe beet SOM ee cltAe itis ee eens   sft pi Re Bg Reata; Sue payers ue reat: Cae Ae CRN Dee Sees 8 . oe Ee onuse od nia? TAG Bd 7 rats a3 Soa: "Tr nial ee RENEE ee treat Name ham oat  sonar PUR aie oe ee aes oo ES ee es Ex IAgonc r ee ee Be aaa iD ee Coop: er subt oa  7 - o re Bees 1YoOs Hil goncy. ate oe _ mp 0 ee parton: eee Vee S divigio aml FN SERIE a  oo ag oe See os Farr Righ vo Alot ee ae feI a1Cory Nee Ste ae: ions ies Saeers eee  ee oe -  : : et G c a eee Bead bed presoe trmets: ues 2 fog ee LORE a eee me peat ase COS ee ee oe es No x eee [i ans ete Mla et Ea Teliwiihd: Clee 288) Nine Pam ae se   os :  7   : :  a : See Sh Wilhe act ZSlN, ee SA Sos Sess Ries See . oo oo Brahe taAl es ne RINGS) . RS ees niratI eS ee a 8 . : : . oo wone ee eee S Noses : ee eee ne See i os s So : o oo a a able EES a2 Ne: Naw: ee es i ee Ses Stool Ss  eee Ae ay oe . ee Tee Ay RES  eee Av. Con es eae oe  a a :  o vous Se wa pee a New Cone Astl oe a ic : me s  e oe . Se Wee if aS a _ nee suctlon: Ag eo Ce Stroat Ray  Sets Co ee Le fee _ ul ee NO. Fee el ee eee Tee gon Al ee es bac roots oe ROR ee es  ae  S i] is oa at es  ee tae eee pees sate fu ae Oe eee ee aS ST oe spe Les) Vi oe set  SUOL LEMON SO eons ae  a  .  es  rhe oe Ed tors Vacatle  OUT VES oy ae RELIES, A oe ee Porat ee ae ae eS ae ea oe  On? ier tlon  ee Stor ED spose aoe SVG cers PEE oe oe Ce ae : eae See OF  Seas Ss a oe TS See Rovers nae Semis oa oo SAAS oie WGI Senger DUNES: Ee Ue aaa ae _ CMAN Busing  ee eae eee Cou Dirac eae AC Lay REA RON ee) es ee : : :  2 2  ee See eee Yost ood [Wile Dirac  BESS IS Tea : ee  oo iy oe aes ERY Me BRS  es aes oa ee se Ree oes ue Woe sehen al ed Sue Wii a  Beard SSENe : aS ocak ee  a Vee oe Eee aS SK rw UES a es ee Se Tee ete PORES ay No cn valor. eee erie SRN RES: oo oS oe Se na ee ey ai wane le 2 ae oe  fg cco. ar] foe Oriol SRS. aS ees oe oo Foy AHIC- Bic  ee rans ae ee  ge ented: ee Si Sie   Le Pe ee el oo. abe SIBie of oo ee Bes ee Le ee : ee get We   :  o : oo ee 4 nies airs OL Elva ee cr oe  Se ue al is 5 - . : . oe ee Pee Ati Sains Fixe  Elevators ee See a oer see ake ce :  - : : : :   . - -. RO ee eee rL Ggee eee een Tee Seep  [2 i z 20838 a eS  e - Meese roe Se ee a a  ere giiewe: ee ea bhi a oo ee e : : 2 . 7 :  oS . Bee cS a te ne oe: iDown  Duz fot-Fir a a Ue ge:Rrlc ee oe ce es oe ee fo oe  peat oe " me Dual Er -Firepla Ce i ee . . : . eS ae es ee oo : Builte oS od Pa Bia ntry. Ge cea ee Ns ee es es ee ee mere ae ere hoa Ves eelbee oe a oo rape ain: ces Pees noel  Son Bat we ee - a en ae ee LOIS ae ey  mec Ba oe Beas  puator co Nees ae  Be Peadese 8 2  ea - - oe Oooe See a po oo 21Ge jae Cte OK: a AES Saar (ge ae CVs: oe os a ioe es ae 2s boas ee SNE oa pee ar Sake oo STENI valor Se: Te wo . oe en ZA one : . :  : ce  Fan B oo EG a ea oo Se oe ao eee oe eUGl  os al UY. ee ae G fat Flocras 4a ee oo. 7 - _  - Os DLs ee  Gg Cola . ale Se te) baa) Ee ee ed Te bel mare ores eee ee ee ed a a a Ee ee  pore Coun cae ae asI ae replace ask ees OD oo re ite: Gour Pea eae ee ris oe Se - i oe an TAR Ooe nl oe Nile fea Ginke 0; moe IA eae a purian elt oe eee ASS  ee ee -  ira Co Soa (a a A Vials] pois ass" sgiaNae et Heme: a nara Dtengd ees on RS AWS a ee? RE Soe anaes Al ns any: beer ee Elf 209 46a Siete cate indoor Pc ran ee z a e  of oo aoe he ppllare ee ey Dane BR ae any ee BOs [Bt sSney eS tiles Ore ee era fie fe Poors by ee ey - See. al oo ae oo eben mea is Tape RRS a ae (El Latches Mi sabtalo 3 ao (Guar yels 2 ees fi a eS - :  af a0 N eatlaion an bindry ( i 2 Quart:  ml Pee pe cee ee fs (ayi y i oe oe oe ye ln Centr Curt ee co me e aie Ca i Fouan Foe o : oo s Se oe Central: Va aln: 2 tees oe Wes  Cart , Chut ee ys arter Baths: ae e ay Co 2Co ae oan no a Eee n oe co  rata 5  ee bs  8 Pee Down oe  EG Tek: 0. Patent: pe eS ma ae oe alec: ea Be ns a  oo Poe 8 oe 51000 eens OV eee aS SHELF iat Sito ee De a Bale aes Op: oon Wey BIS Sao Lk: BAA in 2  oo ee 8 Bo oldor rs wid coe Orver um eee See oe oy nf seg, araig: Te silos ee seeders nCle TOES oo Bes os ae 6 Bbee Do irafl ea Drye Tee lure ares Be nite MBa:s . parats Shi e Bes  Sica lh Ee s : ie oe oe os ee le ishansl oe lom fel z Seo Eat eae Opera rode Se BS miecoinde OF WaaharDry BuByE on oe  Pa Ores  aed te, pares Mas  ey ey Ex  ae erry es oe ha es apm ib Tube: fee bye ms peace ae ear eee oo . Ses xe48) eli he oe i Exhaust. ie ey ie ees x MBa-Full. oor ee S meteors, " nds  iy Cees erI Oe we oo : : : 3 2 J - a 2 oraee F; eS ee SE un iz bite ee SIs moment ley mate es ad tts Teng oes Hoo ee Cee Cite :  RS ETIe: Sis Sa oe i Bienes SE lee eS MB Sains ees I cee Pa Wat Sore ing 0 Bo eee : _ i ee 1YVes oe pong oe fa Reith Ve Ieeiriak ek eet tall Sora Ge i rene np Pump. oe as At  Stove insert. ee oe Bee ae ae OS pene aoe Basser lente: Yeses  oo fe Pek an (a barat  e sets 4 see peure eae ud. cote ZUM Ol at : ee 8. .in Sone ee ee ae a ae oo. See one eee atk renee E 2S. al fag ee :  - co - Tipe alee EnShioe eo ee a ee oe Paice: eae ease eed ee ofeles Coes rit ay - cifie Ce e ante cueeneacg Hs  ed Ealp sont fe sl ee ree 2 oe ae oe  a . a Be in fetEn ars tee (ele eaWe ee I Mice AM Oven- Peels  epee  oe :  . - :  : : f :  i wave) lee Os oe lilwn oakin So fo a  Kite oes eq or hee Ene?  Rae  all a eo 5B Oven Sc uble: SW Cas in  7  Fe Ite h Sys rid. Tee 1 naz sya ar: ay elles,  EOI eee We. oe Siete eee fy oe : :  as ag Ell 7 pote Exe Other oe ie Wen-SCC eee Ca oe ee a ee oe 2] 2nd Kitche LEully ee raricI  Exit seeesel [2 oo a oo bs eS ue ae od ee Bree bert nes , FINIE ee a Bee eel ne oe Rang ce  - :  i ie ee a cB Eos Con og BIO a RangelHe oo a . Exterior: zB Bice Pe ade ep lnipra: ee Ter Gmnec oe all oe i Het Hons oo oe oo exterior ies eerie camel [EM Eo [nipravec ool) sone ct Star zi Slovan ee Ea  etrgera od ne . Co ero mais Ssutoas mobs Efficien ES Olier Tela be  Fron en ee E10 seco ge: Ey) ene HEWige oes ae, oo oe ce pee hoe wf sacar ee ee Efficien i pEsedapes 733] S ont Ents arene Ver wai e-El Bees saan rat Lo eae oo SS  ee ci Ae eta nee Big fictency, Kit ines oe Partt :Enty. ae leey ae  pSe teat ay aeceaite oo a oe anetuction Alur Sen ae ech Ee Span lps ances a eee None GeG lec Ss So Bume ee Loy Mas  oe oo Se oS Pow Co a ere te V2tG) eign se Le HELP. tial)  ae fe Ein nae eS ages 1Sto ae as oo es PEF Fier sees z eG ee a eee ed E Bricks: . [Siding ety K ovis te MUKit-Bri fiaby: ee  Gu ee aa treet esos  2 SS S oes eee ee rack eae ee ngs E pea ie e Bre: det See  fExce SEE. oo eDihctee o  a  :   ale : ite fa: ee poe 7A  2 ee asnG Ro 7 1g) ee oe : : : Se : aH : ; out es une Bae. oo oo coe oe :  Es i io se Fron  Se rick; ed BS s -C Sear Gee 1 Space: Entrane poe 6) Ale GTP SS a Ee oe oo gers a : oe _ Handi ones ee rite: oe  ae Kan Se aD tints are 12] sere tor re Rear pact ee ee  a , Lo Bee ce oo a ndicap isl ee Soe ic  eee ai ee tD mntry) So He ee Ooms: eS lear Entra  pee  Ree oe : . ey ee BE ps labo Re et es ar ar pret Iding -Dinin Ves KitFa oe ms eee ad Sida Ent peers 2 s oo ee poe - oe o, ae Fr ee [eg oes on sae peers, id Sake ea Ee Pa ) 4 Eine - Dee Ss ary eiEr Saas ye oe ee a i oe BACs Paes co FA Compas ings: pike C Com oc itfam ty scons 2 Li aces a  -  4 - ae a Zsiding) Concz mbors Rei ea ae Unfinia ee oe oo ee SOE ee She ae Bos ee abs a Zanes ay nA ee ositi neg aS  rere crala, fa senate Jan ees mbo oe eesiy reshec nen: Se Lee oF ae. 2 oe p pee oss Ex  len ae eilae SEA (Blo i Kisii) a Ost bo Walks hed ss Rass oo Coe EOS SC Ce Dee oe. So eee eae wid Exile : poe fee eos dE Frame or ocks IKit-Li and am, ee Se oe ce a  a se ee  wee ee ee Ea Rene pa Ee oo ee a rues gee RUN aE Livin eens ew Kita Kout: ee  ee oe o ss oo ee es a) me: ler ea bel Fe  Fur So es ea ld eo  a eG  Tab Dey ae sce 8 OeoEs ee Be oe a8 Were B384OG Me is es a Nol Comb co A it-Table Sp eee Hy Walle Hoe ae 2 a e . ot sho at ae Bi () SSS ntifes SA feltivi oy Cees : Hee ul: Stair end eo ee oo set NEae e Halls 2 any Baars Loveriar ae Wie GNe ESTES ee 7 Livinigs atti pace ee aira:  ae fe oy ee SEIS ney [2 AG Coan, RID: Se BY aes (ES d ane ed ack ee re , iat ee Bees  s Es ra ees ee oS oF  1Othe i Nema: pee ae se : Reo oe Zee ee aIP ie ne g-Di oe be Othe ee co . oe Bee er. Bi a oS One (S s0Ofs-A some ean  Ely, ie ee sracad es 1Sh: ve Other: ne ae a . Pane Dida Eee ae ee 5Do Ae aes seg dies 5 ElwiCha oe oe Shake ce Felsen. re Se oo oe oo ee oF ate Sea de ELEN si oo oe ae eal z : 2 i. oo  os He ned BD oe Swing ae ee scr Seo ee ee oes ls a : a : i : . ee ae ee ee Othe es co  ee a intl es al ys om Poe CEOS ene sth i E : z : e Sy eS oF her. see CEs Bem oo gins As rics Sl Ut ee Oo :  a  :   De Bee p eee ee Bem (Stab  Re sora Filo f Opec a Ki  ee  Sane Age G00 me - ees ee ey, ees _ Le a 2. Be ee i Fae (eve er ak oe   . Se soe E ee ale 2: Mast abenalP pie eee ee es an q: Modis " Eee eS ee eas wy IIS C ee ole SS Ce oo oe ae Se pk I POO: Cane x oe ies q Mo: ous ma Fe  rates nes fe - a : : : ; ;  : : oe ee ce Oe ae nee ES chert BAS Ol: Hs ed SlGan ues ees : qo A None: niry See ea ee a Sic sit Coe Viood ae Pe ce  . . oe ona gl and: ee Segre eevee Camiac Hees Soe ee JNO 4 Entry: Ma ee Oth Ses Lay Sidi oS Sas Bests d oe ey oes ee oo a oa a eee  One EOE Te Gama oe Ne fe a eed pe Gi ee eo : 4 :  : :  : 5 oo ee ue Ce  jae eneI De ee Teed aks Gazal gab  voces TA aad Oi Pee Sees erBa oe  a. . [SOR te Fe 2Od-8 VE mull Oo ee : Sen oueey Cons es here Chae ee Ea soir th   ee ee ee Le S oe Be ee ar ORE ae eg nd Str: pera ee Men, abo rye Sir ee ene ee 2 hapreeews  Es oe _ eve ee a ee oe oo cn oo ae cats 2 m-Ovrik DenStdy eee 21Gre an eo Jeqteest pain t ae oe oe  - - so oo Ae Prosar So Aflic- OF am: Li sigiiteties Eb SEs iGreen Once: ne rs  alg oe a Pe  . Pr sees re  Attic iniz am: Am: ee Enc Oy ibs IE pte enhevge foo oe  ee  Aol Sh neve an Thre oe a EROS ee ne oe oe ed g ee Con 3 RH, jen Aims ate oy GLsea f Eee alelGues air TEL ES eo Talsian fi Show ele Threshe oo : : :   - : : z eo sl ean Baws AES atc toe Siena howe El ee Holds z oo ee ee : : : S i a SF ea ere SP r Hee 2Gre ST ese ee SS qh: Satie vere S Vehide: (tecBys RUNES ee eo ae , : : a 7 : 3 a  Fam ily, rant 7c oa Great: inMOUsI ee BOG Sane  area Orla BAG TA ce Se NaecT ( Er See ie ae ee i. 7 Boofin : re TT, lished Ve amily. B Soe Great,  ace fiigey  Notes Orngina 1 rove ine oh  7 . ee Ne ae oe Boofi na ee Se Ae: ee SARL ws aes [ss nue a Serre  yd Reg Pa ipa Siti  OG bcs olnal oe EAN ieech oe a - ie ee ee ice oe oe Ae la eee Ea Floadeys OOM Be Alln-L neo ere? Shed Siidio: (Bul Une ON Ces Wher Tarlo Aca ae - 7 a on es Ba Car nee: Ae-6 Cot _ Ge Te  In-len joomi S88 Shi St io  Bull IES ei ge Ke Dee ieee e ee a ee : ; 2 Ee x f eo i oe aan? Gia Pai ed aden PAE de se  re acne ae ee Se  oe oe nee Se oo S Cedar - vs of iddion anal tote name: ld eet Restle iti Vee ES eee ee lTe rNg Be Ee Boe : ao lod 4 5 ee eee ee Sax nk darSha [Conver Saeiis ees jExec Ain ele Ys nd States Sig 1 End ee al  eed oe So oo , 7 : . : :  elles ss LA Ee aundry-B au ieee  Rindrys Rem ee Tenant meee ae ee sid wee lea ae a ee a es rly? Comp eer e i eC : al Ame o Cat ee Aide ara (86 Procite ryUipE 3 ee nt Hou cae oe oe es L . - : : , : : : : :  : a ft ae  ESS oo Z 7 :  : : : : :   ES [is[24 hi nei [Concre ee Decor "ae vend   lLo TY PPE Ts foe   ee Ss eee A ea Py (hour: Se Chea. ee PRIN curator: ia a os ee  ee oe - oe oe oe ee ae ae oR Ree ee  bi Cs NE: Ce Neade or Ala dry: yet LV: ae Ale fee ae Lule aly ere eas ae no ee  o ee ee i ee Ban oe Daz Cur eC od hey 6 re ml? feteI Rea fs ewe 5a gas ee 2 MB. Shas Se  Mo ae Se  oe a Pe ee eee Ae ae Koa os SoSe wages diy ae Ee eee Foam: is Se one Rm: RN oe enor. RS Co ad udiAc i - oo poe oo ne a eS aye Beskiate rete Be aS Foan(  oS re ee: oe BIN aes it: oe Modiicom: : Se. Benen ee oe ee oC ee  Seve ees 8 Finer. a intent Ele Lose ala)  a Ty CORES F24 9 eee OMI SS oe ono a. : oo Hera Foren p lothar a  rate st hanna ot eS , y  : ; , I  : . 2 2 i eA KE ; ee SIRG : BAU eng TS BR: hee Sete olp. oe See   ie . a foe eae Ea Pe thor zhe beer AnWiHoric alee paren peice ee :  . :   e   zl 3 oe a  Hee i Prolesc  So i  oe ee oo oe oe ae oe ee feel Fire aa Bae i bes z Professional Cee ral Stor mas ees ee 2 fe Ss ee oo oe oo CBS tere ee ea be ro:Dx ) inald, oe oo 25 Aes en Be Race SOF fete St dined ince ey 5  Le See nee oe  ie AA eee 2 Eire Deine  ST UAGbBS es ry eed so torad: 1 Recre create Oo Mea: ae  per) eee . . ae ee Se ee ee ees oo sen metas BAIN duos éLSve s Galo pel ta Shin SES stored aa share Hen 7 aa: a oo Ee a G : : oe oe eS a et ee ype Infor panic ga lose Alnatel [Sh oe ale iat eae we anh ee a ioe ee oe oe oe oe oe ee Se ralv ame ee en  Shalt ee Ma aa - eS a : . : cS oe c eee oe oe ee : ts oe Stee es eres ABE BAGS es She dom ue oes Weeds Pr ees Bee ee ve : a  : 9  : a MoE: ce meas" (Sh oan ARES vee Shaws: Om: fe Le iy eee on ane cal Fe ee oy : eee - cee Ae oo oe a a rave hin eAsphia ie ses onthe oe Wor Roam  oo : : - _ oe oe ee Britra oe Kei Mon rigtosWood Le ole Showa wel oe DOM oe Coe oe ee ee ue Gen ee ee pe cee . :  :  : 2 : : : : , : 3 oo oe a . Re oe ee oo 3) ue ie - ook SMa ey AS : SE Sorte SALE  fn Gyre oge Ee Mea Bee me Fa  : : : - oe Vie mols clan Bete: s ShInAIAE Eto ee nar Se Beane, a  ae ee ee se ae oe a. oe ee as ee oe Pel Nor lon: Dc ai De A AIntest nia a Ea ie SI Ungey Core le oe S sy ee ee one oe 2 oo es ee i Reayir c SS S]Re: Ee aE  fc : c : See Yee Bes ee oe See Hae os ce es 7 : oo 8 ; -  I , : ;  :  a - :  : . ; - . oe AGT as [Se Se oe ate ass:  Ce ane a Ae : : : : .  oS : ae oe REN ee on a ae pages ares oe i res oe oe oo oe a oe oe 7 oe . ee RO Socurth tMar fe iy aoe ac aes  eee ee s ee Se Soe os ee ee   : a s : c : : : 2 : :  i . cee ee La Sepe ss ity Gato. Ce pee ae rt] Kael Tid Sa eee Ce oS ee oe So  De Shows f faraget  pe TE Toes oe Ae a - ee es oo - -  :  .  oe ae ell: De Spiders i ee oe Spee  ee oF ae aS - S  : : 2 . . . oe urs  oo acess ad peat unvel or Or sadoee eee oe ea eee ee ee en a ewe ee Soke e ao es Se socio Wind ae Con a a a Hees oe Bp oo ae Se ae Se  Serpe Cr NO bogee Be eee : - . 2 : _  oe ae oe ce A ow Guill: ee be Gene ae ee ay . eS Se 2 ee 2 Galles: ee  oe ae oo ee oo : ee os se . ss . s oo  _ o Bae Le a oF oe, i 7 ESSER oo coes  oo - -  Ps  ee Se marie oo ie Oe, . Sebees oo a -  : . 8 - rie oS ee wed x3 .  zs  . . oe ee ae .  . Te Coe a cry Se So ee  oe ee oe oe - 2 . :  ee coe oe oe oe 8 oo'}
2025-05-29 15:02:31 | INFO     | main:process_document:486 - Calculated risk score: 30 based on extracted fields
2025-05-29 15:02:32 | INFO     | app.agents.embedding_agent:generate_embedding:109 - Successfully generated embedding of dimension 1536
2025-05-29 15:02:32 | INFO     | app.agents.embedding_agent:process_document:140 - Successfully processed document and generated embedding
2025-05-29 15:02:32 | INFO     | app.agents.rag_agent:_get_connection:128 - Attempting to connect to database postgres as user postgres...
2025-05-29 15:02:32 | INFO     | app.agents.rag_agent:_get_connection:142 - Database connection successful with PG_* parameters
2025-05-29 15:02:32 | INFO     | app.agents.rag_agent:_get_connection:128 - Attempting to connect to database postgres as user postgres...
2025-05-29 15:02:32 | INFO     | app.agents.rag_agent:_get_connection:142 - Database connection successful with PG_* parameters
2025-05-29 15:02:32 | INFO     | app.agents.rag_agent:_get_connection:128 - Attempting to connect to database postgres as user postgres...
2025-05-29 15:02:32 | INFO     | app.agents.rag_agent:_get_connection:142 - Database connection successful with PG_* parameters
2025-05-29 15:02:32 | INFO     | app.agents.rag_agent:_get_connection:128 - Attempting to connect to database postgres as user postgres...
2025-05-29 15:02:32 | INFO     | app.agents.rag_agent:_get_connection:142 - Database connection successful with PG_* parameters
2025-05-29 15:02:32 | INFO     | app.agents.rag_agent:store_embedding:345 - Successfully stored embedding with ID: c87aec77-2b21-4270-bad7-3b529f3df507
2025-05-29 15:02:32 | INFO     | app.agents.rag_agent:_get_connection:128 - Attempting to connect to database postgres as user postgres...
2025-05-29 15:02:32 | INFO     | app.agents.rag_agent:_get_connection:142 - Database connection successful with PG_* parameters
2025-05-29 15:02:32 | INFO     | app.agents.rag_agent:_get_connection:128 - Attempting to connect to database postgres as user postgres...
2025-05-29 15:02:32 | INFO     | app.agents.rag_agent:_get_connection:142 - Database connection successful with PG_* parameters
2025-05-29 15:02:32 | INFO     | app.agents.rag_agent:find_similar_documents:443 - Found 3 similar documents
2025-05-29 15:02:32 | INFO     | app.agents.rag_agent:process_document:554 - Successfully processed document through RAG pipeline
2025-05-29 15:02:32 | INFO     | main:process_document:548 - Successfully processed document: Listing-1-Scanned.jpg
2025-05-29 15:09:36 | INFO     | app.utils.file_utils:create_upload_directory:11 - Ensured upload directory exists: ./uploads
2025-05-29 15:09:37 | INFO     | app.utils.document_validator:_load_config:50 - Loaded document patterns: ['CRS_Property_Report_*', 'Zoning_*', 'MLS_*', 'Property_Tax_*', 'Flood_Map_*', 'Title_Search_*', 'Appraisal_*']
2025-05-29 15:09:37 | ERROR    | app.utils.document_validator:_load_existing_checksums:93 - Error loading existing checksums: connection to server at "localhost" (::1), port 5432 failed: FATAL:  password authentication failed for user "postgres"

2025-05-29 15:09:37 | INFO     | app.agents.ocr_normalization_agent:__init__:62 - Found Tesseract at: C:\Program Files\Tesseract-OCR\tesseract.exe
2025-05-29 15:09:37 | INFO     | app.agents.ocr_normalization_agent:__init__:90 - OCR & Normalization Agent initialized with Tesseract OCR support
2025-05-29 15:09:37 | INFO     | app.agents.ocr_normalization_agent:__init__:62 - Found Tesseract at: C:\Program Files\Tesseract-OCR\tesseract.exe
2025-05-29 15:09:37 | INFO     | app.agents.ocr_normalization_agent:__init__:90 - OCR & Normalization Agent initialized with Tesseract OCR support
2025-05-29 15:09:37 | INFO     | app.agents.nlu_extraction_agent:__init__:30 - Loaded spaCy model: en_core_web_sm
2025-05-29 15:09:37 | INFO     | app.agents.embedding_agent:__init__:37 - Embedding Agent initialized successfully
2025-05-29 15:09:37 | INFO     | app.agents.rag_agent:_get_connection:128 - Attempting to connect to database postgres as user postgres...
2025-05-29 15:09:37 | INFO     | app.agents.rag_agent:_get_connection:142 - Database connection successful with PG_* parameters
2025-05-29 15:09:37 | INFO     | app.agents.rag_agent:__init__:67 - Vector extension already exists
2025-05-29 15:09:37 | INFO     | app.agents.rag_agent:__init__:100 - Successfully created or confirmed table public.real_estate_documents
2025-05-29 15:09:37 | INFO     | app.agents.rag_agent:__init__:110 - RAG Agent initialized with full vector search capabilities
2025-05-29 15:09:37 | INFO     | app.services.risk_scoring_service:_load_config:28 - Loaded risk scoring configuration for 17 fields
2025-05-29 15:09:38 | INFO     | app.services.field_validation_service:_load_config:25 - Loaded critical fields: ['parcel_id', 'tax_value', 'property_address', 'MLS_number']
2025-05-29 15:09:38 | INFO     | main:startup_event:951 - Starting PanoramaScore API
2025-05-29 15:09:38 | INFO     | main:startup_event:952 - Configuration: Upload folder=./uploads, Max file size=10MB
2025-05-29 15:09:38 | INFO     | main:startup_event:969 - Starting PanoramaScore API
2025-05-29 15:09:38 | INFO     | main:startup_event:970 - Configuration: Upload folder=./uploads, Max file size=10MB
2025-05-29 15:10:03 | WARNING  | app.agents.document_ingest_agent:ingest_document:82 - File does not match standard naming patterns: Seller-Report-4-Scanned.jpg
2025-05-29 15:10:03 | INFO     | app.agents.document_ingest_agent:ingest_document:110 - File saved: ./uploads\a9331f90-cc63-4a2b-9e3f-aaab0a5b1328.jpg
2025-05-29 15:10:03 | WARNING  | app.utils.document_validator:validate_file_integrity:226 - File does not match standard naming patterns: Seller-Report-4-Scanned.jpg
2025-05-29 15:10:03 | INFO     | app.agents.document_ingest_agent:ingest_document:152 - Document type detected: scanned_image, needs OCR: True, rotation: 0°
2025-05-29 15:10:03 | INFO     | app.agents.ocr_normalization_agent:process_document:105 - Starting enhanced extraction process for ./uploads\a9331f90-cc63-4a2b-9e3f-aaab0a5b1328.jpg
2025-05-29 15:10:33 | INFO     | app.utils.extract_fields_util:extract_full_document_text:260 - Extracted 7030 chars using enhanced_ocr
2025-05-29 15:10:33 | INFO     | app.agents.ocr_normalization_agent:process_document:119 - Processing document: scanned_image, OCR Needed: True
2025-05-29 15:10:33 | INFO     | app.agents.ocr_normalization_agent:process_document:130 - Extraction complete: 6794 chars
2025-05-29 15:10:33 | INFO     | app.agents.ocr_normalization_agent:process_document:131 - Method: enhanced_ocr, Confidence: 0.85
2025-05-29 15:10:33 | INFO     | app.agents.ocr_normalization_agent:process_document:151 - Successfully extracted text from a9331f90-cc63-4a2b-9e3f-aaab0a5b1328.jpg
2025-05-29 15:10:33 | INFO     | app.agents.metadata_hashing_agent:process_document:38 - Generated metadata for Seller-Report-4-Scanned.jpg
2025-05-29 15:10:33 | INFO     | app.agents.ocr_normalization_agent:process_document:105 - Starting enhanced extraction process for ./uploads\a9331f90-cc63-4a2b-9e3f-aaab0a5b1328.jpg
2025-05-29 15:10:57 | INFO     | app.utils.extract_fields_util:extract_full_document_text:260 - Extracted 7030 chars using enhanced_ocr
2025-05-29 15:10:57 | INFO     | app.agents.ocr_normalization_agent:process_document:119 - Processing document: scanned_image, OCR Needed: True
2025-05-29 15:10:57 | INFO     | app.agents.ocr_normalization_agent:process_document:130 - Extraction complete: 6794 chars
2025-05-29 15:10:57 | INFO     | app.agents.ocr_normalization_agent:process_document:131 - Method: enhanced_ocr, Confidence: 0.85
2025-05-29 15:10:57 | INFO     | app.agents.ocr_normalization_agent:process_document:151 - Successfully extracted text from a9331f90-cc63-4a2b-9e3f-aaab0a5b1328.jpg
2025-05-29 15:10:57 | INFO     | app.utils.extract_fields_util:extract_fields_from_text:282 - Processing document text (6794 chars)
2025-05-29 15:10:57 | INFO     | app.agents.nlu_extraction_agent:__init__:30 - Loaded spaCy model: en_core_web_sm
2025-05-29 15:10:57 | INFO     | app.agents.nlu_extraction_agent:extract_fields_sync:282 - Extracted 9 fields from document: document_type, name, date, amount, price, tax_value, build_year, text, extracted_text
2025-05-29 15:10:57 | INFO     | app.agents.nlu_extraction_agent:extract_fields_sync:283 - Successfully extracted 7 field values: {'document_type': 'Real Estate Document', 'name': 'OL', 'date': '2040-05-29', 'amount': '$2020.00', 'price': '$2020.00', 'tax_value': '$2020.00', 'build_year': '2'}
2025-05-29 15:10:58 | INFO     | app.agents.nlu_extraction_agent:extract_fields:357 - Extracted 22 fields from document: extracted_text, text, document_type, name, date, amount, price, tax_value, build_year, mls_listing, land_use_code, zoning_record, flood_risk_score, climate_score, infrastructure_opacity, outdated_tax_delta, regional_data_variation, enhanced_text, property_address, parcel_id, bedrooms, bathrooms
2025-05-29 15:10:58 | INFO     | app.agents.nlu_extraction_agent:extract_fields:361 - Successfully extracted 8 field values: {'document_type': 'Real Estate Document', 'name': 'OL', 'date': '2040-05-29', 'amount': '$2020.00', 'price': '$2020.00', 'tax_value': '$2020.00', 'build_year': '2', 'enhanced_text': '\n===== EXTRACTED REAL ESTATE FIELDS =====\nMls Listing: Not Found\nBuild Year: 2\nLand Use Code: Not Found\nZoning Record: Not Found\nFlood Risk Score: Not Found\nClimate Score: Not Found\nInfrastructure Opacity: Not Found\nOutdated Tax Delta: Not Found\nRegional Data Variation: Not Found\n\n===== FULL DOCUMENT TEXT =====\nAAA ANY  ND We ee abe ANY NUR Ne Ce enon   OL My ee e ARGI Oe i AZ  iN  Wee ic 4 Sse e) ee) es es eas oo. ae a -   Fans ONA (Se LL SS ele aN QLONE  oS ee   A 8) : oo oe S  WrHERW AE es) vB L859) oe  oe 22eBZZ EA oy ee Se co  : ee a aD se a ae. AW non  ee  ss a : Ee a DS ee ees ao Veena Ne oe se WER ARNO o i ies ae . a ; : z  ca f c td eb   Gg ee  Ve be 3 Pe 40 A e oe a   aver ISS  ON Bs Ce oo re ce oo   cane 2  fle So oo.  3 NS Le ao oe ee actoI Wee  SS NEN   cee 2 Se :    an Cae ee oe ast Veo ee ave   oe Nee a : o : EE  Woe See Mavele ee Zz co . oe oe os oe A na ee a se  . . oe So aa ey Co oes jonny CN wee Nias, ac ee. SECA _ : _ - : a nal aS oe EEN ei oe ee  el : oe  . :  : : :   . is ene es. Soy Sw ee ee eS  eS . oe ee ee SoA EA 4 SRR Vr SEC Gore Sea BEEN ecto BN fee oe exe ONE  OMFV7] th ye 2. ee oe aA) oS Oa ae a Wie  : a 2 LS A ae Wo  ce ee ee sees Pease ae a gs AR ASS Sue ear: UN bees ates Vos eV Eas Oe ean ee ce a EaEZ es Oe i 2. . oo 8 s J eremcaenet a a Ste acre See Lea ANG Te) Yes SRO, eas ie Sasi Soe ee es Sl eee EONS: ay es eee Senne oe SS A . a ee ak oe a Vee ee Go oo  AN AN Nt ey GENS lee rate eee AG oa Gone Vabenaate far oC nee ees. oe 0 22gZZ Je x Wie oS eo  is Sa ex AVIV AN Leo 8 ake PRESS, SORE Ren aay Sept ae peste Sense ES ROSES Dein Berean) AN tee Ti oe oS a - EWE Veen one aN ss Se ae NRIAG NeeRiay CRUE eee Sea a OS Ss a ene ey EY Bi age ee Sieg oe erie ote ee ee ANAS Nae owes SSceraee Be ee neue Sy RNS ES Vc eee oa ee ee ke a   a fo Pe oS ee oe Ss ca a ws Se SU ee o .  ee oo ke Pe 2 Bie. Sanna Ste Sra Ae Sets EWG) EP ENE Meaans uy oak PORES GU cos eee S NEES es ere Be fae o ee ee ke Sea fout eS eee ES eR eS SNRs SENS Sets SETAC RET Seas Saat es ene Speers ade Been eae beat SN WR ag  ei eee Gre Bea ee an Ga ae EO eae ORO TERRES: Bihan Vine nea FALLS ART rere At ates cote Sea eee ane OS aq RA os sa reper a. eee pe Ri a er Seca eS es See ented eee eres aol  eo HRN anise ces a ee oe oe ez ees eS SOS cect [Ese ea oee Rea SNe enous ee a ate gRES i 8 a 2 a eae IS SE aioe eee rahe Geo a ainneas wate gan GN es ALE ent ee ral M AC) - Be Oe ee  oy eevee TEI ZN eae hie om  Se eS ec Coc: Viger CS ect  ih eee Liens: SN ASE, Bertani Bene Sere een Seo ee Se DES Net coehey See ee eee ee yi Ve cy So Ss iE Bosra perce Pa ee A ares re ney BV age OO. a 2 SDAA Coe ee cGeR : Sea a SEAR aes ee aria ee, One aD Some ect rope a ae oo 2 REE LAH isan SS Eee nae ee SEE eae sats Seen Fee RNS ue NERA ae ee Bul  CEOs ae oo 2 oe SiS eae oe Ss eee CoN oes PA es ee Houle, oe ce  ies Eger pei teat PR pacer AS eter orice ee EU meat Rael Sree OA Yer No ee . ey ye  3 2  Nero aes aleee rage Sa A Wasa SEAN Sane Oe Pe Beer ee oe a. oe ee z aw :   a oo i, Woe oe Se SS. Se ero  Le eee Sine a Vee Speen ZEN NNER ERS se ee 8 - oo. snd _e AG oe LEN BY gee Se oe 8 S  ee es a ye Zs a oe a us te hey oe Conse Wont oper ORES Sindee ZA V a oe ee ee Fen ee ured  es Gent VS Ve Z eS a oe oe So ek eS NS qnanutece aise yaenn LS ee 2 SS i eo oe oe Se ses ee AN pulels Wee ioe ee ARES, ae Nee ss Ve  oe ae ESS Es ees aaa Si oN OUNG Neese eeical CV ee, oe ie Vee ee 8 a ao a eR ee ee ee eee Sl bageee ec Si lca eae Ae SER ON eS te Sols mr ee a ee ee oe é yas  oo BE Ce ve ede less Oe: et oe me ee es ee SY. vayanes LOO LS eee ee ce Vion (rege: Ua Be es es oe oo AOL O as EE OS Ge ee Nee: WR) ose es eee oS  od er eee pce ae ee 1 ata oe oo a ae. _  i ee. Se Se 7 or oe Se Sag ae ee oe ee e ee 4 MO Ga Pee ee. is ae CEs  . es eae oe rr Se : - oo - oe  SESSI ee ee See ae Sea i ce Ne ee val Ss Gon i CL 2 SopI sty Ot ONS Aree Se oe oes ae ae ee. ae a 1  Sess adel Oe AnI o)aves pevee e ee nui s ee S .  ONC. ex Shr oo eo Se NO Nae: cee 02020 ee Le oe ee ee ES a oe A ye ee A ee Bee ee Ps ORDI re Be 2 ee ee ee oe ee Fee ee: oe  : zs ee Se oe oe SUE ee Cs ae eee ee Be es eo ee as oe ee Preece oe BEESON AN Contino ese Ee Be et ; ANS SSL aS e Oe piel as connec UUs oe peers cn Say es eo eae ea he, pie eee ee 7 Betis ee ee es a . a : oe ae eo oe oo  eee Sey oe gee ey, Se ee JOBS Cees oe lr 3 oo : a ae  eae ee ee oe Coe oe ee eee oS . Se og oe oF Seas pA 8S Sa - : c. oo Ores Be eee ary PACERS AS ESD Sa PEUSEEE Via Roget caeat SOE aie IR Ors DES SMOR CES ve eA ences oR rai eee Sine rae BP eae AQ cl rr Cee a Se Se Zz a a 1( G oo Saul  ao Ze ry Oye OWL ee . ye B  Sos ee ee a i . a ZEEE De Pee Poe ee ee es  Rea os ee ; 3S eel   aan ie We - 3s ao 2 EE ae eoiA2le y a oe Se es eee a fe ; oe  eo  ee eo Se ee ee peek Z - ms ae 2 Se ee ey aS co :  eS oe ae  bas Ns ae ane sae a .  a Me Se a DUN Bagi ae oe ee ic  EEE oo Fs oe SG See ee . one fe eigarase. SS is eNOS  fe. Ce _ os ae . a oo - ee oe Cea Zon Rae ee Saree eE_ ane ice Oe ae Bee oe . o ee 2 GUNG me See ar rr, BE Say Pay AXGy 9, ae Se ets eos Oe ie Le phe es oo oe fo  GA ge 2 6 SAUL Bo 5 USO ee ee ae ee a Z : : i 0 (OW) . o Lo f OIE eR oe ee oe . a - : . S  6 000 : oo OMe PU ae oe oe   8 : 82 Oe - . . o ee aay ae De eT ANY ee Le ce BRONCOS SO er  Coos oe ee oo oe  or os : es ee pe Gates ee as eRe OS 2 Bee EAS ond Oe ease Cee ee as ae Kool oe S ino  a a oo  Ge oS Le ee  oo oe ne a Lee. NV ene ee Doe eee eres ae Se ee CC ok ee Ge ae ok ing ZZ OR eee ances oe oe oe .  ac NMED Re Cee ee poe See ee oe 2 oc  oo . of oe . SS ee a ae "Gar Oe as ee -     ; ee ik 8 8 Se ae as ae see ae Oe ee is ee a N UL Sue oe a_i es nde 8. hr a ae eondele  a . ms ee ZZ IMCS IS oes ea te ee oe ee ee ee ee ek pS 3x SLY ee es Sy xeaceu See, puee oo a _. aA is a : E - . a Ne one eee Ue ie nears, ae 8. 6 a -  Ce ae ee 8 ee ee ee Cs  cS  : ae ec Cs ee eel oe oe ne oo 3 ee ee RES Za a Ce a e . . oe _ . os cao Lo - eG ee eee UREN, ek Sa ee We oo ean a  :  . .  .  28 oo _ oe oe ee oe :  cont oe  ZS oe Se  : 2 a  Ggaind ae) ee ea ae 7 a : oO - La ee . ae. ee Nes ae fee ee  oo   LL . oe Lo ee ae ees oe oo  8 EE ee oo ea . 7 - EE  ae rr  BZ 2 a oe Ss Ese gion oe ee  a . . : 8 . oo a)  : Zz oe : : oes : se  Gonst CHO ae ee 2 oe  ce : - _ a oe. a . Z  - a : os  ed 00 eo G gone Nas Cee oS a co - oo. ae 7 __LE- ; as all Alt aes a oa oo oo ae  7 Ze oe   8 anes Sexe eS ae oo eee a   areas 8 Gar ol SIMS ee a ee bien ale EG - o :   os ae : RoosI Yapuute lard  oe ay NUE ers ees . oo ees : : - : SS  eo So tories i purte  . SS oe tore ano Hand   Rumbet Oe usu coe oo _  z  ee ee ee a. 8 SS oe Saree ete os Ce ea oe  . SS  - eo e ee ae te a oes Sine Se oo oo S 2 i Se ; Zz oe. ooo ay oF oe oo See - a  : . a Se  LD  . oo ZZ Za ee Be boost : x oe a AA ee ee i  oe oe : i :  . oS LS a :  oo  . . - . a .   oe ee ee a So 2  a  5 Oke wah RSiZe Cee seidenes Ne oe oo Pee ee See eee me Se s SSE ee oe ee te oS  an Zz BEE QjA,, sien soe oe 2. oe Le S : ge Go. es ll  oe oo oo ee :  ny  aw VAN  SAN Raa ee oo eae oe PASS LEN Re ona IS ye Selene ee  me AGSHO. TO ee ee Sees Pane COSI  AK  a_-  CC. eS NNN Vi So Se Eee eee Wi AWAY  oo FF eh     NYY NY K'}
2025-05-29 15:10:58 | INFO     | main:process_document:486 - Calculated risk score: 30 based on extracted fields
2025-05-29 15:10:59 | INFO     | app.agents.embedding_agent:generate_embedding:109 - Successfully generated embedding of dimension 1536
2025-05-29 15:10:59 | INFO     | app.agents.embedding_agent:process_document:140 - Successfully processed document and generated embedding
2025-05-29 15:10:59 | INFO     | app.agents.rag_agent:_get_connection:128 - Attempting to connect to database postgres as user postgres...
2025-05-29 15:10:59 | INFO     | app.agents.rag_agent:_get_connection:142 - Database connection successful with PG_* parameters
2025-05-29 15:10:59 | INFO     | app.agents.rag_agent:_get_connection:128 - Attempting to connect to database postgres as user postgres...
2025-05-29 15:10:59 | INFO     | app.agents.rag_agent:_get_connection:142 - Database connection successful with PG_* parameters
2025-05-29 15:10:59 | INFO     | app.agents.rag_agent:_get_connection:128 - Attempting to connect to database postgres as user postgres...
2025-05-29 15:10:59 | INFO     | app.agents.rag_agent:_get_connection:142 - Database connection successful with PG_* parameters
2025-05-29 15:10:59 | INFO     | app.agents.rag_agent:_get_connection:128 - Attempting to connect to database postgres as user postgres...
2025-05-29 15:10:59 | INFO     | app.agents.rag_agent:_get_connection:142 - Database connection successful with PG_* parameters
2025-05-29 15:10:59 | INFO     | app.agents.rag_agent:store_embedding:345 - Successfully stored embedding with ID: 67d4ba3e-ea74-48ef-9f47-ca6e77cd5f1d
2025-05-29 15:10:59 | INFO     | app.agents.rag_agent:_get_connection:128 - Attempting to connect to database postgres as user postgres...
2025-05-29 15:10:59 | INFO     | app.agents.rag_agent:_get_connection:142 - Database connection successful with PG_* parameters
2025-05-29 15:10:59 | INFO     | app.agents.rag_agent:_get_connection:128 - Attempting to connect to database postgres as user postgres...
2025-05-29 15:10:59 | INFO     | app.agents.rag_agent:_get_connection:142 - Database connection successful with PG_* parameters
2025-05-29 15:10:59 | INFO     | app.agents.rag_agent:find_similar_documents:443 - Found 1 similar documents
2025-05-29 15:10:59 | INFO     | app.agents.rag_agent:process_document:554 - Successfully processed document through RAG pipeline
2025-05-29 15:10:59 | INFO     | main:process_document:548 - Successfully processed document: Seller-Report-4-Scanned.jpg
2025-05-29 15:33:09 | INFO     | app.utils.file_utils:create_upload_directory:11 - Ensured upload directory exists: ./uploads
2025-05-29 15:33:09 | INFO     | app.utils.document_validator:_load_config:50 - Loaded document patterns: ['CRS_Property_Report_*', 'Zoning_*', 'MLS_*', 'Property_Tax_*', 'Flood_Map_*', 'Title_Search_*', 'Appraisal_*']
2025-05-29 15:33:10 | ERROR    | app.utils.document_validator:_load_existing_checksums:93 - Error loading existing checksums: connection to server at "localhost" (::1), port 5432 failed: FATAL:  password authentication failed for user "postgres"

2025-05-29 15:33:10 | INFO     | app.agents.ocr_normalization_agent:__init__:62 - Found Tesseract at: C:\Program Files\Tesseract-OCR\tesseract.exe
2025-05-29 15:33:10 | INFO     | app.agents.ocr_normalization_agent:__init__:90 - OCR & Normalization Agent initialized with Tesseract OCR support
2025-05-29 15:33:10 | INFO     | app.agents.ocr_normalization_agent:__init__:62 - Found Tesseract at: C:\Program Files\Tesseract-OCR\tesseract.exe
2025-05-29 15:33:10 | INFO     | app.agents.ocr_normalization_agent:__init__:90 - OCR & Normalization Agent initialized with Tesseract OCR support
2025-05-29 15:33:10 | INFO     | app.agents.nlu_extraction_agent:__init__:30 - Loaded spaCy model: en_core_web_sm
2025-05-29 15:33:10 | INFO     | app.agents.embedding_agent:__init__:37 - Embedding Agent initialized successfully
2025-05-29 15:33:10 | INFO     | app.agents.rag_agent:_get_connection:128 - Attempting to connect to database postgres as user postgres...
2025-05-29 15:33:10 | INFO     | app.agents.rag_agent:_get_connection:142 - Database connection successful with PG_* parameters
2025-05-29 15:33:10 | INFO     | app.agents.rag_agent:__init__:67 - Vector extension already exists
2025-05-29 15:33:10 | INFO     | app.agents.rag_agent:__init__:100 - Successfully created or confirmed table public.real_estate_documents
2025-05-29 15:33:10 | INFO     | app.agents.rag_agent:__init__:110 - RAG Agent initialized with full vector search capabilities
2025-05-29 15:33:10 | INFO     | app.services.risk_scoring_service:_load_config:28 - Loaded risk scoring configuration for 17 fields
2025-05-29 15:33:11 | INFO     | app.services.field_validation_service:_load_config:25 - Loaded critical fields: ['parcel_id', 'tax_value', 'property_address', 'MLS_number']
2025-05-29 15:33:11 | INFO     | main:startup_event:951 - Starting PanoramaScore API
2025-05-29 15:33:11 | INFO     | main:startup_event:952 - Configuration: Upload folder=./uploads, Max file size=10MB
2025-05-29 15:33:11 | INFO     | main:startup_event:969 - Starting PanoramaScore API
2025-05-29 15:33:11 | INFO     | main:startup_event:970 - Configuration: Upload folder=./uploads, Max file size=10MB
2025-05-29 15:35:55 | INFO     | app.utils.file_utils:create_upload_directory:11 - Ensured upload directory exists: ./uploads
2025-05-29 15:35:55 | INFO     | app.utils.document_validator:_load_config:50 - Loaded document patterns: ['CRS_Property_Report_*', 'Zoning_*', 'MLS_*', 'Property_Tax_*', 'Flood_Map_*', 'Title_Search_*', 'Appraisal_*']
2025-05-29 15:35:55 | ERROR    | app.utils.document_validator:_load_existing_checksums:93 - Error loading existing checksums: connection to server at "localhost" (::1), port 5432 failed: FATAL:  password authentication failed for user "postgres"

2025-05-29 15:35:55 | INFO     | app.agents.ocr_normalization_agent:__init__:62 - Found Tesseract at: C:\Program Files\Tesseract-OCR\tesseract.exe
2025-05-29 15:35:55 | INFO     | app.agents.ocr_normalization_agent:__init__:90 - OCR & Normalization Agent initialized with Tesseract OCR support
2025-05-29 15:35:55 | INFO     | app.agents.ocr_normalization_agent:__init__:62 - Found Tesseract at: C:\Program Files\Tesseract-OCR\tesseract.exe
2025-05-29 15:35:55 | INFO     | app.agents.ocr_normalization_agent:__init__:90 - OCR & Normalization Agent initialized with Tesseract OCR support
2025-05-29 15:35:55 | INFO     | app.agents.nlu_extraction_agent:__init__:30 - Loaded spaCy model: en_core_web_sm
2025-05-29 15:35:56 | INFO     | app.agents.embedding_agent:__init__:37 - Embedding Agent initialized successfully
2025-05-29 15:35:56 | INFO     | app.agents.rag_agent:_get_connection:128 - Attempting to connect to database postgres as user postgres...
2025-05-29 15:35:56 | INFO     | app.agents.rag_agent:_get_connection:142 - Database connection successful with PG_* parameters
2025-05-29 15:35:56 | INFO     | app.agents.rag_agent:__init__:67 - Vector extension already exists
2025-05-29 15:35:56 | INFO     | app.agents.rag_agent:__init__:100 - Successfully created or confirmed table public.real_estate_documents
2025-05-29 15:35:56 | INFO     | app.agents.rag_agent:__init__:110 - RAG Agent initialized with full vector search capabilities
2025-05-29 15:35:56 | INFO     | app.services.risk_scoring_service:_load_config:28 - Loaded risk scoring configuration for 17 fields
2025-05-29 15:35:56 | INFO     | app.services.field_validation_service:_load_config:25 - Loaded critical fields: ['parcel_id', 'tax_value', 'property_address', 'MLS_number']
2025-05-29 15:35:56 | INFO     | main:startup_event:951 - Starting PanoramaScore API
2025-05-29 15:35:56 | INFO     | main:startup_event:952 - Configuration: Upload folder=./uploads, Max file size=10MB
2025-05-29 15:35:56 | INFO     | main:startup_event:969 - Starting PanoramaScore API
2025-05-29 15:35:56 | INFO     | main:startup_event:970 - Configuration: Upload folder=./uploads, Max file size=10MB
2025-05-29 15:36:16 | WARNING  | app.agents.document_ingest_agent:ingest_document:82 - File does not match standard naming patterns: Seller-Report-3-Scanned.jpg
2025-05-29 15:36:16 | INFO     | app.agents.document_ingest_agent:ingest_document:110 - File saved: ./uploads\e102a744-e6e8-4158-84d4-9b9d3d9bc5df.jpg
2025-05-29 15:36:16 | WARNING  | app.utils.document_validator:validate_file_integrity:226 - File does not match standard naming patterns: Seller-Report-3-Scanned.jpg
2025-05-29 15:36:16 | INFO     | app.agents.document_ingest_agent:ingest_document:152 - Document type detected: Image Document, needs OCR: True, rotation: 0°
2025-05-29 15:36:16 | INFO     | app.agents.ocr_normalization_agent:process_document:105 - Starting enhanced extraction process for ./uploads\e102a744-e6e8-4158-84d4-9b9d3d9bc5df.jpg
2025-05-29 15:36:16 | WARNING  | app.utils.extract_fields_util:extract_full_document_text:500 - Error during MLS form detection: Unsupported image format/type
2025-05-29 15:36:45 | INFO     | app.agents.ocr_normalization_agent:process_document:119 - Processing document: Image Document, OCR Needed: True
2025-05-29 15:36:45 | INFO     | app.agents.ocr_normalization_agent:process_document:130 - Extraction complete: 13845 chars
2025-05-29 15:36:45 | INFO     | app.agents.ocr_normalization_agent:process_document:131 - Method: specialized_mls_form_ocr, Confidence: 90.00
2025-05-29 15:36:45 | INFO     | app.agents.ocr_normalization_agent:process_document:151 - Successfully extracted text from e102a744-e6e8-4158-84d4-9b9d3d9bc5df.jpg
2025-05-29 15:36:45 | INFO     | app.agents.metadata_hashing_agent:process_document:38 - Generated metadata for Seller-Report-3-Scanned.jpg
2025-05-29 15:36:45 | INFO     | app.agents.ocr_normalization_agent:process_document:105 - Starting enhanced extraction process for ./uploads\e102a744-e6e8-4158-84d4-9b9d3d9bc5df.jpg
2025-05-29 15:36:45 | WARNING  | app.utils.extract_fields_util:extract_full_document_text:500 - Error during MLS form detection: Unsupported image format/type
2025-05-29 15:37:08 | INFO     | app.agents.ocr_normalization_agent:process_document:119 - Processing document: Image Document, OCR Needed: True
2025-05-29 15:37:08 | INFO     | app.agents.ocr_normalization_agent:process_document:130 - Extraction complete: 13845 chars
2025-05-29 15:37:08 | INFO     | app.agents.ocr_normalization_agent:process_document:131 - Method: specialized_mls_form_ocr, Confidence: 90.00
2025-05-29 15:37:08 | INFO     | app.agents.ocr_normalization_agent:process_document:151 - Successfully extracted text from e102a744-e6e8-4158-84d4-9b9d3d9bc5df.jpg
2025-05-29 15:37:08 | INFO     | app.utils.extract_fields_util:extract_fields_from_text:558 - Processing document text (13845 chars)
2025-05-29 15:37:09 | INFO     | app.agents.nlu_extraction_agent:__init__:30 - Loaded spaCy model: en_core_web_sm
2025-05-29 15:37:11 | INFO     | app.agents.nlu_extraction_agent:extract_fields_sync:282 - Extracted 21 fields from document: document_type, mls_listing, property_address, bathrooms, build_year, land_use_code, flood_risk_score, climate_score, infrastructure_opacity, outdated_tax_delta, regional_data_variation, zoning_record, name, date, amount, price, parcel_id, tax_value, bedrooms, text, extracted_text
2025-05-29 15:37:11 | INFO     | app.agents.nlu_extraction_agent:extract_fields_sync:283 - Successfully extracted 19 field values: {'document_type': 'MLS Property Information Form', 'mls_listing': 'Listing', 'property_address': 'Not Found Price: Not Found Bedrooms: 4 Bathrooms: 3 Property Age: 62 years', 'bathrooms': '3', 'build_year': '1963', 'land_use_code': 'R1', 'flood_risk_score': 'Low Climate Score', 'climate_score': '85 Infrastructure Opacity', 'infrastructure_opacity': 'Low Outdated Tax Delta', 'outdated_tax_delta': '3 Regional Data Variation', 'regional_data_variation': 'Low  ADDITIONAL FIELDS  Property Address', 'zoning_record': 'Residential Flood Risk Score', 'name': 'R1 Zoning Record', 'date': '1963-05-29', 'amount': '$5222026.00', 'price': '$5222026.00', 'parcel_id': 'E', 'tax_value': '$5222026.00', 'bedrooms': '4'}
2025-05-29 15:37:11 | INFO     | app.agents.nlu_extraction_agent:extract_fields:357 - Extracted 21 fields from document: extracted_text, text, document_type, mls_listing, property_address, bathrooms, build_year, land_use_code, flood_risk_score, climate_score, infrastructure_opacity, outdated_tax_delta, regional_data_variation, zoning_record, name, date, amount, price, parcel_id, tax_value, bedrooms
2025-05-29 15:37:11 | INFO     | app.agents.nlu_extraction_agent:extract_fields:361 - Successfully extracted 19 field values: {'document_type': 'MLS Property Information Form', 'mls_listing': 'Listing', 'property_address': 'Not Found Price: Not Found Bedrooms: 4 Bathrooms: 3 Property Age: 62 years', 'bathrooms': '3', 'build_year': '1963', 'land_use_code': 'R1', 'flood_risk_score': 'Low Climate Score', 'climate_score': '85 Infrastructure Opacity', 'infrastructure_opacity': 'Low Outdated Tax Delta', 'outdated_tax_delta': '3 Regional Data Variation', 'regional_data_variation': 'Low  ADDITIONAL FIELDS  Property Address', 'zoning_record': 'Residential Flood Risk Score', 'name': 'R1 Zoning Record', 'date': '1963-05-29', 'amount': '$5222026.00', 'price': '$5222026.00', 'parcel_id': 'E', 'tax_value': '$5222026.00', 'bedrooms': '4'}
2025-05-29 15:37:11 | INFO     | main:process_document:486 - Calculated risk score: 37 based on extracted fields
2025-05-29 15:37:13 | INFO     | app.agents.embedding_agent:generate_embedding:109 - Successfully generated embedding of dimension 1536
2025-05-29 15:37:13 | INFO     | app.agents.embedding_agent:process_document:140 - Successfully processed document and generated embedding
2025-05-29 15:37:13 | INFO     | app.agents.rag_agent:_get_connection:128 - Attempting to connect to database postgres as user postgres...
2025-05-29 15:37:13 | INFO     | app.agents.rag_agent:_get_connection:142 - Database connection successful with PG_* parameters
2025-05-29 15:37:13 | INFO     | app.agents.rag_agent:_get_connection:128 - Attempting to connect to database postgres as user postgres...
2025-05-29 15:37:13 | INFO     | app.agents.rag_agent:_get_connection:142 - Database connection successful with PG_* parameters
2025-05-29 15:37:13 | INFO     | app.agents.rag_agent:_get_connection:128 - Attempting to connect to database postgres as user postgres...
2025-05-29 15:37:13 | INFO     | app.agents.rag_agent:_get_connection:142 - Database connection successful with PG_* parameters
2025-05-29 15:37:13 | INFO     | app.agents.rag_agent:_get_connection:128 - Attempting to connect to database postgres as user postgres...
2025-05-29 15:37:13 | INFO     | app.agents.rag_agent:_get_connection:142 - Database connection successful with PG_* parameters
2025-05-29 15:37:13 | INFO     | app.agents.rag_agent:store_embedding:345 - Successfully stored embedding with ID: a2dc0bd9-42ad-4fea-a690-011a77e491bb
2025-05-29 15:37:13 | INFO     | app.agents.rag_agent:_get_connection:128 - Attempting to connect to database postgres as user postgres...
2025-05-29 15:37:13 | INFO     | app.agents.rag_agent:_get_connection:142 - Database connection successful with PG_* parameters
2025-05-29 15:37:13 | INFO     | app.agents.rag_agent:_get_connection:128 - Attempting to connect to database postgres as user postgres...
2025-05-29 15:37:13 | INFO     | app.agents.rag_agent:_get_connection:142 - Database connection successful with PG_* parameters
2025-05-29 15:37:13 | INFO     | app.agents.rag_agent:find_similar_documents:443 - Found 1 similar documents
2025-05-29 15:37:13 | INFO     | app.agents.rag_agent:process_document:554 - Successfully processed document through RAG pipeline
2025-05-29 15:37:13 | INFO     | main:process_document:548 - Successfully processed document: Seller-Report-3-Scanned.jpg
2025-05-29 15:37:13 | ERROR    | main:process_document:911 - Error processing document: local variable 'required_fields' referenced before assignment
2025-05-29 15:40:11 | INFO     | app.utils.file_utils:create_upload_directory:11 - Ensured upload directory exists: ./uploads
2025-05-29 15:40:11 | INFO     | app.utils.document_validator:_load_config:50 - Loaded document patterns: ['CRS_Property_Report_*', 'Zoning_*', 'MLS_*', 'Property_Tax_*', 'Flood_Map_*', 'Title_Search_*', 'Appraisal_*']
2025-05-29 15:40:11 | ERROR    | app.utils.document_validator:_load_existing_checksums:93 - Error loading existing checksums: connection to server at "localhost" (::1), port 5432 failed: FATAL:  password authentication failed for user "postgres"

2025-05-29 15:40:11 | INFO     | app.agents.ocr_normalization_agent:__init__:62 - Found Tesseract at: C:\Program Files\Tesseract-OCR\tesseract.exe
2025-05-29 15:40:11 | INFO     | app.agents.ocr_normalization_agent:__init__:90 - OCR & Normalization Agent initialized with Tesseract OCR support
2025-05-29 15:40:11 | INFO     | app.agents.ocr_normalization_agent:__init__:62 - Found Tesseract at: C:\Program Files\Tesseract-OCR\tesseract.exe
2025-05-29 15:40:11 | INFO     | app.agents.ocr_normalization_agent:__init__:90 - OCR & Normalization Agent initialized with Tesseract OCR support
2025-05-29 15:40:12 | INFO     | app.agents.nlu_extraction_agent:__init__:30 - Loaded spaCy model: en_core_web_sm
2025-05-29 15:40:12 | INFO     | app.agents.embedding_agent:__init__:37 - Embedding Agent initialized successfully
2025-05-29 15:40:12 | INFO     | app.agents.rag_agent:_get_connection:128 - Attempting to connect to database postgres as user postgres...
2025-05-29 15:40:12 | INFO     | app.agents.rag_agent:_get_connection:142 - Database connection successful with PG_* parameters
2025-05-29 15:40:12 | INFO     | app.agents.rag_agent:__init__:67 - Vector extension already exists
2025-05-29 15:40:12 | INFO     | app.agents.rag_agent:__init__:100 - Successfully created or confirmed table public.real_estate_documents
2025-05-29 15:40:12 | INFO     | app.agents.rag_agent:__init__:110 - RAG Agent initialized with full vector search capabilities
2025-05-29 15:40:12 | INFO     | app.services.risk_scoring_service:_load_config:28 - Loaded risk scoring configuration for 17 fields
2025-05-29 15:40:13 | INFO     | app.services.field_validation_service:_load_config:25 - Loaded critical fields: ['parcel_id', 'tax_value', 'property_address', 'MLS_number']
2025-05-29 15:40:13 | INFO     | main:startup_event:952 - Starting PanoramaScore API
2025-05-29 15:40:13 | INFO     | main:startup_event:953 - Configuration: Upload folder=./uploads, Max file size=10MB
2025-05-29 15:40:13 | INFO     | main:startup_event:970 - Starting PanoramaScore API
2025-05-29 15:40:13 | INFO     | main:startup_event:971 - Configuration: Upload folder=./uploads, Max file size=10MB
2025-05-29 15:41:07 | INFO     | app.utils.file_utils:create_upload_directory:11 - Ensured upload directory exists: ./uploads
2025-05-29 15:41:07 | INFO     | app.utils.document_validator:_load_config:50 - Loaded document patterns: ['CRS_Property_Report_*', 'Zoning_*', 'MLS_*', 'Property_Tax_*', 'Flood_Map_*', 'Title_Search_*', 'Appraisal_*']
2025-05-29 15:41:07 | ERROR    | app.utils.document_validator:_load_existing_checksums:93 - Error loading existing checksums: connection to server at "localhost" (::1), port 5432 failed: FATAL:  password authentication failed for user "postgres"

2025-05-29 15:41:07 | INFO     | app.agents.ocr_normalization_agent:__init__:62 - Found Tesseract at: C:\Program Files\Tesseract-OCR\tesseract.exe
2025-05-29 15:41:07 | INFO     | app.agents.ocr_normalization_agent:__init__:90 - OCR & Normalization Agent initialized with Tesseract OCR support
2025-05-29 15:41:07 | INFO     | app.agents.ocr_normalization_agent:__init__:62 - Found Tesseract at: C:\Program Files\Tesseract-OCR\tesseract.exe
2025-05-29 15:41:07 | INFO     | app.agents.ocr_normalization_agent:__init__:90 - OCR & Normalization Agent initialized with Tesseract OCR support
2025-05-29 15:41:08 | INFO     | app.agents.nlu_extraction_agent:__init__:30 - Loaded spaCy model: en_core_web_sm
2025-05-29 15:41:08 | INFO     | app.agents.embedding_agent:__init__:37 - Embedding Agent initialized successfully
2025-05-29 15:41:08 | INFO     | app.agents.rag_agent:_get_connection:128 - Attempting to connect to database postgres as user postgres...
2025-05-29 15:41:08 | INFO     | app.agents.rag_agent:_get_connection:142 - Database connection successful with PG_* parameters
2025-05-29 15:41:08 | INFO     | app.agents.rag_agent:__init__:67 - Vector extension already exists
2025-05-29 15:41:08 | INFO     | app.agents.rag_agent:__init__:100 - Successfully created or confirmed table public.real_estate_documents
2025-05-29 15:41:08 | INFO     | app.agents.rag_agent:__init__:110 - RAG Agent initialized with full vector search capabilities
2025-05-29 15:41:08 | INFO     | app.services.risk_scoring_service:_load_config:28 - Loaded risk scoring configuration for 17 fields
2025-05-29 15:41:08 | INFO     | app.services.field_validation_service:_load_config:25 - Loaded critical fields: ['parcel_id', 'tax_value', 'property_address', 'MLS_number']
2025-05-29 15:41:08 | INFO     | main:startup_event:952 - Starting PanoramaScore API
2025-05-29 15:41:08 | INFO     | main:startup_event:953 - Configuration: Upload folder=./uploads, Max file size=10MB
2025-05-29 15:41:08 | INFO     | main:startup_event:970 - Starting PanoramaScore API
2025-05-29 15:41:08 | INFO     | main:startup_event:971 - Configuration: Upload folder=./uploads, Max file size=10MB
2025-05-29 15:45:11 | INFO     | app.utils.file_utils:create_upload_directory:11 - Ensured upload directory exists: ./uploads
2025-05-29 15:45:11 | INFO     | app.utils.document_validator:_load_config:50 - Loaded document patterns: ['CRS_Property_Report_*', 'Zoning_*', 'MLS_*', 'Property_Tax_*', 'Flood_Map_*', 'Title_Search_*', 'Appraisal_*']
2025-05-29 15:45:11 | ERROR    | app.utils.document_validator:_load_existing_checksums:93 - Error loading existing checksums: connection to server at "localhost" (::1), port 5432 failed: FATAL:  password authentication failed for user "postgres"

2025-05-29 15:45:11 | INFO     | app.agents.ocr_normalization_agent:__init__:62 - Found Tesseract at: C:\Program Files\Tesseract-OCR\tesseract.exe
2025-05-29 15:45:11 | INFO     | app.agents.ocr_normalization_agent:__init__:90 - OCR & Normalization Agent initialized with Tesseract OCR support
2025-05-29 15:45:11 | INFO     | app.agents.ocr_normalization_agent:__init__:62 - Found Tesseract at: C:\Program Files\Tesseract-OCR\tesseract.exe
2025-05-29 15:45:11 | INFO     | app.agents.ocr_normalization_agent:__init__:90 - OCR & Normalization Agent initialized with Tesseract OCR support
2025-05-29 15:45:12 | INFO     | app.agents.nlu_extraction_agent:__init__:30 - Loaded spaCy model: en_core_web_sm
2025-05-29 15:45:12 | INFO     | app.agents.embedding_agent:__init__:37 - Embedding Agent initialized successfully
2025-05-29 15:45:12 | INFO     | app.agents.rag_agent:_get_connection:128 - Attempting to connect to database postgres as user postgres...
2025-05-29 15:45:12 | INFO     | app.agents.rag_agent:_get_connection:142 - Database connection successful with PG_* parameters
2025-05-29 15:45:12 | INFO     | app.agents.rag_agent:__init__:67 - Vector extension already exists
2025-05-29 15:45:12 | INFO     | app.agents.rag_agent:__init__:100 - Successfully created or confirmed table public.real_estate_documents
2025-05-29 15:45:12 | INFO     | app.agents.rag_agent:__init__:110 - RAG Agent initialized with full vector search capabilities
2025-05-29 15:45:12 | INFO     | app.services.risk_scoring_service:_load_config:28 - Loaded risk scoring configuration for 17 fields
2025-05-29 15:45:12 | INFO     | app.services.field_validation_service:_load_config:25 - Loaded critical fields: ['parcel_id', 'tax_value', 'property_address', 'MLS_number']
2025-05-29 15:45:12 | INFO     | main:startup_event:952 - Starting PanoramaScore API
2025-05-29 15:45:12 | INFO     | main:startup_event:953 - Configuration: Upload folder=./uploads, Max file size=10MB
2025-05-29 15:45:12 | INFO     | main:startup_event:970 - Starting PanoramaScore API
2025-05-29 15:45:12 | INFO     | main:startup_event:971 - Configuration: Upload folder=./uploads, Max file size=10MB
2025-05-29 15:45:32 | WARNING  | app.agents.document_ingest_agent:ingest_document:82 - File does not match standard naming patterns: Seller-Report-4-Scanned.jpg
2025-05-29 15:45:32 | INFO     | app.agents.document_ingest_agent:ingest_document:110 - File saved: ./uploads\f910cdcc-0b48-41ff-9b38-1191c3060cae.jpg
2025-05-29 15:45:32 | WARNING  | app.utils.document_validator:validate_file_integrity:226 - File does not match standard naming patterns: Seller-Report-4-Scanned.jpg
2025-05-29 15:45:32 | INFO     | app.agents.document_ingest_agent:ingest_document:152 - Document type detected: Image Document, needs OCR: True, rotation: 0°
2025-05-29 15:45:32 | INFO     | app.agents.ocr_normalization_agent:process_document:105 - Starting enhanced extraction process for ./uploads\f910cdcc-0b48-41ff-9b38-1191c3060cae.jpg
2025-05-29 15:45:32 | WARNING  | app.utils.extract_fields_util:extract_full_document_text:500 - Error during MLS form detection: Unsupported image format/type
2025-05-29 15:46:02 | INFO     | app.agents.ocr_normalization_agent:process_document:119 - Processing document: Image Document, OCR Needed: True
2025-05-29 15:46:02 | INFO     | app.agents.ocr_normalization_agent:process_document:130 - Extraction complete: 16597 chars
2025-05-29 15:46:02 | INFO     | app.agents.ocr_normalization_agent:process_document:131 - Method: specialized_mls_form_ocr, Confidence: 90.00
2025-05-29 15:46:02 | INFO     | app.agents.ocr_normalization_agent:process_document:151 - Successfully extracted text from f910cdcc-0b48-41ff-9b38-1191c3060cae.jpg
2025-05-29 15:46:02 | INFO     | app.agents.metadata_hashing_agent:process_document:38 - Generated metadata for Seller-Report-4-Scanned.jpg
2025-05-29 15:46:02 | INFO     | app.agents.ocr_normalization_agent:process_document:105 - Starting enhanced extraction process for ./uploads\f910cdcc-0b48-41ff-9b38-1191c3060cae.jpg
2025-05-29 15:46:02 | WARNING  | app.utils.extract_fields_util:extract_full_document_text:500 - Error during MLS form detection: Unsupported image format/type
2025-05-29 15:46:29 | INFO     | app.agents.ocr_normalization_agent:process_document:119 - Processing document: Image Document, OCR Needed: True
2025-05-29 15:46:29 | INFO     | app.agents.ocr_normalization_agent:process_document:130 - Extraction complete: 16597 chars
2025-05-29 15:46:29 | INFO     | app.agents.ocr_normalization_agent:process_document:131 - Method: specialized_mls_form_ocr, Confidence: 90.00
2025-05-29 15:46:29 | INFO     | app.agents.ocr_normalization_agent:process_document:151 - Successfully extracted text from f910cdcc-0b48-41ff-9b38-1191c3060cae.jpg
2025-05-29 15:46:29 | INFO     | app.utils.extract_fields_util:extract_fields_from_text:558 - Processing document text (16597 chars)
2025-05-29 15:46:29 | INFO     | app.agents.nlu_extraction_agent:__init__:30 - Loaded spaCy model: en_core_web_sm
2025-05-29 15:46:31 | INFO     | app.agents.nlu_extraction_agent:extract_fields_sync:282 - Extracted 21 fields from document: document_type, mls_listing, property_address, bathrooms, build_year, land_use_code, flood_risk_score, climate_score, infrastructure_opacity, outdated_tax_delta, regional_data_variation, zoning_record, name, date, amount, price, parcel_id, tax_value, bedrooms, text, extracted_text
2025-05-29 15:46:31 | INFO     | app.agents.nlu_extraction_agent:extract_fields_sync:283 - Successfully extracted 19 field values: {'document_type': 'MLS Property Information Form', 'mls_listing': 'Listing', 'property_address': 'Not Found Price: Not Found Bedrooms: 4 Bathrooms: 3 Property Age: 62 years', 'bathrooms': '3', 'build_year': '1963', 'land_use_code': 'R1', 'flood_risk_score': 'Low Climate Score', 'climate_score': '85 Infrastructure Opacity', 'infrastructure_opacity': 'Low Outdated Tax Delta', 'outdated_tax_delta': '3 Regional Data Variation', 'regional_data_variation': 'Low  ADDITIONAL FIELDS  Property Address', 'zoning_record': 'Residential Flood Risk Score', 'name': 'cea ee Euan an unease ata ee last Month', 'date': '1963-05-29', 'amount': '$6751220257.00', 'price': '$6751220257.00', 'parcel_id': 'ae', 'tax_value': '$6751220257.00', 'bedrooms': '4'}
2025-05-29 15:46:31 | INFO     | app.agents.nlu_extraction_agent:extract_fields:357 - Extracted 21 fields from document: extracted_text, text, document_type, mls_listing, property_address, bathrooms, build_year, land_use_code, flood_risk_score, climate_score, infrastructure_opacity, outdated_tax_delta, regional_data_variation, zoning_record, name, date, amount, price, parcel_id, tax_value, bedrooms
2025-05-29 15:46:31 | INFO     | app.agents.nlu_extraction_agent:extract_fields:361 - Successfully extracted 19 field values: {'document_type': 'MLS Property Information Form', 'mls_listing': 'Listing', 'property_address': 'Not Found Price: Not Found Bedrooms: 4 Bathrooms: 3 Property Age: 62 years', 'bathrooms': '3', 'build_year': '1963', 'land_use_code': 'R1', 'flood_risk_score': 'Low Climate Score', 'climate_score': '85 Infrastructure Opacity', 'infrastructure_opacity': 'Low Outdated Tax Delta', 'outdated_tax_delta': '3 Regional Data Variation', 'regional_data_variation': 'Low  ADDITIONAL FIELDS  Property Address', 'zoning_record': 'Residential Flood Risk Score', 'name': 'cea ee Euan an unease ata ee last Month', 'date': '1963-05-29', 'amount': '$6751220257.00', 'price': '$6751220257.00', 'parcel_id': 'ae', 'tax_value': '$6751220257.00', 'bedrooms': '4'}
2025-05-29 15:46:31 | INFO     | main:process_document:498 - Calculated risk score: 37 based on extracted fields
2025-05-29 15:46:33 | INFO     | app.agents.embedding_agent:generate_embedding:109 - Successfully generated embedding of dimension 1536
2025-05-29 15:46:33 | INFO     | app.agents.embedding_agent:process_document:140 - Successfully processed document and generated embedding
2025-05-29 15:46:33 | INFO     | app.agents.rag_agent:_get_connection:128 - Attempting to connect to database postgres as user postgres...
2025-05-29 15:46:33 | INFO     | app.agents.rag_agent:_get_connection:142 - Database connection successful with PG_* parameters
2025-05-29 15:46:33 | INFO     | app.agents.rag_agent:_get_connection:128 - Attempting to connect to database postgres as user postgres...
2025-05-29 15:46:33 | INFO     | app.agents.rag_agent:_get_connection:142 - Database connection successful with PG_* parameters
2025-05-29 15:46:33 | INFO     | app.agents.rag_agent:_get_connection:128 - Attempting to connect to database postgres as user postgres...
2025-05-29 15:46:33 | INFO     | app.agents.rag_agent:_get_connection:142 - Database connection successful with PG_* parameters
2025-05-29 15:46:33 | INFO     | app.agents.rag_agent:_get_connection:128 - Attempting to connect to database postgres as user postgres...
2025-05-29 15:46:33 | INFO     | app.agents.rag_agent:_get_connection:142 - Database connection successful with PG_* parameters
2025-05-29 15:46:33 | INFO     | app.agents.rag_agent:store_embedding:345 - Successfully stored embedding with ID: cd1a6408-d6b0-4714-994a-853e582cf614
2025-05-29 15:46:33 | INFO     | app.agents.rag_agent:_get_connection:128 - Attempting to connect to database postgres as user postgres...
2025-05-29 15:46:33 | INFO     | app.agents.rag_agent:_get_connection:142 - Database connection successful with PG_* parameters
2025-05-29 15:46:33 | INFO     | app.agents.rag_agent:_get_connection:128 - Attempting to connect to database postgres as user postgres...
2025-05-29 15:46:33 | INFO     | app.agents.rag_agent:_get_connection:142 - Database connection successful with PG_* parameters
2025-05-29 15:46:33 | INFO     | app.agents.rag_agent:find_similar_documents:443 - Found 2 similar documents
2025-05-29 15:46:33 | INFO     | app.agents.rag_agent:process_document:554 - Successfully processed document through RAG pipeline
2025-05-29 15:46:33 | INFO     | main:process_document:560 - Successfully processed document: Seller-Report-4-Scanned.jpg
2025-05-29 15:46:33 | INFO     | main:process_document:813 - Generated structured text with all required fields displayed
2025-05-29 15:57:57 | INFO     | app.utils.file_utils:create_upload_directory:11 - Ensured upload directory exists: ./uploads
2025-05-29 15:57:57 | INFO     | app.utils.document_validator:_load_config:50 - Loaded document patterns: ['CRS_Property_Report_*', 'Zoning_*', 'MLS_*', 'Property_Tax_*', 'Flood_Map_*', 'Title_Search_*', 'Appraisal_*']
2025-05-29 15:57:57 | ERROR    | app.utils.document_validator:_load_existing_checksums:93 - Error loading existing checksums: connection to server at "localhost" (::1), port 5432 failed: FATAL:  password authentication failed for user "postgres"

2025-05-29 15:57:57 | INFO     | app.agents.ocr_normalization_agent:__init__:62 - Found Tesseract at: C:\Program Files\Tesseract-OCR\tesseract.exe
2025-05-29 15:57:57 | INFO     | app.agents.ocr_normalization_agent:__init__:90 - OCR & Normalization Agent initialized with Tesseract OCR support
2025-05-29 15:57:57 | INFO     | app.agents.ocr_normalization_agent:__init__:62 - Found Tesseract at: C:\Program Files\Tesseract-OCR\tesseract.exe
2025-05-29 15:57:57 | INFO     | app.agents.ocr_normalization_agent:__init__:90 - OCR & Normalization Agent initialized with Tesseract OCR support
2025-05-29 15:57:58 | INFO     | app.agents.nlu_extraction_agent:__init__:30 - Loaded spaCy model: en_core_web_sm
2025-05-29 15:57:58 | INFO     | app.agents.embedding_agent:__init__:37 - Embedding Agent initialized successfully
2025-05-29 15:57:58 | INFO     | app.agents.rag_agent:_get_connection:128 - Attempting to connect to database postgres as user postgres...
2025-05-29 15:57:58 | INFO     | app.agents.rag_agent:_get_connection:142 - Database connection successful with PG_* parameters
2025-05-29 15:57:58 | INFO     | app.agents.rag_agent:__init__:67 - Vector extension already exists
2025-05-29 15:57:58 | INFO     | app.agents.rag_agent:__init__:100 - Successfully created or confirmed table public.real_estate_documents
2025-05-29 15:57:58 | INFO     | app.agents.rag_agent:__init__:110 - RAG Agent initialized with full vector search capabilities
2025-05-29 15:57:58 | INFO     | app.services.risk_scoring_service:_load_config:28 - Loaded risk scoring configuration for 17 fields
2025-05-29 15:57:58 | INFO     | app.services.field_validation_service:_load_config:25 - Loaded critical fields: ['parcel_id', 'tax_value', 'property_address', 'MLS_number']
2025-05-29 15:57:58 | INFO     | main:startup_event:952 - Starting PanoramaScore API
2025-05-29 15:57:58 | INFO     | main:startup_event:953 - Configuration: Upload folder=./uploads, Max file size=10MB
2025-05-29 15:57:58 | INFO     | main:startup_event:970 - Starting PanoramaScore API
2025-05-29 15:57:58 | INFO     | main:startup_event:971 - Configuration: Upload folder=./uploads, Max file size=10MB
2025-05-29 15:58:26 | WARNING  | app.agents.document_ingest_agent:ingest_document:82 - File does not match standard naming patterns: Seller-Report-4-Scanned.jpg
2025-05-29 15:58:27 | INFO     | app.agents.document_ingest_agent:ingest_document:110 - File saved: ./uploads\688cfb80-a5d9-4048-967d-5a49a18c5979.jpg
2025-05-29 15:58:27 | WARNING  | app.utils.document_validator:validate_file_integrity:226 - File does not match standard naming patterns: Seller-Report-4-Scanned.jpg
2025-05-29 15:58:27 | INFO     | app.agents.document_ingest_agent:ingest_document:152 - Document type detected: Image Document, needs OCR: True, rotation: 0°
2025-05-29 15:58:27 | INFO     | app.agents.ocr_normalization_agent:process_document:105 - Starting enhanced extraction process for ./uploads\688cfb80-a5d9-4048-967d-5a49a18c5979.jpg
2025-05-29 15:58:27 | WARNING  | app.utils.extract_fields_util:extract_full_document_text:500 - Error during MLS form detection: Unsupported image format/type
2025-05-29 15:59:08 | INFO     | app.agents.ocr_normalization_agent:process_document:119 - Processing document: Image Document, OCR Needed: True
2025-05-29 15:59:08 | INFO     | app.agents.ocr_normalization_agent:process_document:130 - Extraction complete: 16597 chars
2025-05-29 15:59:08 | INFO     | app.agents.ocr_normalization_agent:process_document:131 - Method: specialized_mls_form_ocr, Confidence: 90.00
2025-05-29 15:59:08 | INFO     | app.agents.ocr_normalization_agent:process_document:151 - Successfully extracted text from 688cfb80-a5d9-4048-967d-5a49a18c5979.jpg
2025-05-29 15:59:08 | INFO     | app.agents.metadata_hashing_agent:process_document:38 - Generated metadata for Seller-Report-4-Scanned.jpg
2025-05-29 15:59:08 | INFO     | app.agents.ocr_normalization_agent:process_document:105 - Starting enhanced extraction process for ./uploads\688cfb80-a5d9-4048-967d-5a49a18c5979.jpg
2025-05-29 15:59:08 | WARNING  | app.utils.extract_fields_util:extract_full_document_text:500 - Error during MLS form detection: Unsupported image format/type
2025-05-29 15:59:40 | INFO     | app.agents.ocr_normalization_agent:process_document:119 - Processing document: Image Document, OCR Needed: True
2025-05-29 15:59:40 | INFO     | app.agents.ocr_normalization_agent:process_document:130 - Extraction complete: 16597 chars
2025-05-29 15:59:40 | INFO     | app.agents.ocr_normalization_agent:process_document:131 - Method: specialized_mls_form_ocr, Confidence: 90.00
2025-05-29 15:59:40 | INFO     | app.agents.ocr_normalization_agent:process_document:151 - Successfully extracted text from 688cfb80-a5d9-4048-967d-5a49a18c5979.jpg
2025-05-29 15:59:40 | INFO     | app.utils.extract_fields_util:extract_fields_from_text:558 - Processing document text (16597 chars)
2025-05-29 15:59:41 | INFO     | app.agents.nlu_extraction_agent:__init__:30 - Loaded spaCy model: en_core_web_sm
2025-05-29 15:59:44 | INFO     | app.agents.nlu_extraction_agent:extract_fields_sync:282 - Extracted 21 fields from document: document_type, mls_listing, property_address, bathrooms, build_year, land_use_code, flood_risk_score, climate_score, infrastructure_opacity, outdated_tax_delta, regional_data_variation, zoning_record, name, date, amount, price, parcel_id, tax_value, bedrooms, text, extracted_text
2025-05-29 15:59:44 | INFO     | app.agents.nlu_extraction_agent:extract_fields_sync:283 - Successfully extracted 19 field values: {'document_type': 'MLS Property Information Form', 'mls_listing': 'Listing', 'property_address': 'Not Found Price: Not Found Bedrooms: 4 Bathrooms: 3 Property Age: 62 years', 'bathrooms': '3', 'build_year': '1963', 'land_use_code': 'R1', 'flood_risk_score': 'Low Climate Score', 'climate_score': '85 Infrastructure Opacity', 'infrastructure_opacity': 'Low Outdated Tax Delta', 'outdated_tax_delta': '3 Regional Data Variation', 'regional_data_variation': 'Low  ADDITIONAL FIELDS  Property Address', 'zoning_record': 'Residential Flood Risk Score', 'name': 'cea ee Euan an unease ata ee last Month', 'date': '1963-05-29', 'amount': '$6751220257.00', 'price': '$6751220257.00', 'parcel_id': 'ae', 'tax_value': '$6751220257.00', 'bedrooms': '4'}
2025-05-29 15:59:44 | INFO     | app.agents.nlu_extraction_agent:extract_fields:357 - Extracted 21 fields from document: extracted_text, text, document_type, mls_listing, property_address, bathrooms, build_year, land_use_code, flood_risk_score, climate_score, infrastructure_opacity, outdated_tax_delta, regional_data_variation, zoning_record, name, date, amount, price, parcel_id, tax_value, bedrooms
2025-05-29 15:59:44 | INFO     | app.agents.nlu_extraction_agent:extract_fields:361 - Successfully extracted 19 field values: {'document_type': 'MLS Property Information Form', 'mls_listing': 'Listing', 'property_address': 'Not Found Price: Not Found Bedrooms: 4 Bathrooms: 3 Property Age: 62 years', 'bathrooms': '3', 'build_year': '1963', 'land_use_code': 'R1', 'flood_risk_score': 'Low Climate Score', 'climate_score': '85 Infrastructure Opacity', 'infrastructure_opacity': 'Low Outdated Tax Delta', 'outdated_tax_delta': '3 Regional Data Variation', 'regional_data_variation': 'Low  ADDITIONAL FIELDS  Property Address', 'zoning_record': 'Residential Flood Risk Score', 'name': 'cea ee Euan an unease ata ee last Month', 'date': '1963-05-29', 'amount': '$6751220257.00', 'price': '$6751220257.00', 'parcel_id': 'ae', 'tax_value': '$6751220257.00', 'bedrooms': '4'}
2025-05-29 15:59:44 | INFO     | main:process_document:498 - Calculated risk score: 37 based on extracted fields
2025-05-29 15:59:46 | INFO     | app.agents.embedding_agent:generate_embedding:109 - Successfully generated embedding of dimension 1536
2025-05-29 15:59:46 | INFO     | app.agents.embedding_agent:process_document:140 - Successfully processed document and generated embedding
2025-05-29 15:59:46 | INFO     | app.agents.rag_agent:_get_connection:128 - Attempting to connect to database postgres as user postgres...
2025-05-29 15:59:46 | INFO     | app.agents.rag_agent:_get_connection:142 - Database connection successful with PG_* parameters
2025-05-29 15:59:46 | INFO     | app.agents.rag_agent:_get_connection:128 - Attempting to connect to database postgres as user postgres...
2025-05-29 15:59:46 | INFO     | app.agents.rag_agent:_get_connection:142 - Database connection successful with PG_* parameters
2025-05-29 15:59:46 | INFO     | app.agents.rag_agent:_get_connection:128 - Attempting to connect to database postgres as user postgres...
2025-05-29 15:59:46 | INFO     | app.agents.rag_agent:_get_connection:142 - Database connection successful with PG_* parameters
2025-05-29 15:59:46 | INFO     | app.agents.rag_agent:_get_connection:128 - Attempting to connect to database postgres as user postgres...
2025-05-29 15:59:47 | INFO     | app.agents.rag_agent:_get_connection:142 - Database connection successful with PG_* parameters
2025-05-29 15:59:47 | INFO     | app.agents.rag_agent:store_embedding:346 - Successfully stored embedding with ID: 23f113cd-f800-4fe2-9812-4340a7957c33
2025-05-29 15:59:47 | INFO     | app.agents.rag_agent:_get_connection:128 - Attempting to connect to database postgres as user postgres...
2025-05-29 15:59:47 | INFO     | app.agents.rag_agent:_get_connection:142 - Database connection successful with PG_* parameters
2025-05-29 15:59:47 | INFO     | app.agents.rag_agent:_get_connection:128 - Attempting to connect to database postgres as user postgres...
2025-05-29 15:59:47 | INFO     | app.agents.rag_agent:_get_connection:142 - Database connection successful with PG_* parameters
2025-05-29 15:59:47 | INFO     | app.agents.rag_agent:find_similar_documents:444 - Found 1 similar documents
2025-05-29 15:59:47 | INFO     | app.agents.rag_agent:process_document:555 - Successfully processed document through RAG pipeline
2025-05-29 15:59:47 | INFO     | main:process_document:560 - Successfully processed document: Seller-Report-4-Scanned.jpg
2025-05-29 15:59:47 | INFO     | main:process_document:813 - Generated structured text with all required fields displayed
2025-05-29 17:00:17 | INFO     | app.utils.file_utils:create_upload_directory:11 - Ensured upload directory exists: ./uploads
2025-05-29 17:00:17 | INFO     | app.utils.document_validator:_load_config:50 - Loaded document patterns: ['CRS_Property_Report_*', 'Zoning_*', 'MLS_*', 'Property_Tax_*', 'Flood_Map_*', 'Title_Search_*', 'Appraisal_*']
2025-05-29 17:00:17 | ERROR    | app.utils.document_validator:_load_existing_checksums:93 - Error loading existing checksums: connection to server at "localhost" (::1), port 5432 failed: FATAL:  password authentication failed for user "postgres"

2025-05-29 17:00:17 | INFO     | app.agents.ocr_normalization_agent:__init__:62 - Found Tesseract at: C:\Program Files\Tesseract-OCR\tesseract.exe
2025-05-29 17:00:17 | INFO     | app.agents.ocr_normalization_agent:__init__:90 - OCR & Normalization Agent initialized with Tesseract OCR support
2025-05-29 17:00:18 | INFO     | app.agents.ocr_normalization_agent:__init__:62 - Found Tesseract at: C:\Program Files\Tesseract-OCR\tesseract.exe
2025-05-29 17:00:18 | INFO     | app.agents.ocr_normalization_agent:__init__:90 - OCR & Normalization Agent initialized with Tesseract OCR support
2025-05-29 17:00:18 | INFO     | app.agents.nlu_extraction_agent:__init__:30 - Loaded spaCy model: en_core_web_sm
2025-05-29 17:00:18 | INFO     | app.agents.embedding_agent:__init__:37 - Embedding Agent initialized successfully
2025-05-29 17:00:18 | INFO     | app.agents.rag_agent:_get_connection:128 - Attempting to connect to database postgres as user postgres...
2025-05-29 17:00:18 | INFO     | app.agents.rag_agent:_get_connection:142 - Database connection successful with PG_* parameters
2025-05-29 17:00:18 | INFO     | app.agents.rag_agent:__init__:67 - Vector extension already exists
2025-05-29 17:00:18 | INFO     | app.agents.rag_agent:__init__:100 - Successfully created or confirmed table public.real_estate_documents
2025-05-29 17:00:18 | INFO     | app.agents.rag_agent:__init__:110 - RAG Agent initialized with full vector search capabilities
2025-05-29 17:00:18 | INFO     | app.services.risk_scoring_service:_load_config:28 - Loaded risk scoring configuration for 17 fields
2025-05-29 17:00:19 | INFO     | app.services.field_validation_service:_load_config:25 - Loaded critical fields: ['parcel_id', 'tax_value', 'property_address', 'MLS_number']
2025-05-29 17:00:19 | INFO     | main:startup_event:952 - Starting PanoramaScore API
2025-05-29 17:00:19 | INFO     | main:startup_event:953 - Configuration: Upload folder=./uploads, Max file size=10MB
2025-05-29 17:00:19 | INFO     | main:startup_event:970 - Starting PanoramaScore API
2025-05-29 17:00:19 | INFO     | main:startup_event:971 - Configuration: Upload folder=./uploads, Max file size=10MB
2025-05-29 17:00:43 | WARNING  | app.agents.document_ingest_agent:ingest_document:82 - File does not match standard naming patterns: WhatsApp Image 2025-05-29 at 4.47.27 PM.jpeg
2025-05-29 17:00:43 | INFO     | app.agents.document_ingest_agent:ingest_document:110 - File saved: ./uploads\3639f81e-7ffa-4f1e-8c97-3135522474bb.jpeg
2025-05-29 17:00:43 | WARNING  | app.utils.document_validator:validate_file_integrity:226 - File does not match standard naming patterns: WhatsApp Image 2025-05-29 at 4.47.27 PM.jpeg
2025-05-29 17:00:43 | INFO     | app.agents.document_ingest_agent:ingest_document:152 - Document type detected: Image Document, needs OCR: True, rotation: 0°
2025-05-29 17:00:43 | INFO     | app.agents.ocr_normalization_agent:process_document:105 - Starting enhanced extraction process for ./uploads\3639f81e-7ffa-4f1e-8c97-3135522474bb.jpeg
2025-05-29 17:00:44 | INFO     | app.utils.extract_fields_util:extract_full_document_text:497 - Detected MLS Property Information Form from content, using specialized extraction
2025-05-29 17:00:49 | INFO     | app.agents.ocr_normalization_agent:process_document:119 - Processing document: Image Document, OCR Needed: True
2025-05-29 17:00:49 | INFO     | app.agents.ocr_normalization_agent:process_document:130 - Extraction complete: 2221 chars
2025-05-29 17:00:49 | INFO     | app.agents.ocr_normalization_agent:process_document:131 - Method: specialized_mls_form_ocr, Confidence: 90.00
2025-05-29 17:00:49 | INFO     | app.agents.ocr_normalization_agent:process_document:151 - Successfully extracted text from 3639f81e-7ffa-4f1e-8c97-3135522474bb.jpeg
2025-05-29 17:00:49 | INFO     | app.agents.metadata_hashing_agent:process_document:38 - Generated metadata for WhatsApp Image 2025-05-29 at 4.47.27 PM.jpeg
2025-05-29 17:00:49 | INFO     | app.agents.ocr_normalization_agent:process_document:105 - Starting enhanced extraction process for ./uploads\3639f81e-7ffa-4f1e-8c97-3135522474bb.jpeg
2025-05-29 17:00:50 | INFO     | app.utils.extract_fields_util:extract_full_document_text:497 - Detected MLS Property Information Form from content, using specialized extraction
2025-05-29 17:00:55 | INFO     | app.agents.ocr_normalization_agent:process_document:119 - Processing document: Image Document, OCR Needed: True
2025-05-29 17:00:55 | INFO     | app.agents.ocr_normalization_agent:process_document:130 - Extraction complete: 2221 chars
2025-05-29 17:00:55 | INFO     | app.agents.ocr_normalization_agent:process_document:131 - Method: specialized_mls_form_ocr, Confidence: 90.00
2025-05-29 17:00:55 | INFO     | app.agents.ocr_normalization_agent:process_document:151 - Successfully extracted text from 3639f81e-7ffa-4f1e-8c97-3135522474bb.jpeg
2025-05-29 17:00:55 | INFO     | app.utils.extract_fields_util:extract_fields_from_text:558 - Processing document text (2221 chars)
2025-05-29 17:00:55 | INFO     | app.agents.nlu_extraction_agent:__init__:30 - Loaded spaCy model: en_core_web_sm
2025-05-29 17:00:57 | INFO     | app.agents.nlu_extraction_agent:extract_fields_sync:300 - Extracted 20 fields from document: document_type, mls_listing, property_address, bathrooms, build_year, land_use_code, flood_risk_score, climate_score, infrastructure_opacity, outdated_tax_delta, regional_data_variation, zoning_record, name, date, amount, price, tax_value, bedrooms, text, extracted_text
2025-05-29 17:00:57 | INFO     | app.agents.nlu_extraction_agent:extract_fields_sync:301 - Successfully extracted 18 field values: {'document_type': 'MLS Property Information Form', 'mls_listing': 'Listing', 'property_address': 'Not Found Price: Not Found Bedrooms: 4 Bathrooms: 3 Property Age: 62 years', 'bathrooms': '3', 'build_year': '1963', 'land_use_code': 'R1', 'flood_risk_score': 'Low Climate Score', 'climate_score': '85 Infrastructure Opacity', 'infrastructure_opacity': 'Low Outdated Tax Delta', 'outdated_tax_delta': '3 Regional Data Variation', 'regional_data_variation': 'Low  ADDITIONAL FIELDS  Property Address', 'zoning_record': 'Residential Flood Risk Score', 'name': 'R1 Zoning Record', 'date': '1963-05-29', 'amount': '$1963.00', 'price': '$1963.00', 'tax_value': '$1963.00', 'bedrooms': '4'}
2025-05-29 17:00:57 | INFO     | app.agents.nlu_extraction_agent:extract_fields:375 - Extracted 21 fields from document: extracted_text, text, document_type, mls_listing, property_address, bathrooms, build_year, land_use_code, flood_risk_score, climate_score, infrastructure_opacity, outdated_tax_delta, regional_data_variation, zoning_record, name, date, amount, price, tax_value, bedrooms, parcel_id
2025-05-29 17:00:57 | INFO     | app.agents.nlu_extraction_agent:extract_fields:379 - Successfully extracted 18 field values: {'document_type': 'MLS Property Information Form', 'mls_listing': 'Listing', 'property_address': 'Not Found Price: Not Found Bedrooms: 4 Bathrooms: 3 Property Age: 62 years', 'bathrooms': '3', 'build_year': '1963', 'land_use_code': 'R1', 'flood_risk_score': 'Low Climate Score', 'climate_score': '85 Infrastructure Opacity', 'infrastructure_opacity': 'Low Outdated Tax Delta', 'outdated_tax_delta': '3 Regional Data Variation', 'regional_data_variation': 'Low  ADDITIONAL FIELDS  Property Address', 'zoning_record': 'Residential Flood Risk Score', 'name': 'R1 Zoning Record', 'date': '1963-05-29', 'amount': '$1963.00', 'price': '$1963.00', 'tax_value': '$1963.00', 'bedrooms': '4'}
2025-05-29 17:00:57 | INFO     | main:process_document:498 - Calculated risk score: 32 based on extracted fields
2025-05-29 17:00:59 | INFO     | app.agents.embedding_agent:generate_embedding:109 - Successfully generated embedding of dimension 1536
2025-05-29 17:00:59 | INFO     | app.agents.embedding_agent:process_document:140 - Successfully processed document and generated embedding
2025-05-29 17:00:59 | INFO     | app.agents.rag_agent:_get_connection:128 - Attempting to connect to database postgres as user postgres...
2025-05-29 17:00:59 | INFO     | app.agents.rag_agent:_get_connection:142 - Database connection successful with PG_* parameters
2025-05-29 17:00:59 | INFO     | app.agents.rag_agent:_get_connection:128 - Attempting to connect to database postgres as user postgres...
2025-05-29 17:00:59 | INFO     | app.agents.rag_agent:_get_connection:142 - Database connection successful with PG_* parameters
2025-05-29 17:00:59 | INFO     | app.agents.rag_agent:_get_connection:128 - Attempting to connect to database postgres as user postgres...
2025-05-29 17:01:00 | INFO     | app.agents.rag_agent:_get_connection:142 - Database connection successful with PG_* parameters
2025-05-29 17:01:00 | INFO     | app.agents.rag_agent:_get_connection:128 - Attempting to connect to database postgres as user postgres...
2025-05-29 17:01:00 | INFO     | app.agents.rag_agent:_get_connection:142 - Database connection successful with PG_* parameters
2025-05-29 17:01:00 | INFO     | app.agents.rag_agent:store_embedding:346 - Successfully stored embedding with ID: 504b828a-5e5a-4c4a-8ea5-98fbb897854e
2025-05-29 17:01:00 | INFO     | app.agents.rag_agent:_get_connection:128 - Attempting to connect to database postgres as user postgres...
2025-05-29 17:01:00 | INFO     | app.agents.rag_agent:_get_connection:142 - Database connection successful with PG_* parameters
2025-05-29 17:01:00 | INFO     | app.agents.rag_agent:_get_connection:128 - Attempting to connect to database postgres as user postgres...
2025-05-29 17:01:00 | INFO     | app.agents.rag_agent:_get_connection:142 - Database connection successful with PG_* parameters
2025-05-29 17:01:00 | INFO     | app.agents.rag_agent:find_similar_documents:444 - Found 2 similar documents
2025-05-29 17:01:00 | INFO     | app.agents.rag_agent:process_document:555 - Successfully processed document through RAG pipeline
2025-05-29 17:01:00 | INFO     | main:process_document:560 - Successfully processed document: WhatsApp Image 2025-05-29 at 4.47.27 PM.jpeg
2025-05-29 17:01:00 | INFO     | main:process_document:813 - Generated structured text with all required fields displayed
2025-05-29 17:30:52 | INFO     | app.utils.file_utils:create_upload_directory:11 - Ensured upload directory exists: ./uploads
2025-05-29 17:30:52 | INFO     | app.utils.document_validator:_load_config:50 - Loaded document patterns: ['CRS_Property_Report_*', 'Zoning_*', 'MLS_*', 'Property_Tax_*', 'Flood_Map_*', 'Title_Search_*', 'Appraisal_*']
2025-05-29 17:30:52 | ERROR    | app.utils.document_validator:_load_existing_checksums:93 - Error loading existing checksums: connection to server at "localhost" (::1), port 5432 failed: FATAL:  password authentication failed for user "postgres"

2025-05-29 17:30:52 | INFO     | app.agents.ocr_normalization_agent:__init__:62 - Found Tesseract at: C:\Program Files\Tesseract-OCR\tesseract.exe
2025-05-29 17:30:52 | INFO     | app.agents.ocr_normalization_agent:__init__:90 - OCR & Normalization Agent initialized with Tesseract OCR support
2025-05-29 17:30:52 | INFO     | app.agents.ocr_normalization_agent:__init__:62 - Found Tesseract at: C:\Program Files\Tesseract-OCR\tesseract.exe
2025-05-29 17:30:52 | INFO     | app.agents.ocr_normalization_agent:__init__:90 - OCR & Normalization Agent initialized with Tesseract OCR support
2025-05-29 17:30:53 | INFO     | app.agents.nlu_extraction_agent:__init__:30 - Loaded spaCy model: en_core_web_sm
2025-05-29 17:30:53 | INFO     | app.agents.embedding_agent:__init__:37 - Embedding Agent initialized successfully
2025-05-29 17:30:53 | INFO     | app.agents.rag_agent:_get_connection:128 - Attempting to connect to database postgres as user postgres...
2025-05-29 17:30:53 | INFO     | app.agents.rag_agent:_get_connection:142 - Database connection successful with PG_* parameters
2025-05-29 17:30:53 | INFO     | app.agents.rag_agent:__init__:67 - Vector extension already exists
2025-05-29 17:30:53 | INFO     | app.agents.rag_agent:__init__:100 - Successfully created or confirmed table public.real_estate_documents
2025-05-29 17:30:53 | INFO     | app.agents.rag_agent:__init__:110 - RAG Agent initialized with full vector search capabilities
2025-05-29 17:30:53 | INFO     | app.services.risk_scoring_service:_load_config:28 - Loaded risk scoring configuration for 17 fields
2025-05-29 17:30:53 | INFO     | app.services.field_validation_service:_load_config:25 - Loaded critical fields: ['parcel_id', 'tax_value', 'property_address', 'MLS_number']
2025-05-29 17:30:53 | INFO     | main:startup_event:1091 - Starting PanoramaScore API
2025-05-29 17:30:53 | INFO     | main:startup_event:1092 - Configuration: Upload folder=./uploads, Max file size=10MB
2025-05-29 17:30:53 | INFO     | main:startup_event:1109 - Starting PanoramaScore API
2025-05-29 17:30:53 | INFO     | main:startup_event:1110 - Configuration: Upload folder=./uploads, Max file size=10MB
2025-05-29 17:31:18 | WARNING  | app.agents.document_ingest_agent:ingest_document:82 - File does not match standard naming patterns: WhatsApp Image 2025-05-29 at 4.47.27 PM.jpeg
2025-05-29 17:31:18 | INFO     | app.agents.document_ingest_agent:ingest_document:110 - File saved: ./uploads\fa9e99e7-5976-442e-8e60-5222e24ee46e.jpeg
2025-05-29 17:31:18 | WARNING  | app.utils.document_validator:validate_file_integrity:226 - File does not match standard naming patterns: WhatsApp Image 2025-05-29 at 4.47.27 PM.jpeg
2025-05-29 17:31:18 | INFO     | app.agents.document_ingest_agent:ingest_document:152 - Document type detected: Image Document, needs OCR: True, rotation: 0°
2025-05-29 17:31:18 | INFO     | app.agents.ocr_normalization_agent:process_document:105 - Starting enhanced extraction process for ./uploads\fa9e99e7-5976-442e-8e60-5222e24ee46e.jpeg
2025-05-29 17:31:19 | INFO     | app.utils.extract_fields_util:extract_full_document_text:497 - Detected MLS Property Information Form from content, using specialized extraction
2025-05-29 17:31:24 | INFO     | app.agents.ocr_normalization_agent:process_document:119 - Processing document: Image Document, OCR Needed: True
2025-05-29 17:31:24 | INFO     | app.agents.ocr_normalization_agent:process_document:130 - Extraction complete: 2221 chars
2025-05-29 17:31:24 | INFO     | app.agents.ocr_normalization_agent:process_document:131 - Method: specialized_mls_form_ocr, Confidence: 90.00
2025-05-29 17:31:24 | INFO     | app.agents.ocr_normalization_agent:process_document:151 - Successfully extracted text from fa9e99e7-5976-442e-8e60-5222e24ee46e.jpeg
2025-05-29 17:31:24 | INFO     | app.agents.metadata_hashing_agent:process_document:38 - Generated metadata for WhatsApp Image 2025-05-29 at 4.47.27 PM.jpeg
2025-05-29 17:31:24 | INFO     | app.agents.ocr_normalization_agent:process_document:105 - Starting enhanced extraction process for ./uploads\fa9e99e7-5976-442e-8e60-5222e24ee46e.jpeg
2025-05-29 17:31:25 | INFO     | app.utils.extract_fields_util:extract_full_document_text:497 - Detected MLS Property Information Form from content, using specialized extraction
2025-05-29 17:31:29 | INFO     | app.agents.ocr_normalization_agent:process_document:119 - Processing document: Image Document, OCR Needed: True
2025-05-29 17:31:29 | INFO     | app.agents.ocr_normalization_agent:process_document:130 - Extraction complete: 2221 chars
2025-05-29 17:31:29 | INFO     | app.agents.ocr_normalization_agent:process_document:131 - Method: specialized_mls_form_ocr, Confidence: 90.00
2025-05-29 17:31:29 | INFO     | app.agents.ocr_normalization_agent:process_document:151 - Successfully extracted text from fa9e99e7-5976-442e-8e60-5222e24ee46e.jpeg
2025-05-29 17:31:29 | INFO     | app.utils.extract_fields_util:extract_fields_from_text:558 - Processing document text (2221 chars)
2025-05-29 17:31:29 | INFO     | app.agents.nlu_extraction_agent:__init__:30 - Loaded spaCy model: en_core_web_sm
2025-05-29 17:31:31 | INFO     | app.agents.nlu_extraction_agent:extract_fields_sync:300 - Extracted 20 fields from document: document_type, mls_listing, property_address, bathrooms, build_year, land_use_code, flood_risk_score, climate_score, infrastructure_opacity, outdated_tax_delta, regional_data_variation, zoning_record, name, date, amount, price, tax_value, bedrooms, text, extracted_text
2025-05-29 17:31:31 | INFO     | app.agents.nlu_extraction_agent:extract_fields_sync:301 - Successfully extracted 18 field values: {'document_type': 'MLS Property Information Form', 'mls_listing': 'Listing', 'property_address': 'Not Found Price: Not Found Bedrooms: 4 Bathrooms: 3 Property Age: 62 years', 'bathrooms': '3', 'build_year': '1963', 'land_use_code': 'R1', 'flood_risk_score': 'Low Climate Score', 'climate_score': '85 Infrastructure Opacity', 'infrastructure_opacity': 'Low Outdated Tax Delta', 'outdated_tax_delta': '3 Regional Data Variation', 'regional_data_variation': 'Low  ADDITIONAL FIELDS  Property Address', 'zoning_record': 'Residential Flood Risk Score', 'name': 'R1 Zoning Record', 'date': '1963-05-29', 'amount': '$1963.00', 'price': '$1963.00', 'tax_value': '$1963.00', 'bedrooms': '4'}
2025-05-29 17:31:31 | INFO     | app.agents.nlu_extraction_agent:extract_fields:375 - Extracted 21 fields from document: extracted_text, text, document_type, mls_listing, property_address, bathrooms, build_year, land_use_code, flood_risk_score, climate_score, infrastructure_opacity, outdated_tax_delta, regional_data_variation, zoning_record, name, date, amount, price, tax_value, bedrooms, parcel_id
2025-05-29 17:31:31 | INFO     | app.agents.nlu_extraction_agent:extract_fields:379 - Successfully extracted 18 field values: {'document_type': 'MLS Property Information Form', 'mls_listing': 'Listing', 'property_address': 'Not Found Price: Not Found Bedrooms: 4 Bathrooms: 3 Property Age: 62 years', 'bathrooms': '3', 'build_year': '1963', 'land_use_code': 'R1', 'flood_risk_score': 'Low Climate Score', 'climate_score': '85 Infrastructure Opacity', 'infrastructure_opacity': 'Low Outdated Tax Delta', 'outdated_tax_delta': '3 Regional Data Variation', 'regional_data_variation': 'Low  ADDITIONAL FIELDS  Property Address', 'zoning_record': 'Residential Flood Risk Score', 'name': 'R1 Zoning Record', 'date': '1963-05-29', 'amount': '$1963.00', 'price': '$1963.00', 'tax_value': '$1963.00', 'bedrooms': '4'}
2025-05-29 17:31:31 | INFO     | main:process_document:498 - Calculated risk score: 32 based on extracted fields
2025-05-29 17:31:33 | INFO     | app.agents.embedding_agent:generate_embedding:109 - Successfully generated embedding of dimension 1536
2025-05-29 17:31:33 | INFO     | app.agents.embedding_agent:process_document:140 - Successfully processed document and generated embedding
2025-05-29 17:31:33 | INFO     | app.agents.rag_agent:_get_connection:128 - Attempting to connect to database postgres as user postgres...
2025-05-29 17:31:33 | INFO     | app.agents.rag_agent:_get_connection:142 - Database connection successful with PG_* parameters
2025-05-29 17:31:33 | INFO     | app.agents.rag_agent:_get_connection:128 - Attempting to connect to database postgres as user postgres...
2025-05-29 17:31:33 | INFO     | app.agents.rag_agent:_get_connection:142 - Database connection successful with PG_* parameters
2025-05-29 17:31:33 | INFO     | app.agents.rag_agent:_get_connection:128 - Attempting to connect to database postgres as user postgres...
2025-05-29 17:31:33 | INFO     | app.agents.rag_agent:_get_connection:142 - Database connection successful with PG_* parameters
2025-05-29 17:31:33 | INFO     | app.agents.rag_agent:_get_connection:128 - Attempting to connect to database postgres as user postgres...
2025-05-29 17:31:33 | INFO     | app.agents.rag_agent:_get_connection:142 - Database connection successful with PG_* parameters
2025-05-29 17:31:33 | INFO     | app.agents.rag_agent:store_embedding:346 - Successfully stored embedding with ID: d117fb8c-293d-4716-9c7f-93391a5e8ff4
2025-05-29 17:31:33 | INFO     | app.agents.rag_agent:_get_connection:128 - Attempting to connect to database postgres as user postgres...
2025-05-29 17:31:33 | INFO     | app.agents.rag_agent:_get_connection:142 - Database connection successful with PG_* parameters
2025-05-29 17:31:33 | INFO     | app.agents.rag_agent:_get_connection:128 - Attempting to connect to database postgres as user postgres...
2025-05-29 17:31:33 | INFO     | app.agents.rag_agent:_get_connection:142 - Database connection successful with PG_* parameters
2025-05-29 17:31:33 | INFO     | app.agents.rag_agent:find_similar_documents:444 - Found 3 similar documents
2025-05-29 17:31:33 | INFO     | app.agents.rag_agent:process_document:555 - Successfully processed document through RAG pipeline
2025-05-29 17:31:33 | INFO     | main:process_document:560 - Successfully processed document: WhatsApp Image 2025-05-29 at 4.47.27 PM.jpeg
2025-05-29 17:31:33 | ERROR    | main:process_document:1051 - Error processing document: name 'calculated_risk_score' is not defined
2025-05-29 17:37:48 | INFO     | app.utils.file_utils:create_upload_directory:11 - Ensured upload directory exists: ./uploads
2025-05-29 17:37:49 | INFO     | app.utils.document_validator:_load_config:50 - Loaded document patterns: ['CRS_Property_Report_*', 'Zoning_*', 'MLS_*', 'Property_Tax_*', 'Flood_Map_*', 'Title_Search_*', 'Appraisal_*']
2025-05-29 17:37:49 | ERROR    | app.utils.document_validator:_load_existing_checksums:93 - Error loading existing checksums: connection to server at "localhost" (::1), port 5432 failed: FATAL:  password authentication failed for user "postgres"

2025-05-29 17:37:49 | INFO     | app.agents.ocr_normalization_agent:__init__:62 - Found Tesseract at: C:\Program Files\Tesseract-OCR\tesseract.exe
2025-05-29 17:37:49 | INFO     | app.agents.ocr_normalization_agent:__init__:90 - OCR & Normalization Agent initialized with Tesseract OCR support
2025-05-29 17:37:49 | INFO     | app.agents.ocr_normalization_agent:__init__:62 - Found Tesseract at: C:\Program Files\Tesseract-OCR\tesseract.exe
2025-05-29 17:37:49 | INFO     | app.agents.ocr_normalization_agent:__init__:90 - OCR & Normalization Agent initialized with Tesseract OCR support
2025-05-29 17:37:50 | INFO     | app.agents.nlu_extraction_agent:__init__:30 - Loaded spaCy model: en_core_web_sm
2025-05-29 17:37:50 | INFO     | app.agents.embedding_agent:__init__:37 - Embedding Agent initialized successfully
2025-05-29 17:37:50 | INFO     | app.agents.rag_agent:_get_connection:128 - Attempting to connect to database postgres as user postgres...
2025-05-29 17:37:50 | INFO     | app.agents.rag_agent:_get_connection:142 - Database connection successful with PG_* parameters
2025-05-29 17:37:50 | INFO     | app.agents.rag_agent:__init__:67 - Vector extension already exists
2025-05-29 17:37:50 | INFO     | app.agents.rag_agent:__init__:100 - Successfully created or confirmed table public.real_estate_documents
2025-05-29 17:37:50 | INFO     | app.agents.rag_agent:__init__:110 - RAG Agent initialized with full vector search capabilities
2025-05-29 17:37:50 | INFO     | app.services.risk_scoring_service:_load_config:28 - Loaded risk scoring configuration for 17 fields
2025-05-29 17:37:50 | INFO     | app.services.field_validation_service:_load_config:25 - Loaded critical fields: ['parcel_id', 'tax_value', 'property_address', 'MLS_number']
2025-05-29 17:37:50 | INFO     | main:startup_event:1091 - Starting PanoramaScore API
2025-05-29 17:37:50 | INFO     | main:startup_event:1092 - Configuration: Upload folder=./uploads, Max file size=10MB
2025-05-29 17:37:50 | INFO     | main:startup_event:1109 - Starting PanoramaScore API
2025-05-29 17:37:50 | INFO     | main:startup_event:1110 - Configuration: Upload folder=./uploads, Max file size=10MB
2025-05-29 17:38:50 | INFO     | app.utils.file_utils:create_upload_directory:11 - Ensured upload directory exists: ./uploads
2025-05-29 17:38:50 | INFO     | app.utils.document_validator:_load_config:50 - Loaded document patterns: ['CRS_Property_Report_*', 'Zoning_*', 'MLS_*', 'Property_Tax_*', 'Flood_Map_*', 'Title_Search_*', 'Appraisal_*']
2025-05-29 17:38:50 | ERROR    | app.utils.document_validator:_load_existing_checksums:93 - Error loading existing checksums: connection to server at "localhost" (::1), port 5432 failed: FATAL:  password authentication failed for user "postgres"

2025-05-29 17:38:50 | INFO     | app.agents.ocr_normalization_agent:__init__:62 - Found Tesseract at: C:\Program Files\Tesseract-OCR\tesseract.exe
2025-05-29 17:38:50 | INFO     | app.agents.ocr_normalization_agent:__init__:90 - OCR & Normalization Agent initialized with Tesseract OCR support
2025-05-29 17:38:50 | INFO     | app.agents.ocr_normalization_agent:__init__:62 - Found Tesseract at: C:\Program Files\Tesseract-OCR\tesseract.exe
2025-05-29 17:38:50 | INFO     | app.agents.ocr_normalization_agent:__init__:90 - OCR & Normalization Agent initialized with Tesseract OCR support
2025-05-29 17:38:51 | INFO     | app.agents.nlu_extraction_agent:__init__:30 - Loaded spaCy model: en_core_web_sm
2025-05-29 17:38:51 | INFO     | app.agents.embedding_agent:__init__:37 - Embedding Agent initialized successfully
2025-05-29 17:38:51 | INFO     | app.agents.rag_agent:_get_connection:128 - Attempting to connect to database postgres as user postgres...
2025-05-29 17:38:51 | INFO     | app.agents.rag_agent:_get_connection:142 - Database connection successful with PG_* parameters
2025-05-29 17:38:51 | INFO     | app.agents.rag_agent:__init__:67 - Vector extension already exists
2025-05-29 17:38:51 | INFO     | app.agents.rag_agent:__init__:100 - Successfully created or confirmed table public.real_estate_documents
2025-05-29 17:38:51 | INFO     | app.agents.rag_agent:__init__:110 - RAG Agent initialized with full vector search capabilities
2025-05-29 17:38:51 | INFO     | app.services.risk_scoring_service:_load_config:28 - Loaded risk scoring configuration for 17 fields
2025-05-29 17:38:51 | INFO     | app.services.field_validation_service:_load_config:25 - Loaded critical fields: ['parcel_id', 'tax_value', 'property_address', 'MLS_number']
2025-05-29 17:38:51 | INFO     | main:startup_event:1091 - Starting PanoramaScore API
2025-05-29 17:38:51 | INFO     | main:startup_event:1092 - Configuration: Upload folder=./uploads, Max file size=10MB
2025-05-29 17:38:51 | INFO     | main:startup_event:1109 - Starting PanoramaScore API
2025-05-29 17:38:51 | INFO     | main:startup_event:1110 - Configuration: Upload folder=./uploads, Max file size=10MB
2025-05-29 17:40:12 | WARNING  | app.agents.document_ingest_agent:ingest_document:82 - File does not match standard naming patterns: WhatsApp Image 2025-05-29 at 4.47.27 PM.jpeg
2025-05-29 17:40:12 | INFO     | app.agents.document_ingest_agent:ingest_document:110 - File saved: ./uploads\c000f4cc-f503-4669-8daf-b427095937ee.jpeg
2025-05-29 17:40:12 | WARNING  | app.utils.document_validator:validate_file_integrity:226 - File does not match standard naming patterns: WhatsApp Image 2025-05-29 at 4.47.27 PM.jpeg
2025-05-29 17:40:12 | INFO     | app.agents.document_ingest_agent:ingest_document:152 - Document type detected: Image Document, needs OCR: True, rotation: 0°
2025-05-29 17:40:12 | INFO     | app.agents.ocr_normalization_agent:process_document:105 - Starting enhanced extraction process for ./uploads\c000f4cc-f503-4669-8daf-b427095937ee.jpeg
2025-05-29 17:40:13 | INFO     | app.utils.extract_fields_util:extract_full_document_text:497 - Detected MLS Property Information Form from content, using specialized extraction
2025-05-29 17:40:18 | INFO     | app.agents.ocr_normalization_agent:process_document:119 - Processing document: Image Document, OCR Needed: True
2025-05-29 17:40:18 | INFO     | app.agents.ocr_normalization_agent:process_document:130 - Extraction complete: 2221 chars
2025-05-29 17:40:18 | INFO     | app.agents.ocr_normalization_agent:process_document:131 - Method: specialized_mls_form_ocr, Confidence: 90.00
2025-05-29 17:40:18 | INFO     | app.agents.ocr_normalization_agent:process_document:151 - Successfully extracted text from c000f4cc-f503-4669-8daf-b427095937ee.jpeg
2025-05-29 17:40:18 | INFO     | app.agents.metadata_hashing_agent:process_document:38 - Generated metadata for WhatsApp Image 2025-05-29 at 4.47.27 PM.jpeg
2025-05-29 17:40:18 | INFO     | app.agents.ocr_normalization_agent:process_document:105 - Starting enhanced extraction process for ./uploads\c000f4cc-f503-4669-8daf-b427095937ee.jpeg
2025-05-29 17:40:19 | INFO     | app.utils.extract_fields_util:extract_full_document_text:497 - Detected MLS Property Information Form from content, using specialized extraction
2025-05-29 17:40:23 | INFO     | app.agents.ocr_normalization_agent:process_document:119 - Processing document: Image Document, OCR Needed: True
2025-05-29 17:40:23 | INFO     | app.agents.ocr_normalization_agent:process_document:130 - Extraction complete: 2221 chars
2025-05-29 17:40:23 | INFO     | app.agents.ocr_normalization_agent:process_document:131 - Method: specialized_mls_form_ocr, Confidence: 90.00
2025-05-29 17:40:23 | INFO     | app.agents.ocr_normalization_agent:process_document:151 - Successfully extracted text from c000f4cc-f503-4669-8daf-b427095937ee.jpeg
2025-05-29 17:40:23 | INFO     | app.utils.extract_fields_util:extract_fields_from_text:558 - Processing document text (2221 chars)
2025-05-29 17:40:23 | INFO     | app.agents.nlu_extraction_agent:__init__:30 - Loaded spaCy model: en_core_web_sm
2025-05-29 17:40:25 | INFO     | app.agents.nlu_extraction_agent:extract_fields_sync:300 - Extracted 20 fields from document: document_type, mls_listing, property_address, bathrooms, build_year, land_use_code, flood_risk_score, climate_score, infrastructure_opacity, outdated_tax_delta, regional_data_variation, zoning_record, name, date, amount, price, tax_value, bedrooms, text, extracted_text
2025-05-29 17:40:25 | INFO     | app.agents.nlu_extraction_agent:extract_fields_sync:301 - Successfully extracted 18 field values: {'document_type': 'MLS Property Information Form', 'mls_listing': 'Listing', 'property_address': 'Not Found Price: Not Found Bedrooms: 4 Bathrooms: 3 Property Age: 62 years', 'bathrooms': '3', 'build_year': '1963', 'land_use_code': 'R1', 'flood_risk_score': 'Low Climate Score', 'climate_score': '85 Infrastructure Opacity', 'infrastructure_opacity': 'Low Outdated Tax Delta', 'outdated_tax_delta': '3 Regional Data Variation', 'regional_data_variation': 'Low  ADDITIONAL FIELDS  Property Address', 'zoning_record': 'Residential Flood Risk Score', 'name': 'R1 Zoning Record', 'date': '1963-05-29', 'amount': '$1963.00', 'price': '$1963.00', 'tax_value': '$1963.00', 'bedrooms': '4'}
2025-05-29 17:40:25 | INFO     | app.agents.nlu_extraction_agent:extract_fields:375 - Extracted 21 fields from document: extracted_text, text, document_type, mls_listing, property_address, bathrooms, build_year, land_use_code, flood_risk_score, climate_score, infrastructure_opacity, outdated_tax_delta, regional_data_variation, zoning_record, name, date, amount, price, tax_value, bedrooms, parcel_id
2025-05-29 17:40:25 | INFO     | app.agents.nlu_extraction_agent:extract_fields:379 - Successfully extracted 18 field values: {'document_type': 'MLS Property Information Form', 'mls_listing': 'Listing', 'property_address': 'Not Found Price: Not Found Bedrooms: 4 Bathrooms: 3 Property Age: 62 years', 'bathrooms': '3', 'build_year': '1963', 'land_use_code': 'R1', 'flood_risk_score': 'Low Climate Score', 'climate_score': '85 Infrastructure Opacity', 'infrastructure_opacity': 'Low Outdated Tax Delta', 'outdated_tax_delta': '3 Regional Data Variation', 'regional_data_variation': 'Low  ADDITIONAL FIELDS  Property Address', 'zoning_record': 'Residential Flood Risk Score', 'name': 'R1 Zoning Record', 'date': '1963-05-29', 'amount': '$1963.00', 'price': '$1963.00', 'tax_value': '$1963.00', 'bedrooms': '4'}
2025-05-29 17:40:25 | INFO     | main:process_document:498 - Calculated risk score: 32 based on extracted fields
2025-05-29 17:40:27 | INFO     | app.agents.embedding_agent:generate_embedding:109 - Successfully generated embedding of dimension 1536
2025-05-29 17:40:27 | INFO     | app.agents.embedding_agent:process_document:140 - Successfully processed document and generated embedding
2025-05-29 17:40:27 | INFO     | app.agents.rag_agent:_get_connection:128 - Attempting to connect to database postgres as user postgres...
2025-05-29 17:40:27 | INFO     | app.agents.rag_agent:_get_connection:142 - Database connection successful with PG_* parameters
2025-05-29 17:40:27 | INFO     | app.agents.rag_agent:_get_connection:128 - Attempting to connect to database postgres as user postgres...
2025-05-29 17:40:27 | INFO     | app.agents.rag_agent:_get_connection:142 - Database connection successful with PG_* parameters
2025-05-29 17:40:27 | INFO     | app.agents.rag_agent:_get_connection:128 - Attempting to connect to database postgres as user postgres...
2025-05-29 17:40:27 | INFO     | app.agents.rag_agent:_get_connection:142 - Database connection successful with PG_* parameters
2025-05-29 17:40:27 | INFO     | app.agents.rag_agent:_get_connection:128 - Attempting to connect to database postgres as user postgres...
2025-05-29 17:40:27 | INFO     | app.agents.rag_agent:_get_connection:142 - Database connection successful with PG_* parameters
2025-05-29 17:40:27 | INFO     | app.agents.rag_agent:store_embedding:346 - Successfully stored embedding with ID: 70f04cbd-300f-4a01-b31b-a4c7a6d9f7a6
2025-05-29 17:40:27 | INFO     | app.agents.rag_agent:_get_connection:128 - Attempting to connect to database postgres as user postgres...
2025-05-29 17:40:27 | INFO     | app.agents.rag_agent:_get_connection:142 - Database connection successful with PG_* parameters
2025-05-29 17:40:27 | INFO     | app.agents.rag_agent:_get_connection:128 - Attempting to connect to database postgres as user postgres...
2025-05-29 17:40:27 | INFO     | app.agents.rag_agent:_get_connection:142 - Database connection successful with PG_* parameters
2025-05-29 17:40:27 | INFO     | app.agents.rag_agent:find_similar_documents:444 - Found 3 similar documents
2025-05-29 17:40:27 | INFO     | app.agents.rag_agent:process_document:555 - Successfully processed document through RAG pipeline
2025-05-29 17:40:27 | INFO     | main:process_document:560 - Successfully processed document: WhatsApp Image 2025-05-29 at 4.47.27 PM.jpeg
2025-05-29 17:40:27 | ERROR    | main:process_document:1051 - Error processing document: name 'calculated_risk_score' is not defined
2025-05-29 17:45:08 | INFO     | app.utils.file_utils:create_upload_directory:11 - Ensured upload directory exists: ./uploads
2025-05-29 17:45:08 | INFO     | app.utils.document_validator:_load_config:50 - Loaded document patterns: ['CRS_Property_Report_*', 'Zoning_*', 'MLS_*', 'Property_Tax_*', 'Flood_Map_*', 'Title_Search_*', 'Appraisal_*']
2025-05-29 17:45:08 | ERROR    | app.utils.document_validator:_load_existing_checksums:93 - Error loading existing checksums: connection to server at "localhost" (::1), port 5432 failed: FATAL:  password authentication failed for user "postgres"

2025-05-29 17:45:08 | INFO     | app.agents.ocr_normalization_agent:__init__:62 - Found Tesseract at: C:\Program Files\Tesseract-OCR\tesseract.exe
2025-05-29 17:45:08 | INFO     | app.agents.ocr_normalization_agent:__init__:90 - OCR & Normalization Agent initialized with Tesseract OCR support
2025-05-29 17:45:08 | INFO     | app.agents.ocr_normalization_agent:__init__:62 - Found Tesseract at: C:\Program Files\Tesseract-OCR\tesseract.exe
2025-05-29 17:45:08 | INFO     | app.agents.ocr_normalization_agent:__init__:90 - OCR & Normalization Agent initialized with Tesseract OCR support
2025-05-29 17:45:09 | INFO     | app.agents.nlu_extraction_agent:__init__:30 - Loaded spaCy model: en_core_web_sm
2025-05-29 17:45:09 | INFO     | app.agents.embedding_agent:__init__:37 - Embedding Agent initialized successfully
2025-05-29 17:45:09 | INFO     | app.agents.rag_agent:_get_connection:128 - Attempting to connect to database postgres as user postgres...
2025-05-29 17:45:09 | INFO     | app.agents.rag_agent:_get_connection:142 - Database connection successful with PG_* parameters
2025-05-29 17:45:09 | INFO     | app.agents.rag_agent:__init__:67 - Vector extension already exists
2025-05-29 17:45:09 | INFO     | app.agents.rag_agent:__init__:100 - Successfully created or confirmed table public.real_estate_documents
2025-05-29 17:45:09 | INFO     | app.agents.rag_agent:__init__:110 - RAG Agent initialized with full vector search capabilities
2025-05-29 17:45:09 | INFO     | app.services.risk_scoring_service:_load_config:28 - Loaded risk scoring configuration for 17 fields
2025-05-29 17:45:10 | INFO     | app.services.field_validation_service:_load_config:25 - Loaded critical fields: ['parcel_id', 'tax_value', 'property_address', 'MLS_number']
2025-05-29 17:45:10 | INFO     | main:startup_event:1091 - Starting PanoramaScore API
2025-05-29 17:45:10 | INFO     | main:startup_event:1092 - Configuration: Upload folder=./uploads, Max file size=10MB
2025-05-29 17:45:10 | INFO     | main:startup_event:1109 - Starting PanoramaScore API
2025-05-29 17:45:10 | INFO     | main:startup_event:1110 - Configuration: Upload folder=./uploads, Max file size=10MB
2025-05-29 17:45:31 | INFO     | app.utils.file_utils:create_upload_directory:11 - Ensured upload directory exists: ./uploads
2025-05-29 17:45:31 | INFO     | app.utils.document_validator:_load_config:50 - Loaded document patterns: ['CRS_Property_Report_*', 'Zoning_*', 'MLS_*', 'Property_Tax_*', 'Flood_Map_*', 'Title_Search_*', 'Appraisal_*']
2025-05-29 17:45:32 | ERROR    | app.utils.document_validator:_load_existing_checksums:93 - Error loading existing checksums: connection to server at "localhost" (::1), port 5432 failed: FATAL:  password authentication failed for user "postgres"

2025-05-29 17:45:32 | INFO     | app.agents.ocr_normalization_agent:__init__:62 - Found Tesseract at: C:\Program Files\Tesseract-OCR\tesseract.exe
2025-05-29 17:45:32 | INFO     | app.agents.ocr_normalization_agent:__init__:90 - OCR & Normalization Agent initialized with Tesseract OCR support
2025-05-29 17:45:32 | INFO     | app.agents.ocr_normalization_agent:__init__:62 - Found Tesseract at: C:\Program Files\Tesseract-OCR\tesseract.exe
2025-05-29 17:45:32 | INFO     | app.agents.ocr_normalization_agent:__init__:90 - OCR & Normalization Agent initialized with Tesseract OCR support
2025-05-29 17:45:32 | INFO     | app.agents.nlu_extraction_agent:__init__:30 - Loaded spaCy model: en_core_web_sm
2025-05-29 17:45:32 | INFO     | app.agents.embedding_agent:__init__:37 - Embedding Agent initialized successfully
2025-05-29 17:45:32 | INFO     | app.agents.rag_agent:_get_connection:128 - Attempting to connect to database postgres as user postgres...
2025-05-29 17:45:32 | INFO     | app.agents.rag_agent:_get_connection:142 - Database connection successful with PG_* parameters
2025-05-29 17:45:32 | INFO     | app.agents.rag_agent:__init__:67 - Vector extension already exists
2025-05-29 17:45:32 | INFO     | app.agents.rag_agent:__init__:100 - Successfully created or confirmed table public.real_estate_documents
2025-05-29 17:45:32 | INFO     | app.agents.rag_agent:__init__:110 - RAG Agent initialized with full vector search capabilities
2025-05-29 17:45:33 | INFO     | app.services.risk_scoring_service:_load_config:28 - Loaded risk scoring configuration for 17 fields
2025-05-29 17:45:33 | INFO     | app.services.field_validation_service:_load_config:25 - Loaded critical fields: ['parcel_id', 'tax_value', 'property_address', 'MLS_number']
2025-05-29 17:45:33 | INFO     | main:startup_event:1091 - Starting PanoramaScore API
2025-05-29 17:45:33 | INFO     | main:startup_event:1092 - Configuration: Upload folder=./uploads, Max file size=10MB
2025-05-29 17:45:33 | INFO     | main:startup_event:1109 - Starting PanoramaScore API
2025-05-29 17:45:33 | INFO     | main:startup_event:1110 - Configuration: Upload folder=./uploads, Max file size=10MB
2025-05-29 17:46:48 | WARNING  | app.agents.document_ingest_agent:ingest_document:82 - File does not match standard naming patterns: WhatsApp Image 2025-05-29 at 4.47.27 PM.jpeg
2025-05-29 17:46:48 | INFO     | app.agents.document_ingest_agent:ingest_document:110 - File saved: ./uploads\b450f6c6-a996-4959-bec0-322c92cb6f1d.jpeg
2025-05-29 17:46:48 | WARNING  | app.utils.document_validator:validate_file_integrity:226 - File does not match standard naming patterns: WhatsApp Image 2025-05-29 at 4.47.27 PM.jpeg
2025-05-29 17:46:48 | INFO     | app.agents.document_ingest_agent:ingest_document:152 - Document type detected: Image Document, needs OCR: True, rotation: 0°
2025-05-29 17:46:48 | INFO     | app.agents.ocr_normalization_agent:process_document:105 - Starting enhanced extraction process for ./uploads\b450f6c6-a996-4959-bec0-322c92cb6f1d.jpeg
2025-05-29 17:46:49 | INFO     | app.utils.extract_fields_util:extract_full_document_text:497 - Detected MLS Property Information Form from content, using specialized extraction
2025-05-29 17:46:54 | INFO     | app.agents.ocr_normalization_agent:process_document:119 - Processing document: Image Document, OCR Needed: True
2025-05-29 17:46:54 | INFO     | app.agents.ocr_normalization_agent:process_document:130 - Extraction complete: 2221 chars
2025-05-29 17:46:54 | INFO     | app.agents.ocr_normalization_agent:process_document:131 - Method: specialized_mls_form_ocr, Confidence: 90.00
2025-05-29 17:46:54 | INFO     | app.agents.ocr_normalization_agent:process_document:151 - Successfully extracted text from b450f6c6-a996-4959-bec0-322c92cb6f1d.jpeg
2025-05-29 17:46:54 | INFO     | app.agents.metadata_hashing_agent:process_document:38 - Generated metadata for WhatsApp Image 2025-05-29 at 4.47.27 PM.jpeg
2025-05-29 17:46:54 | INFO     | app.agents.ocr_normalization_agent:process_document:105 - Starting enhanced extraction process for ./uploads\b450f6c6-a996-4959-bec0-322c92cb6f1d.jpeg
2025-05-29 17:46:55 | INFO     | app.utils.extract_fields_util:extract_full_document_text:497 - Detected MLS Property Information Form from content, using specialized extraction
2025-05-29 17:46:59 | INFO     | app.agents.ocr_normalization_agent:process_document:119 - Processing document: Image Document, OCR Needed: True
2025-05-29 17:46:59 | INFO     | app.agents.ocr_normalization_agent:process_document:130 - Extraction complete: 2221 chars
2025-05-29 17:46:59 | INFO     | app.agents.ocr_normalization_agent:process_document:131 - Method: specialized_mls_form_ocr, Confidence: 90.00
2025-05-29 17:46:59 | INFO     | app.agents.ocr_normalization_agent:process_document:151 - Successfully extracted text from b450f6c6-a996-4959-bec0-322c92cb6f1d.jpeg
2025-05-29 17:46:59 | INFO     | app.utils.extract_fields_util:extract_fields_from_text:558 - Processing document text (2221 chars)
2025-05-29 17:46:59 | INFO     | app.agents.nlu_extraction_agent:__init__:30 - Loaded spaCy model: en_core_web_sm
2025-05-29 17:47:01 | INFO     | app.agents.nlu_extraction_agent:extract_fields_sync:300 - Extracted 20 fields from document: document_type, mls_listing, property_address, bathrooms, build_year, land_use_code, flood_risk_score, climate_score, infrastructure_opacity, outdated_tax_delta, regional_data_variation, zoning_record, name, date, amount, price, tax_value, bedrooms, text, extracted_text
2025-05-29 17:47:01 | INFO     | app.agents.nlu_extraction_agent:extract_fields_sync:301 - Successfully extracted 18 field values: {'document_type': 'MLS Property Information Form', 'mls_listing': 'Listing', 'property_address': 'Not Found Price: Not Found Bedrooms: 4 Bathrooms: 3 Property Age: 62 years', 'bathrooms': '3', 'build_year': '1963', 'land_use_code': 'R1', 'flood_risk_score': 'Low Climate Score', 'climate_score': '85 Infrastructure Opacity', 'infrastructure_opacity': 'Low Outdated Tax Delta', 'outdated_tax_delta': '3 Regional Data Variation', 'regional_data_variation': 'Low  ADDITIONAL FIELDS  Property Address', 'zoning_record': 'Residential Flood Risk Score', 'name': 'R1 Zoning Record', 'date': '1963-05-29', 'amount': '$1963.00', 'price': '$1963.00', 'tax_value': '$1963.00', 'bedrooms': '4'}
2025-05-29 17:47:01 | INFO     | app.agents.nlu_extraction_agent:extract_fields:375 - Extracted 21 fields from document: extracted_text, text, document_type, mls_listing, property_address, bathrooms, build_year, land_use_code, flood_risk_score, climate_score, infrastructure_opacity, outdated_tax_delta, regional_data_variation, zoning_record, name, date, amount, price, tax_value, bedrooms, parcel_id
2025-05-29 17:47:01 | INFO     | app.agents.nlu_extraction_agent:extract_fields:379 - Successfully extracted 18 field values: {'document_type': 'MLS Property Information Form', 'mls_listing': 'Listing', 'property_address': 'Not Found Price: Not Found Bedrooms: 4 Bathrooms: 3 Property Age: 62 years', 'bathrooms': '3', 'build_year': '1963', 'land_use_code': 'R1', 'flood_risk_score': 'Low Climate Score', 'climate_score': '85 Infrastructure Opacity', 'infrastructure_opacity': 'Low Outdated Tax Delta', 'outdated_tax_delta': '3 Regional Data Variation', 'regional_data_variation': 'Low  ADDITIONAL FIELDS  Property Address', 'zoning_record': 'Residential Flood Risk Score', 'name': 'R1 Zoning Record', 'date': '1963-05-29', 'amount': '$1963.00', 'price': '$1963.00', 'tax_value': '$1963.00', 'bedrooms': '4'}
2025-05-29 17:47:01 | INFO     | main:process_document:498 - Calculated risk score: 32 based on extracted fields
2025-05-29 17:47:03 | INFO     | app.agents.embedding_agent:generate_embedding:109 - Successfully generated embedding of dimension 1536
2025-05-29 17:47:03 | INFO     | app.agents.embedding_agent:process_document:140 - Successfully processed document and generated embedding
2025-05-29 17:47:03 | INFO     | app.agents.rag_agent:_get_connection:128 - Attempting to connect to database postgres as user postgres...
2025-05-29 17:47:03 | INFO     | app.agents.rag_agent:_get_connection:142 - Database connection successful with PG_* parameters
2025-05-29 17:47:03 | INFO     | app.agents.rag_agent:_get_connection:128 - Attempting to connect to database postgres as user postgres...
2025-05-29 17:47:03 | INFO     | app.agents.rag_agent:_get_connection:142 - Database connection successful with PG_* parameters
2025-05-29 17:47:03 | INFO     | app.agents.rag_agent:_get_connection:128 - Attempting to connect to database postgres as user postgres...
2025-05-29 17:47:03 | INFO     | app.agents.rag_agent:_get_connection:142 - Database connection successful with PG_* parameters
2025-05-29 17:47:03 | INFO     | app.agents.rag_agent:_get_connection:128 - Attempting to connect to database postgres as user postgres...
2025-05-29 17:47:03 | INFO     | app.agents.rag_agent:_get_connection:142 - Database connection successful with PG_* parameters
2025-05-29 17:47:03 | INFO     | app.agents.rag_agent:store_embedding:346 - Successfully stored embedding with ID: 83708613-b8f6-4bc6-98d2-205e0545db77
2025-05-29 17:47:03 | INFO     | app.agents.rag_agent:_get_connection:128 - Attempting to connect to database postgres as user postgres...
2025-05-29 17:47:03 | INFO     | app.agents.rag_agent:_get_connection:142 - Database connection successful with PG_* parameters
2025-05-29 17:47:03 | INFO     | app.agents.rag_agent:_get_connection:128 - Attempting to connect to database postgres as user postgres...
2025-05-29 17:47:03 | INFO     | app.agents.rag_agent:_get_connection:142 - Database connection successful with PG_* parameters
2025-05-29 17:47:03 | INFO     | app.agents.rag_agent:find_similar_documents:444 - Found 3 similar documents
2025-05-29 17:47:03 | INFO     | app.agents.rag_agent:process_document:555 - Successfully processed document through RAG pipeline
2025-05-29 17:47:03 | INFO     | main:process_document:560 - Successfully processed document: WhatsApp Image 2025-05-29 at 4.47.27 PM.jpeg
2025-05-29 17:47:03 | INFO     | main:process_document:948 - Generated structured text with all required fields displayed
2025-05-29 18:05:50 | INFO     | app.utils.file_utils:create_upload_directory:11 - Ensured upload directory exists: ./uploads
2025-05-29 18:05:51 | INFO     | app.utils.document_validator:_load_config:50 - Loaded document patterns: ['CRS_Property_Report_*', 'Zoning_*', 'MLS_*', 'Property_Tax_*', 'Flood_Map_*', 'Title_Search_*', 'Appraisal_*']
2025-05-29 18:05:51 | ERROR    | app.utils.document_validator:_load_existing_checksums:93 - Error loading existing checksums: connection to server at "localhost" (::1), port 5432 failed: FATAL:  password authentication failed for user "postgres"

2025-05-29 18:05:51 | INFO     | app.agents.ocr_normalization_agent:__init__:62 - Found Tesseract at: C:\Program Files\Tesseract-OCR\tesseract.exe
2025-05-29 18:05:51 | INFO     | app.agents.ocr_normalization_agent:__init__:90 - OCR & Normalization Agent initialized with Tesseract OCR support
2025-05-29 18:05:51 | INFO     | app.agents.ocr_normalization_agent:__init__:62 - Found Tesseract at: C:\Program Files\Tesseract-OCR\tesseract.exe
2025-05-29 18:05:51 | INFO     | app.agents.ocr_normalization_agent:__init__:90 - OCR & Normalization Agent initialized with Tesseract OCR support
2025-05-29 18:05:51 | INFO     | app.agents.nlu_extraction_agent:__init__:30 - Loaded spaCy model: en_core_web_sm
2025-05-29 18:05:51 | INFO     | app.agents.embedding_agent:__init__:37 - Embedding Agent initialized successfully
2025-05-29 18:05:51 | INFO     | app.agents.rag_agent:_get_connection:128 - Attempting to connect to database postgres as user postgres...
2025-05-29 18:05:51 | INFO     | app.agents.rag_agent:_get_connection:142 - Database connection successful with PG_* parameters
2025-05-29 18:05:51 | INFO     | app.agents.rag_agent:__init__:67 - Vector extension already exists
2025-05-29 18:05:51 | INFO     | app.agents.rag_agent:__init__:100 - Successfully created or confirmed table public.real_estate_documents
2025-05-29 18:05:51 | INFO     | app.agents.rag_agent:__init__:110 - RAG Agent initialized with full vector search capabilities
2025-05-29 18:05:52 | INFO     | app.services.risk_scoring_service:_load_config:28 - Loaded risk scoring configuration for 17 fields
2025-05-29 18:05:52 | INFO     | app.services.field_validation_service:_load_config:25 - Loaded critical fields: ['parcel_id', 'tax_value', 'property_address', 'MLS_number']
2025-05-29 18:05:52 | INFO     | main:startup_event:1170 - Starting PanoramaScore API
2025-05-29 18:05:52 | INFO     | main:startup_event:1171 - Configuration: Upload folder=./uploads, Max file size=10MB
2025-05-29 18:05:52 | INFO     | main:startup_event:1188 - Starting PanoramaScore API
2025-05-29 18:05:52 | INFO     | main:startup_event:1189 - Configuration: Upload folder=./uploads, Max file size=10MB
2025-05-29 18:06:38 | INFO     | app.utils.file_utils:create_upload_directory:11 - Ensured upload directory exists: ./uploads
2025-05-29 18:06:38 | INFO     | app.utils.document_validator:_load_config:50 - Loaded document patterns: ['CRS_Property_Report_*', 'Zoning_*', 'MLS_*', 'Property_Tax_*', 'Flood_Map_*', 'Title_Search_*', 'Appraisal_*']
2025-05-29 18:06:38 | ERROR    | app.utils.document_validator:_load_existing_checksums:93 - Error loading existing checksums: connection to server at "localhost" (::1), port 5432 failed: FATAL:  password authentication failed for user "postgres"

2025-05-29 18:06:38 | INFO     | app.agents.ocr_normalization_agent:__init__:62 - Found Tesseract at: C:\Program Files\Tesseract-OCR\tesseract.exe
2025-05-29 18:06:38 | INFO     | app.agents.ocr_normalization_agent:__init__:90 - OCR & Normalization Agent initialized with Tesseract OCR support
2025-05-29 18:06:39 | INFO     | app.agents.ocr_normalization_agent:__init__:62 - Found Tesseract at: C:\Program Files\Tesseract-OCR\tesseract.exe
2025-05-29 18:06:39 | INFO     | app.agents.ocr_normalization_agent:__init__:90 - OCR & Normalization Agent initialized with Tesseract OCR support
2025-05-29 18:06:39 | INFO     | app.agents.nlu_extraction_agent:__init__:30 - Loaded spaCy model: en_core_web_sm
2025-05-29 18:06:39 | INFO     | app.agents.embedding_agent:__init__:37 - Embedding Agent initialized successfully
2025-05-29 18:06:39 | INFO     | app.agents.rag_agent:_get_connection:128 - Attempting to connect to database postgres as user postgres...
2025-05-29 18:06:39 | INFO     | app.agents.rag_agent:_get_connection:142 - Database connection successful with PG_* parameters
2025-05-29 18:06:39 | INFO     | app.agents.rag_agent:__init__:67 - Vector extension already exists
2025-05-29 18:06:39 | INFO     | app.agents.rag_agent:__init__:100 - Successfully created or confirmed table public.real_estate_documents
2025-05-29 18:06:39 | INFO     | app.agents.rag_agent:__init__:110 - RAG Agent initialized with full vector search capabilities
2025-05-29 18:06:39 | INFO     | app.services.risk_scoring_service:_load_config:28 - Loaded risk scoring configuration for 17 fields
2025-05-29 18:06:40 | INFO     | app.services.field_validation_service:_load_config:25 - Loaded critical fields: ['parcel_id', 'tax_value', 'property_address', 'MLS_number']
2025-05-29 18:06:40 | INFO     | main:startup_event:1170 - Starting PanoramaScore API
2025-05-29 18:06:40 | INFO     | main:startup_event:1171 - Configuration: Upload folder=./uploads, Max file size=10MB
2025-05-29 18:06:40 | INFO     | main:startup_event:1188 - Starting PanoramaScore API
2025-05-29 18:06:40 | INFO     | main:startup_event:1189 - Configuration: Upload folder=./uploads, Max file size=10MB
2025-05-29 18:08:16 | INFO     | app.utils.file_utils:create_upload_directory:11 - Ensured upload directory exists: ./uploads
2025-05-29 18:08:16 | INFO     | app.utils.document_validator:_load_config:50 - Loaded document patterns: ['CRS_Property_Report_*', 'Zoning_*', 'MLS_*', 'Property_Tax_*', 'Flood_Map_*', 'Title_Search_*', 'Appraisal_*']
2025-05-29 18:08:16 | ERROR    | app.utils.document_validator:_load_existing_checksums:93 - Error loading existing checksums: connection to server at "localhost" (::1), port 5432 failed: FATAL:  password authentication failed for user "postgres"

2025-05-29 18:08:16 | INFO     | app.agents.ocr_normalization_agent:__init__:62 - Found Tesseract at: C:\Program Files\Tesseract-OCR\tesseract.exe
2025-05-29 18:08:16 | INFO     | app.agents.ocr_normalization_agent:__init__:90 - OCR & Normalization Agent initialized with Tesseract OCR support
2025-05-29 18:08:16 | INFO     | app.agents.ocr_normalization_agent:__init__:62 - Found Tesseract at: C:\Program Files\Tesseract-OCR\tesseract.exe
2025-05-29 18:08:16 | INFO     | app.agents.ocr_normalization_agent:__init__:90 - OCR & Normalization Agent initialized with Tesseract OCR support
2025-05-29 18:08:17 | INFO     | app.agents.nlu_extraction_agent:__init__:30 - Loaded spaCy model: en_core_web_sm
2025-05-29 18:08:17 | INFO     | app.agents.embedding_agent:__init__:37 - Embedding Agent initialized successfully
2025-05-29 18:08:17 | INFO     | app.agents.rag_agent:_get_connection:128 - Attempting to connect to database postgres as user postgres...
2025-05-29 18:08:17 | INFO     | app.agents.rag_agent:_get_connection:142 - Database connection successful with PG_* parameters
2025-05-29 18:08:17 | INFO     | app.agents.rag_agent:__init__:67 - Vector extension already exists
2025-05-29 18:08:17 | INFO     | app.agents.rag_agent:__init__:100 - Successfully created or confirmed table public.real_estate_documents
2025-05-29 18:08:17 | INFO     | app.agents.rag_agent:__init__:110 - RAG Agent initialized with full vector search capabilities
2025-05-29 18:08:17 | INFO     | app.services.risk_scoring_service:_load_config:28 - Loaded risk scoring configuration for 17 fields
2025-05-29 18:08:17 | INFO     | app.services.field_validation_service:_load_config:25 - Loaded critical fields: ['parcel_id', 'tax_value', 'property_address', 'MLS_number']
2025-05-29 18:08:17 | INFO     | main:startup_event:1170 - Starting PanoramaScore API
2025-05-29 18:08:17 | INFO     | main:startup_event:1171 - Configuration: Upload folder=./uploads, Max file size=10MB
2025-05-29 18:08:17 | INFO     | main:startup_event:1188 - Starting PanoramaScore API
2025-05-29 18:08:17 | INFO     | main:startup_event:1189 - Configuration: Upload folder=./uploads, Max file size=10MB
2025-05-29 18:09:15 | WARNING  | app.agents.document_ingest_agent:ingest_document:82 - File does not match standard naming patterns: WhatsApp Image 2025-05-29 at 4.47.27 PM.jpeg
2025-05-29 18:09:15 | INFO     | app.agents.document_ingest_agent:ingest_document:110 - File saved: ./uploads\4a3f197c-0e6a-4f89-8bc4-71cc5488d0b6.jpeg
2025-05-29 18:09:15 | WARNING  | app.utils.document_validator:validate_file_integrity:226 - File does not match standard naming patterns: WhatsApp Image 2025-05-29 at 4.47.27 PM.jpeg
2025-05-29 18:09:15 | INFO     | app.agents.document_ingest_agent:ingest_document:152 - Document type detected: Image Document, needs OCR: True, rotation: 0°
2025-05-29 18:09:15 | INFO     | app.agents.ocr_normalization_agent:process_document:105 - Starting enhanced extraction process for ./uploads\4a3f197c-0e6a-4f89-8bc4-71cc5488d0b6.jpeg
2025-05-29 18:09:16 | INFO     | app.utils.extract_fields_util:extract_full_document_text:497 - Detected MLS Property Information Form from content, using specialized extraction
2025-05-29 18:09:19 | INFO     | app.agents.ocr_normalization_agent:process_document:119 - Processing document: Image Document, OCR Needed: True
2025-05-29 18:09:19 | INFO     | app.agents.ocr_normalization_agent:process_document:130 - Extraction complete: 2221 chars
2025-05-29 18:09:19 | INFO     | app.agents.ocr_normalization_agent:process_document:131 - Method: specialized_mls_form_ocr, Confidence: 90.00
2025-05-29 18:09:19 | INFO     | app.agents.ocr_normalization_agent:process_document:151 - Successfully extracted text from 4a3f197c-0e6a-4f89-8bc4-71cc5488d0b6.jpeg
2025-05-29 18:09:19 | INFO     | app.agents.metadata_hashing_agent:process_document:38 - Generated metadata for WhatsApp Image 2025-05-29 at 4.47.27 PM.jpeg
2025-05-29 18:09:19 | INFO     | app.agents.ocr_normalization_agent:process_document:105 - Starting enhanced extraction process for ./uploads\4a3f197c-0e6a-4f89-8bc4-71cc5488d0b6.jpeg
2025-05-29 18:09:20 | INFO     | app.utils.extract_fields_util:extract_full_document_text:497 - Detected MLS Property Information Form from content, using specialized extraction
2025-05-29 18:09:23 | INFO     | app.agents.ocr_normalization_agent:process_document:119 - Processing document: Image Document, OCR Needed: True
2025-05-29 18:09:23 | INFO     | app.agents.ocr_normalization_agent:process_document:130 - Extraction complete: 2221 chars
2025-05-29 18:09:23 | INFO     | app.agents.ocr_normalization_agent:process_document:131 - Method: specialized_mls_form_ocr, Confidence: 90.00
2025-05-29 18:09:23 | INFO     | app.agents.ocr_normalization_agent:process_document:151 - Successfully extracted text from 4a3f197c-0e6a-4f89-8bc4-71cc5488d0b6.jpeg
2025-05-29 18:09:23 | INFO     | app.utils.extract_fields_util:extract_fields_from_text:558 - Processing document text (2221 chars)
2025-05-29 18:09:24 | INFO     | app.agents.nlu_extraction_agent:__init__:30 - Loaded spaCy model: en_core_web_sm
2025-05-29 18:09:25 | INFO     | app.agents.nlu_extraction_agent:extract_fields_sync:300 - Extracted 20 fields from document: document_type, mls_listing, property_address, bathrooms, build_year, land_use_code, flood_risk_score, climate_score, infrastructure_opacity, outdated_tax_delta, regional_data_variation, zoning_record, name, date, amount, price, tax_value, bedrooms, text, extracted_text
2025-05-29 18:09:25 | INFO     | app.agents.nlu_extraction_agent:extract_fields_sync:301 - Successfully extracted 18 field values: {'document_type': 'MLS Property Information Form', 'mls_listing': 'Listing', 'property_address': 'Not Found Price: Not Found Bedrooms: 4 Bathrooms: 3 Property Age: 62 years', 'bathrooms': '3', 'build_year': '1963', 'land_use_code': 'R1', 'flood_risk_score': 'Low Climate Score', 'climate_score': '85 Infrastructure Opacity', 'infrastructure_opacity': 'Low Outdated Tax Delta', 'outdated_tax_delta': '3 Regional Data Variation', 'regional_data_variation': 'Low  ADDITIONAL FIELDS  Property Address', 'zoning_record': 'Residential Flood Risk Score', 'name': 'R1 Zoning Record', 'date': '1963-05-29', 'amount': '$1963.00', 'price': '$1963.00', 'tax_value': '$1963.00', 'bedrooms': '4'}
2025-05-29 18:09:25 | INFO     | app.agents.nlu_extraction_agent:extract_fields:375 - Extracted 21 fields from document: extracted_text, text, document_type, mls_listing, property_address, bathrooms, build_year, land_use_code, flood_risk_score, climate_score, infrastructure_opacity, outdated_tax_delta, regional_data_variation, zoning_record, name, date, amount, price, tax_value, bedrooms, parcel_id
2025-05-29 18:09:25 | INFO     | app.agents.nlu_extraction_agent:extract_fields:379 - Successfully extracted 18 field values: {'document_type': 'MLS Property Information Form', 'mls_listing': 'Listing', 'property_address': 'Not Found Price: Not Found Bedrooms: 4 Bathrooms: 3 Property Age: 62 years', 'bathrooms': '3', 'build_year': '1963', 'land_use_code': 'R1', 'flood_risk_score': 'Low Climate Score', 'climate_score': '85 Infrastructure Opacity', 'infrastructure_opacity': 'Low Outdated Tax Delta', 'outdated_tax_delta': '3 Regional Data Variation', 'regional_data_variation': 'Low  ADDITIONAL FIELDS  Property Address', 'zoning_record': 'Residential Flood Risk Score', 'name': 'R1 Zoning Record', 'date': '1963-05-29', 'amount': '$1963.00', 'price': '$1963.00', 'tax_value': '$1963.00', 'bedrooms': '4'}
2025-05-29 18:09:25 | INFO     | main:process_document:498 - Calculated risk score: 32 based on extracted fields
2025-05-29 18:09:26 | INFO     | app.agents.embedding_agent:generate_embedding:109 - Successfully generated embedding of dimension 1536
2025-05-29 18:09:26 | INFO     | app.agents.embedding_agent:process_document:140 - Successfully processed document and generated embedding
2025-05-29 18:09:26 | INFO     | app.agents.rag_agent:_get_connection:128 - Attempting to connect to database postgres as user postgres...
2025-05-29 18:09:26 | INFO     | app.agents.rag_agent:_get_connection:142 - Database connection successful with PG_* parameters
2025-05-29 18:09:26 | INFO     | app.agents.rag_agent:_get_connection:128 - Attempting to connect to database postgres as user postgres...
2025-05-29 18:09:26 | INFO     | app.agents.rag_agent:_get_connection:142 - Database connection successful with PG_* parameters
2025-05-29 18:09:26 | INFO     | app.agents.rag_agent:_get_connection:128 - Attempting to connect to database postgres as user postgres...
2025-05-29 18:09:27 | INFO     | app.agents.rag_agent:_get_connection:142 - Database connection successful with PG_* parameters
2025-05-29 18:09:27 | INFO     | app.agents.rag_agent:_get_connection:128 - Attempting to connect to database postgres as user postgres...
2025-05-29 18:09:27 | INFO     | app.agents.rag_agent:_get_connection:142 - Database connection successful with PG_* parameters
2025-05-29 18:09:27 | INFO     | app.agents.rag_agent:store_embedding:346 - Successfully stored embedding with ID: a98b0485-1822-4141-94ea-e8109b999431
2025-05-29 18:09:27 | INFO     | app.agents.rag_agent:_get_connection:128 - Attempting to connect to database postgres as user postgres...
2025-05-29 18:09:27 | INFO     | app.agents.rag_agent:_get_connection:142 - Database connection successful with PG_* parameters
2025-05-29 18:09:27 | INFO     | app.agents.rag_agent:_get_connection:128 - Attempting to connect to database postgres as user postgres...
2025-05-29 18:09:27 | INFO     | app.agents.rag_agent:_get_connection:142 - Database connection successful with PG_* parameters
2025-05-29 18:09:27 | INFO     | app.agents.rag_agent:find_similar_documents:444 - Found 3 similar documents
2025-05-29 18:09:27 | INFO     | app.agents.rag_agent:process_document:555 - Successfully processed document through RAG pipeline
2025-05-29 18:09:27 | INFO     | main:process_document:560 - Successfully processed document: WhatsApp Image 2025-05-29 at 4.47.27 PM.jpeg
2025-05-29 18:09:27 | INFO     | main:process_document:1020 - Generated structured text with all required fields displayed
2025-05-29 18:15:52 | INFO     | app.utils.file_utils:create_upload_directory:11 - Ensured upload directory exists: ./uploads
2025-05-29 18:15:52 | INFO     | app.utils.document_validator:_load_config:50 - Loaded document patterns: ['CRS_Property_Report_*', 'Zoning_*', 'MLS_*', 'Property_Tax_*', 'Flood_Map_*', 'Title_Search_*', 'Appraisal_*']
2025-05-29 18:15:52 | ERROR    | app.utils.document_validator:_load_existing_checksums:93 - Error loading existing checksums: connection to server at "localhost" (::1), port 5432 failed: FATAL:  password authentication failed for user "postgres"

2025-05-29 18:15:52 | INFO     | app.agents.ocr_normalization_agent:__init__:62 - Found Tesseract at: C:\Program Files\Tesseract-OCR\tesseract.exe
2025-05-29 18:15:52 | INFO     | app.agents.ocr_normalization_agent:__init__:90 - OCR & Normalization Agent initialized with Tesseract OCR support
2025-05-29 18:15:52 | INFO     | app.agents.ocr_normalization_agent:__init__:62 - Found Tesseract at: C:\Program Files\Tesseract-OCR\tesseract.exe
2025-05-29 18:15:52 | INFO     | app.agents.ocr_normalization_agent:__init__:90 - OCR & Normalization Agent initialized with Tesseract OCR support
2025-05-29 18:15:53 | INFO     | app.agents.nlu_extraction_agent:__init__:30 - Loaded spaCy model: en_core_web_sm
2025-05-29 18:15:53 | INFO     | app.agents.embedding_agent:__init__:37 - Embedding Agent initialized successfully
2025-05-29 18:15:53 | INFO     | app.agents.rag_agent:_get_connection:128 - Attempting to connect to database postgres as user postgres...
2025-05-29 18:15:53 | INFO     | app.agents.rag_agent:_get_connection:142 - Database connection successful with PG_* parameters
2025-05-29 18:15:53 | INFO     | app.agents.rag_agent:__init__:67 - Vector extension already exists
2025-05-29 18:15:53 | INFO     | app.agents.rag_agent:__init__:100 - Successfully created or confirmed table public.real_estate_documents
2025-05-29 18:15:53 | INFO     | app.agents.rag_agent:__init__:110 - RAG Agent initialized with full vector search capabilities
2025-05-29 18:15:53 | INFO     | app.services.risk_scoring_service:_load_config:28 - Loaded risk scoring configuration for 17 fields
2025-05-29 18:15:53 | INFO     | app.services.field_validation_service:_load_config:25 - Loaded critical fields: ['parcel_id', 'tax_value', 'property_address', 'MLS_number']
2025-05-29 18:15:53 | INFO     | main:startup_event:1263 - Starting PanoramaScore API
2025-05-29 18:15:53 | INFO     | main:startup_event:1264 - Configuration: Upload folder=./uploads, Max file size=10MB
2025-05-29 18:15:53 | INFO     | main:startup_event:1281 - Starting PanoramaScore API
2025-05-29 18:15:53 | INFO     | main:startup_event:1282 - Configuration: Upload folder=./uploads, Max file size=10MB
2025-05-29 18:16:59 | INFO     | app.utils.file_utils:create_upload_directory:11 - Ensured upload directory exists: ./uploads
2025-05-29 18:16:59 | INFO     | app.utils.document_validator:_load_config:50 - Loaded document patterns: ['CRS_Property_Report_*', 'Zoning_*', 'MLS_*', 'Property_Tax_*', 'Flood_Map_*', 'Title_Search_*', 'Appraisal_*']
2025-05-29 18:16:59 | ERROR    | app.utils.document_validator:_load_existing_checksums:93 - Error loading existing checksums: connection to server at "localhost" (::1), port 5432 failed: FATAL:  password authentication failed for user "postgres"

2025-05-29 18:16:59 | INFO     | app.agents.ocr_normalization_agent:__init__:62 - Found Tesseract at: C:\Program Files\Tesseract-OCR\tesseract.exe
2025-05-29 18:16:59 | INFO     | app.agents.ocr_normalization_agent:__init__:90 - OCR & Normalization Agent initialized with Tesseract OCR support
2025-05-29 18:16:59 | INFO     | app.agents.ocr_normalization_agent:__init__:62 - Found Tesseract at: C:\Program Files\Tesseract-OCR\tesseract.exe
2025-05-29 18:16:59 | INFO     | app.agents.ocr_normalization_agent:__init__:90 - OCR & Normalization Agent initialized with Tesseract OCR support
2025-05-29 18:17:00 | INFO     | app.agents.nlu_extraction_agent:__init__:30 - Loaded spaCy model: en_core_web_sm
2025-05-29 18:17:00 | INFO     | app.agents.embedding_agent:__init__:37 - Embedding Agent initialized successfully
2025-05-29 18:17:00 | INFO     | app.agents.rag_agent:_get_connection:128 - Attempting to connect to database postgres as user postgres...
2025-05-29 18:17:00 | INFO     | app.agents.rag_agent:_get_connection:142 - Database connection successful with PG_* parameters
2025-05-29 18:17:00 | INFO     | app.agents.rag_agent:__init__:67 - Vector extension already exists
2025-05-29 18:17:00 | INFO     | app.agents.rag_agent:__init__:100 - Successfully created or confirmed table public.real_estate_documents
2025-05-29 18:17:00 | INFO     | app.agents.rag_agent:__init__:110 - RAG Agent initialized with full vector search capabilities
2025-05-29 18:17:00 | INFO     | app.services.risk_scoring_service:_load_config:28 - Loaded risk scoring configuration for 17 fields
2025-05-29 18:17:00 | INFO     | app.services.field_validation_service:_load_config:25 - Loaded critical fields: ['parcel_id', 'tax_value', 'property_address', 'MLS_number']
2025-05-29 18:17:00 | INFO     | main:startup_event:1263 - Starting PanoramaScore API
2025-05-29 18:17:00 | INFO     | main:startup_event:1264 - Configuration: Upload folder=./uploads, Max file size=10MB
2025-05-29 18:17:00 | INFO     | main:startup_event:1281 - Starting PanoramaScore API
2025-05-29 18:17:00 | INFO     | main:startup_event:1282 - Configuration: Upload folder=./uploads, Max file size=10MB
2025-05-29 18:18:22 | WARNING  | app.agents.document_ingest_agent:ingest_document:82 - File does not match standard naming patterns: WhatsApp Image 2025-05-29 at 4.47.27 PM.jpeg
2025-05-29 18:18:22 | INFO     | app.agents.document_ingest_agent:ingest_document:110 - File saved: ./uploads\cba27fbd-d084-41ca-818f-5a5a2b97bbc6.jpeg
2025-05-29 18:18:22 | WARNING  | app.utils.document_validator:validate_file_integrity:226 - File does not match standard naming patterns: WhatsApp Image 2025-05-29 at 4.47.27 PM.jpeg
2025-05-29 18:18:22 | INFO     | app.agents.document_ingest_agent:ingest_document:152 - Document type detected: Image Document, needs OCR: True, rotation: 0°
2025-05-29 18:18:22 | INFO     | app.agents.ocr_normalization_agent:process_document:105 - Starting enhanced extraction process for ./uploads\cba27fbd-d084-41ca-818f-5a5a2b97bbc6.jpeg
2025-05-29 18:18:23 | INFO     | app.utils.extract_fields_util:extract_full_document_text:497 - Detected MLS Property Information Form from content, using specialized extraction
2025-05-29 18:18:26 | INFO     | app.agents.ocr_normalization_agent:process_document:119 - Processing document: Image Document, OCR Needed: True
2025-05-29 18:18:26 | INFO     | app.agents.ocr_normalization_agent:process_document:130 - Extraction complete: 2221 chars
2025-05-29 18:18:26 | INFO     | app.agents.ocr_normalization_agent:process_document:131 - Method: specialized_mls_form_ocr, Confidence: 90.00
2025-05-29 18:18:26 | INFO     | app.agents.ocr_normalization_agent:process_document:151 - Successfully extracted text from cba27fbd-d084-41ca-818f-5a5a2b97bbc6.jpeg
2025-05-29 18:18:26 | INFO     | app.agents.metadata_hashing_agent:process_document:38 - Generated metadata for WhatsApp Image 2025-05-29 at 4.47.27 PM.jpeg
2025-05-29 18:18:26 | INFO     | app.agents.ocr_normalization_agent:process_document:105 - Starting enhanced extraction process for ./uploads\cba27fbd-d084-41ca-818f-5a5a2b97bbc6.jpeg
2025-05-29 18:18:27 | INFO     | app.utils.extract_fields_util:extract_full_document_text:497 - Detected MLS Property Information Form from content, using specialized extraction
2025-05-29 18:18:30 | INFO     | app.agents.ocr_normalization_agent:process_document:119 - Processing document: Image Document, OCR Needed: True
2025-05-29 18:18:30 | INFO     | app.agents.ocr_normalization_agent:process_document:130 - Extraction complete: 2221 chars
2025-05-29 18:18:30 | INFO     | app.agents.ocr_normalization_agent:process_document:131 - Method: specialized_mls_form_ocr, Confidence: 90.00
2025-05-29 18:18:30 | INFO     | app.agents.ocr_normalization_agent:process_document:151 - Successfully extracted text from cba27fbd-d084-41ca-818f-5a5a2b97bbc6.jpeg
2025-05-29 18:18:30 | INFO     | app.utils.extract_fields_util:extract_fields_from_text:558 - Processing document text (2221 chars)
2025-05-29 18:18:31 | INFO     | app.agents.nlu_extraction_agent:__init__:30 - Loaded spaCy model: en_core_web_sm
2025-05-29 18:18:32 | INFO     | app.agents.nlu_extraction_agent:extract_fields_sync:300 - Extracted 20 fields from document: document_type, mls_listing, property_address, bathrooms, build_year, land_use_code, flood_risk_score, climate_score, infrastructure_opacity, outdated_tax_delta, regional_data_variation, zoning_record, name, date, amount, price, tax_value, bedrooms, text, extracted_text
2025-05-29 18:18:32 | INFO     | app.agents.nlu_extraction_agent:extract_fields_sync:301 - Successfully extracted 18 field values: {'document_type': 'MLS Property Information Form', 'mls_listing': 'Listing', 'property_address': 'Not Found Price: Not Found Bedrooms: 4 Bathrooms: 3 Property Age: 62 years', 'bathrooms': '3', 'build_year': '1963', 'land_use_code': 'R1', 'flood_risk_score': 'Low Climate Score', 'climate_score': '85 Infrastructure Opacity', 'infrastructure_opacity': 'Low Outdated Tax Delta', 'outdated_tax_delta': '3 Regional Data Variation', 'regional_data_variation': 'Low  ADDITIONAL FIELDS  Property Address', 'zoning_record': 'Residential Flood Risk Score', 'name': 'R1 Zoning Record', 'date': '1963-05-29', 'amount': '$1963.00', 'price': '$1963.00', 'tax_value': '$1963.00', 'bedrooms': '4'}
2025-05-29 18:18:32 | INFO     | app.agents.nlu_extraction_agent:extract_fields:375 - Extracted 21 fields from document: extracted_text, text, document_type, mls_listing, property_address, bathrooms, build_year, land_use_code, flood_risk_score, climate_score, infrastructure_opacity, outdated_tax_delta, regional_data_variation, zoning_record, name, date, amount, price, tax_value, bedrooms, parcel_id
2025-05-29 18:18:32 | INFO     | app.agents.nlu_extraction_agent:extract_fields:379 - Successfully extracted 18 field values: {'document_type': 'MLS Property Information Form', 'mls_listing': 'Listing', 'property_address': 'Not Found Price: Not Found Bedrooms: 4 Bathrooms: 3 Property Age: 62 years', 'bathrooms': '3', 'build_year': '1963', 'land_use_code': 'R1', 'flood_risk_score': 'Low Climate Score', 'climate_score': '85 Infrastructure Opacity', 'infrastructure_opacity': 'Low Outdated Tax Delta', 'outdated_tax_delta': '3 Regional Data Variation', 'regional_data_variation': 'Low  ADDITIONAL FIELDS  Property Address', 'zoning_record': 'Residential Flood Risk Score', 'name': 'R1 Zoning Record', 'date': '1963-05-29', 'amount': '$1963.00', 'price': '$1963.00', 'tax_value': '$1963.00', 'bedrooms': '4'}
2025-05-29 18:18:32 | INFO     | main:process_document:498 - Calculated risk score: 32 based on extracted fields
2025-05-29 18:18:36 | INFO     | app.agents.embedding_agent:generate_embedding:109 - Successfully generated embedding of dimension 1536
2025-05-29 18:18:36 | INFO     | app.agents.embedding_agent:process_document:140 - Successfully processed document and generated embedding
2025-05-29 18:18:36 | INFO     | app.agents.rag_agent:_get_connection:128 - Attempting to connect to database postgres as user postgres...
2025-05-29 18:18:36 | INFO     | app.agents.rag_agent:_get_connection:142 - Database connection successful with PG_* parameters
2025-05-29 18:18:36 | INFO     | app.agents.rag_agent:_get_connection:128 - Attempting to connect to database postgres as user postgres...
2025-05-29 18:18:36 | INFO     | app.agents.rag_agent:_get_connection:142 - Database connection successful with PG_* parameters
2025-05-29 18:18:36 | INFO     | app.agents.rag_agent:_get_connection:128 - Attempting to connect to database postgres as user postgres...
2025-05-29 18:18:36 | INFO     | app.agents.rag_agent:_get_connection:142 - Database connection successful with PG_* parameters
2025-05-29 18:18:36 | INFO     | app.agents.rag_agent:_get_connection:128 - Attempting to connect to database postgres as user postgres...
2025-05-29 18:18:36 | INFO     | app.agents.rag_agent:_get_connection:142 - Database connection successful with PG_* parameters
2025-05-29 18:18:36 | INFO     | app.agents.rag_agent:store_embedding:346 - Successfully stored embedding with ID: 7c489329-771c-42cf-bbd9-10f0c644ada6
2025-05-29 18:18:36 | INFO     | app.agents.rag_agent:_get_connection:128 - Attempting to connect to database postgres as user postgres...
2025-05-29 18:18:36 | INFO     | app.agents.rag_agent:_get_connection:142 - Database connection successful with PG_* parameters
2025-05-29 18:18:36 | INFO     | app.agents.rag_agent:_get_connection:128 - Attempting to connect to database postgres as user postgres...
2025-05-29 18:18:36 | INFO     | app.agents.rag_agent:_get_connection:142 - Database connection successful with PG_* parameters
2025-05-29 18:18:36 | INFO     | app.agents.rag_agent:find_similar_documents:444 - Found 3 similar documents
2025-05-29 18:18:36 | INFO     | app.agents.rag_agent:process_document:555 - Successfully processed document through RAG pipeline
2025-05-29 18:18:36 | INFO     | main:process_document:560 - Successfully processed document: WhatsApp Image 2025-05-29 at 4.47.27 PM.jpeg
2025-05-29 18:18:36 | INFO     | main:process_document:1020 - Generated structured text with all required fields displayed
2025-05-29 19:00:29 | INFO     | app.utils.file_utils:create_upload_directory:11 - Ensured upload directory exists: ./uploads
2025-05-29 19:00:29 | INFO     | app.utils.document_validator:_load_config:50 - Loaded document patterns: ['CRS_Property_Report_*', 'Zoning_*', 'MLS_*', 'Property_Tax_*', 'Flood_Map_*', 'Title_Search_*', 'Appraisal_*']
2025-05-29 19:00:29 | ERROR    | app.utils.document_validator:_load_existing_checksums:93 - Error loading existing checksums: connection to server at "localhost" (::1), port 5432 failed: FATAL:  password authentication failed for user "postgres"

2025-05-29 19:00:29 | INFO     | app.agents.ocr_normalization_agent:__init__:62 - Found Tesseract at: C:\Program Files\Tesseract-OCR\tesseract.exe
2025-05-29 19:00:29 | INFO     | app.agents.ocr_normalization_agent:__init__:90 - OCR & Normalization Agent initialized with Tesseract OCR support
2025-05-29 19:00:29 | INFO     | app.agents.ocr_normalization_agent:__init__:62 - Found Tesseract at: C:\Program Files\Tesseract-OCR\tesseract.exe
2025-05-29 19:00:29 | INFO     | app.agents.ocr_normalization_agent:__init__:90 - OCR & Normalization Agent initialized with Tesseract OCR support
2025-05-29 19:00:30 | INFO     | app.agents.nlu_extraction_agent:__init__:30 - Loaded spaCy model: en_core_web_sm
2025-05-29 19:00:30 | INFO     | app.agents.embedding_agent:__init__:37 - Embedding Agent initialized successfully
2025-05-29 19:00:30 | INFO     | app.agents.rag_agent:_get_connection:128 - Attempting to connect to database postgres as user postgres...
2025-05-29 19:00:30 | INFO     | app.agents.rag_agent:_get_connection:142 - Database connection successful with PG_* parameters
2025-05-29 19:00:30 | INFO     | app.agents.rag_agent:__init__:67 - Vector extension already exists
2025-05-29 19:00:30 | INFO     | app.agents.rag_agent:__init__:100 - Successfully created or confirmed table public.real_estate_documents
2025-05-29 19:00:30 | INFO     | app.agents.rag_agent:__init__:110 - RAG Agent initialized with full vector search capabilities
2025-05-29 19:00:30 | INFO     | app.services.risk_scoring_service:_load_config:28 - Loaded risk scoring configuration for 17 fields
2025-05-29 19:00:31 | INFO     | app.services.field_validation_service:_load_config:25 - Loaded critical fields: ['parcel_id', 'tax_value', 'property_address', 'MLS_number']
2025-05-29 19:00:31 | INFO     | main:startup_event:1339 - Starting PanoramaScore API
2025-05-29 19:00:31 | INFO     | main:startup_event:1340 - Configuration: Upload folder=./uploads, Max file size=10MB
2025-05-29 19:00:31 | INFO     | main:startup_event:1357 - Starting PanoramaScore API
2025-05-29 19:00:31 | INFO     | main:startup_event:1358 - Configuration: Upload folder=./uploads, Max file size=10MB
2025-05-29 19:01:30 | INFO     | app.utils.file_utils:create_upload_directory:11 - Ensured upload directory exists: ./uploads
2025-05-29 19:01:30 | INFO     | app.utils.document_validator:_load_config:50 - Loaded document patterns: ['CRS_Property_Report_*', 'Zoning_*', 'MLS_*', 'Property_Tax_*', 'Flood_Map_*', 'Title_Search_*', 'Appraisal_*']
2025-05-29 19:01:30 | ERROR    | app.utils.document_validator:_load_existing_checksums:93 - Error loading existing checksums: connection to server at "localhost" (::1), port 5432 failed: FATAL:  password authentication failed for user "postgres"

2025-05-29 19:01:30 | INFO     | app.agents.ocr_normalization_agent:__init__:62 - Found Tesseract at: C:\Program Files\Tesseract-OCR\tesseract.exe
2025-05-29 19:01:30 | INFO     | app.agents.ocr_normalization_agent:__init__:90 - OCR & Normalization Agent initialized with Tesseract OCR support
2025-05-29 19:01:30 | INFO     | app.agents.ocr_normalization_agent:__init__:62 - Found Tesseract at: C:\Program Files\Tesseract-OCR\tesseract.exe
2025-05-29 19:01:30 | INFO     | app.agents.ocr_normalization_agent:__init__:90 - OCR & Normalization Agent initialized with Tesseract OCR support
2025-05-29 19:01:31 | INFO     | app.agents.nlu_extraction_agent:__init__:30 - Loaded spaCy model: en_core_web_sm
2025-05-29 19:01:31 | INFO     | app.agents.embedding_agent:__init__:37 - Embedding Agent initialized successfully
2025-05-29 19:01:31 | INFO     | app.agents.rag_agent:_get_connection:128 - Attempting to connect to database postgres as user postgres...
2025-05-29 19:01:31 | INFO     | app.agents.rag_agent:_get_connection:142 - Database connection successful with PG_* parameters
2025-05-29 19:01:31 | INFO     | app.agents.rag_agent:__init__:67 - Vector extension already exists
2025-05-29 19:01:31 | INFO     | app.agents.rag_agent:__init__:100 - Successfully created or confirmed table public.real_estate_documents
2025-05-29 19:01:31 | INFO     | app.agents.rag_agent:__init__:110 - RAG Agent initialized with full vector search capabilities
2025-05-29 19:01:31 | INFO     | app.services.risk_scoring_service:_load_config:28 - Loaded risk scoring configuration for 17 fields
2025-05-29 19:01:31 | INFO     | app.services.field_validation_service:_load_config:25 - Loaded critical fields: ['parcel_id', 'tax_value', 'property_address', 'MLS_number']
2025-05-29 19:01:31 | INFO     | main:startup_event:1339 - Starting PanoramaScore API
2025-05-29 19:01:31 | INFO     | main:startup_event:1340 - Configuration: Upload folder=./uploads, Max file size=10MB
2025-05-29 19:01:31 | INFO     | main:startup_event:1357 - Starting PanoramaScore API
2025-05-29 19:01:31 | INFO     | main:startup_event:1358 - Configuration: Upload folder=./uploads, Max file size=10MB
2025-05-29 19:03:43 | WARNING  | app.agents.document_ingest_agent:ingest_document:82 - File does not match standard naming patterns: WhatsApp Image 2025-05-29 at 4.47.27 PM.jpeg
2025-05-29 19:03:43 | INFO     | app.agents.document_ingest_agent:ingest_document:110 - File saved: ./uploads\67689b43-862a-4206-ba37-23fca8b3ac99.jpeg
2025-05-29 19:03:43 | WARNING  | app.utils.document_validator:validate_file_integrity:226 - File does not match standard naming patterns: WhatsApp Image 2025-05-29 at 4.47.27 PM.jpeg
2025-05-29 19:03:43 | INFO     | app.agents.document_ingest_agent:ingest_document:152 - Document type detected: Image Document, needs OCR: True, rotation: 0°
2025-05-29 19:03:43 | INFO     | app.agents.ocr_normalization_agent:process_document:105 - Starting enhanced extraction process for ./uploads\67689b43-862a-4206-ba37-23fca8b3ac99.jpeg
2025-05-29 19:03:44 | INFO     | app.utils.extract_fields_util:extract_full_document_text:497 - Detected MLS Property Information Form from content, using specialized extraction
2025-05-29 19:03:49 | INFO     | app.agents.ocr_normalization_agent:process_document:119 - Processing document: Image Document, OCR Needed: True
2025-05-29 19:03:49 | INFO     | app.agents.ocr_normalization_agent:process_document:130 - Extraction complete: 2221 chars
2025-05-29 19:03:49 | INFO     | app.agents.ocr_normalization_agent:process_document:131 - Method: specialized_mls_form_ocr, Confidence: 90.00
2025-05-29 19:03:49 | INFO     | app.agents.ocr_normalization_agent:process_document:151 - Successfully extracted text from 67689b43-862a-4206-ba37-23fca8b3ac99.jpeg
2025-05-29 19:03:49 | INFO     | app.agents.metadata_hashing_agent:process_document:38 - Generated metadata for WhatsApp Image 2025-05-29 at 4.47.27 PM.jpeg
2025-05-29 19:03:49 | INFO     | app.agents.ocr_normalization_agent:process_document:105 - Starting enhanced extraction process for ./uploads\67689b43-862a-4206-ba37-23fca8b3ac99.jpeg
2025-05-29 19:03:50 | INFO     | app.utils.extract_fields_util:extract_full_document_text:497 - Detected MLS Property Information Form from content, using specialized extraction
2025-05-29 19:03:53 | INFO     | app.agents.ocr_normalization_agent:process_document:119 - Processing document: Image Document, OCR Needed: True
2025-05-29 19:03:53 | INFO     | app.agents.ocr_normalization_agent:process_document:130 - Extraction complete: 2221 chars
2025-05-29 19:03:53 | INFO     | app.agents.ocr_normalization_agent:process_document:131 - Method: specialized_mls_form_ocr, Confidence: 90.00
2025-05-29 19:03:53 | INFO     | app.agents.ocr_normalization_agent:process_document:151 - Successfully extracted text from 67689b43-862a-4206-ba37-23fca8b3ac99.jpeg
2025-05-29 19:03:53 | INFO     | app.utils.extract_fields_util:extract_fields_from_text:558 - Processing document text (2221 chars)
2025-05-29 19:03:54 | INFO     | app.agents.nlu_extraction_agent:__init__:30 - Loaded spaCy model: en_core_web_sm
2025-05-29 19:03:56 | INFO     | app.agents.nlu_extraction_agent:extract_fields_sync:300 - Extracted 20 fields from document: document_type, mls_listing, property_address, bathrooms, build_year, land_use_code, flood_risk_score, climate_score, infrastructure_opacity, outdated_tax_delta, regional_data_variation, zoning_record, name, date, amount, price, tax_value, bedrooms, text, extracted_text
2025-05-29 19:03:56 | INFO     | app.agents.nlu_extraction_agent:extract_fields_sync:301 - Successfully extracted 18 field values: {'document_type': 'MLS Property Information Form', 'mls_listing': 'Listing', 'property_address': 'Not Found Price: Not Found Bedrooms: 4 Bathrooms: 3 Property Age: 62 years', 'bathrooms': '3', 'build_year': '1963', 'land_use_code': 'R1', 'flood_risk_score': 'Low Climate Score', 'climate_score': '85 Infrastructure Opacity', 'infrastructure_opacity': 'Low Outdated Tax Delta', 'outdated_tax_delta': '3 Regional Data Variation', 'regional_data_variation': 'Low  ADDITIONAL FIELDS  Property Address', 'zoning_record': 'Residential Flood Risk Score', 'name': 'R1 Zoning Record', 'date': '1963-05-29', 'amount': '$1963.00', 'price': '$1963.00', 'tax_value': '$1963.00', 'bedrooms': '4'}
2025-05-29 19:03:56 | INFO     | app.agents.nlu_extraction_agent:extract_fields:375 - Extracted 21 fields from document: extracted_text, text, document_type, mls_listing, property_address, bathrooms, build_year, land_use_code, flood_risk_score, climate_score, infrastructure_opacity, outdated_tax_delta, regional_data_variation, zoning_record, name, date, amount, price, tax_value, bedrooms, parcel_id
2025-05-29 19:03:56 | INFO     | app.agents.nlu_extraction_agent:extract_fields:379 - Successfully extracted 18 field values: {'document_type': 'MLS Property Information Form', 'mls_listing': 'Listing', 'property_address': 'Not Found Price: Not Found Bedrooms: 4 Bathrooms: 3 Property Age: 62 years', 'bathrooms': '3', 'build_year': '1963', 'land_use_code': 'R1', 'flood_risk_score': 'Low Climate Score', 'climate_score': '85 Infrastructure Opacity', 'infrastructure_opacity': 'Low Outdated Tax Delta', 'outdated_tax_delta': '3 Regional Data Variation', 'regional_data_variation': 'Low  ADDITIONAL FIELDS  Property Address', 'zoning_record': 'Residential Flood Risk Score', 'name': 'R1 Zoning Record', 'date': '1963-05-29', 'amount': '$1963.00', 'price': '$1963.00', 'tax_value': '$1963.00', 'bedrooms': '4'}
2025-05-29 19:03:56 | INFO     | main:process_document:498 - Calculated risk score: 32 based on extracted fields
2025-05-29 19:03:57 | INFO     | app.agents.embedding_agent:generate_embedding:109 - Successfully generated embedding of dimension 1536
2025-05-29 19:03:57 | INFO     | app.agents.embedding_agent:process_document:140 - Successfully processed document and generated embedding
2025-05-29 19:03:57 | INFO     | app.agents.rag_agent:_get_connection:128 - Attempting to connect to database postgres as user postgres...
2025-05-29 19:03:58 | INFO     | app.agents.rag_agent:_get_connection:142 - Database connection successful with PG_* parameters
2025-05-29 19:03:58 | INFO     | app.agents.rag_agent:_get_connection:128 - Attempting to connect to database postgres as user postgres...
2025-05-29 19:03:58 | INFO     | app.agents.rag_agent:_get_connection:142 - Database connection successful with PG_* parameters
2025-05-29 19:03:58 | INFO     | app.agents.rag_agent:_get_connection:128 - Attempting to connect to database postgres as user postgres...
2025-05-29 19:03:58 | INFO     | app.agents.rag_agent:_get_connection:142 - Database connection successful with PG_* parameters
2025-05-29 19:03:58 | INFO     | app.agents.rag_agent:_get_connection:128 - Attempting to connect to database postgres as user postgres...
2025-05-29 19:03:58 | INFO     | app.agents.rag_agent:_get_connection:142 - Database connection successful with PG_* parameters
2025-05-29 19:03:58 | INFO     | app.agents.rag_agent:store_embedding:346 - Successfully stored embedding with ID: 0b7b32e5-8108-496b-a0f9-576d8d817578
2025-05-29 19:03:58 | INFO     | app.agents.rag_agent:_get_connection:128 - Attempting to connect to database postgres as user postgres...
2025-05-29 19:03:58 | INFO     | app.agents.rag_agent:_get_connection:142 - Database connection successful with PG_* parameters
2025-05-29 19:03:58 | INFO     | app.agents.rag_agent:_get_connection:128 - Attempting to connect to database postgres as user postgres...
2025-05-29 19:03:58 | INFO     | app.agents.rag_agent:_get_connection:142 - Database connection successful with PG_* parameters
2025-05-29 19:03:58 | INFO     | app.agents.rag_agent:find_similar_documents:444 - Found 3 similar documents
2025-05-29 19:03:58 | INFO     | app.agents.rag_agent:process_document:555 - Successfully processed document through RAG pipeline
2025-05-29 19:03:58 | INFO     | main:process_document:560 - Successfully processed document: WhatsApp Image 2025-05-29 at 4.47.27 PM.jpeg
2025-05-29 19:03:58 | INFO     | main:process_document:1062 - Generated structured text with all required fields displayed
2025-05-29 20:21:22 | INFO     | app.utils.file_utils:create_upload_directory:11 - Ensured upload directory exists: ./uploads
2025-05-29 20:21:22 | INFO     | app.utils.document_validator:_load_config:50 - Loaded document patterns: ['CRS_Property_Report_*', 'Zoning_*', 'MLS_*', 'Property_Tax_*', 'Flood_Map_*', 'Title_Search_*', 'Appraisal_*']
2025-05-29 20:21:22 | ERROR    | app.utils.document_validator:_load_existing_checksums:93 - Error loading existing checksums: connection to server at "localhost" (::1), port 5432 failed: FATAL:  password authentication failed for user "postgres"

2025-05-29 20:21:22 | INFO     | app.agents.ocr_normalization_agent:__init__:62 - Found Tesseract at: C:\Program Files\Tesseract-OCR\tesseract.exe
2025-05-29 20:21:22 | INFO     | app.agents.ocr_normalization_agent:__init__:90 - OCR & Normalization Agent initialized with Tesseract OCR support
2025-05-29 20:21:22 | INFO     | app.agents.ocr_normalization_agent:__init__:62 - Found Tesseract at: C:\Program Files\Tesseract-OCR\tesseract.exe
2025-05-29 20:21:22 | INFO     | app.agents.ocr_normalization_agent:__init__:90 - OCR & Normalization Agent initialized with Tesseract OCR support
2025-05-29 20:21:23 | INFO     | app.agents.nlu_extraction_agent:__init__:30 - Loaded spaCy model: en_core_web_sm
2025-05-29 20:21:23 | INFO     | app.agents.embedding_agent:__init__:37 - Embedding Agent initialized successfully
2025-05-29 20:21:23 | INFO     | app.agents.rag_agent:_get_connection:128 - Attempting to connect to database postgres as user postgres...
2025-05-29 20:21:23 | INFO     | app.agents.rag_agent:_get_connection:142 - Database connection successful with PG_* parameters
2025-05-29 20:21:23 | INFO     | app.agents.rag_agent:__init__:67 - Vector extension already exists
2025-05-29 20:21:23 | INFO     | app.agents.rag_agent:__init__:100 - Successfully created or confirmed table public.real_estate_documents
2025-05-29 20:21:23 | INFO     | app.agents.rag_agent:__init__:110 - RAG Agent initialized with full vector search capabilities
2025-05-29 20:21:23 | INFO     | app.services.risk_scoring_service:_load_config:28 - Loaded risk scoring configuration for 17 fields
2025-05-29 20:21:23 | INFO     | app.services.field_validation_service:_load_config:25 - Loaded critical fields: ['parcel_id', 'tax_value', 'property_address', 'MLS_number']
2025-05-29 20:21:23 | INFO     | main:startup_event:1339 - Starting PanoramaScore API
2025-05-29 20:21:23 | INFO     | main:startup_event:1340 - Configuration: Upload folder=./uploads, Max file size=10MB
2025-05-29 20:21:23 | INFO     | main:startup_event:1357 - Starting PanoramaScore API
2025-05-29 20:21:23 | INFO     | main:startup_event:1358 - Configuration: Upload folder=./uploads, Max file size=10MB
2025-05-29 20:22:12 | INFO     | app.utils.file_utils:create_upload_directory:11 - Ensured upload directory exists: ./uploads
2025-05-29 20:22:13 | INFO     | app.utils.document_validator:_load_config:50 - Loaded document patterns: ['CRS_Property_Report_*', 'Zoning_*', 'MLS_*', 'Property_Tax_*', 'Flood_Map_*', 'Title_Search_*', 'Appraisal_*']
2025-05-29 20:22:13 | ERROR    | app.utils.document_validator:_load_existing_checksums:93 - Error loading existing checksums: connection to server at "localhost" (::1), port 5432 failed: FATAL:  password authentication failed for user "postgres"

2025-05-29 20:22:13 | INFO     | app.agents.ocr_normalization_agent:__init__:62 - Found Tesseract at: C:\Program Files\Tesseract-OCR\tesseract.exe
2025-05-29 20:22:13 | INFO     | app.agents.ocr_normalization_agent:__init__:90 - OCR & Normalization Agent initialized with Tesseract OCR support
2025-05-29 20:22:13 | INFO     | app.agents.ocr_normalization_agent:__init__:62 - Found Tesseract at: C:\Program Files\Tesseract-OCR\tesseract.exe
2025-05-29 20:22:13 | INFO     | app.agents.ocr_normalization_agent:__init__:90 - OCR & Normalization Agent initialized with Tesseract OCR support
2025-05-29 20:22:13 | INFO     | app.agents.nlu_extraction_agent:__init__:30 - Loaded spaCy model: en_core_web_sm
2025-05-29 20:22:13 | INFO     | app.agents.embedding_agent:__init__:37 - Embedding Agent initialized successfully
2025-05-29 20:22:13 | INFO     | app.agents.rag_agent:_get_connection:128 - Attempting to connect to database postgres as user postgres...
2025-05-29 20:22:13 | INFO     | app.agents.rag_agent:_get_connection:142 - Database connection successful with PG_* parameters
2025-05-29 20:22:13 | INFO     | app.agents.rag_agent:__init__:67 - Vector extension already exists
2025-05-29 20:22:13 | INFO     | app.agents.rag_agent:__init__:100 - Successfully created or confirmed table public.real_estate_documents
2025-05-29 20:22:13 | INFO     | app.agents.rag_agent:__init__:110 - RAG Agent initialized with full vector search capabilities
2025-05-29 20:22:14 | INFO     | app.services.risk_scoring_service:_load_config:28 - Loaded risk scoring configuration for 17 fields
2025-05-29 20:22:14 | INFO     | app.services.field_validation_service:_load_config:25 - Loaded critical fields: ['parcel_id', 'tax_value', 'property_address', 'MLS_number']
2025-05-29 20:22:14 | INFO     | main:startup_event:1339 - Starting PanoramaScore API
2025-05-29 20:22:14 | INFO     | main:startup_event:1340 - Configuration: Upload folder=./uploads, Max file size=10MB
2025-05-29 20:22:14 | INFO     | main:startup_event:1357 - Starting PanoramaScore API
2025-05-29 20:22:14 | INFO     | main:startup_event:1358 - Configuration: Upload folder=./uploads, Max file size=10MB
2025-05-29 20:51:32 | INFO     | app.utils.file_utils:create_upload_directory:11 - Ensured upload directory exists: ./uploads
2025-05-29 20:51:33 | INFO     | app.utils.document_validator:_load_config:50 - Loaded document patterns: ['CRS_Property_Report_*', 'Zoning_*', 'MLS_*', 'Property_Tax_*', 'Flood_Map_*', 'Title_Search_*', 'Appraisal_*']
2025-05-29 20:51:33 | ERROR    | app.utils.document_validator:_load_existing_checksums:93 - Error loading existing checksums: connection to server at "localhost" (::1), port 5432 failed: FATAL:  password authentication failed for user "postgres"

2025-05-29 20:51:33 | INFO     | app.agents.ocr_normalization_agent:__init__:62 - Found Tesseract at: C:\Program Files\Tesseract-OCR\tesseract.exe
2025-05-29 20:51:33 | INFO     | app.agents.ocr_normalization_agent:__init__:90 - OCR & Normalization Agent initialized with Tesseract OCR support
2025-05-29 20:51:33 | INFO     | app.agents.ocr_normalization_agent:__init__:62 - Found Tesseract at: C:\Program Files\Tesseract-OCR\tesseract.exe
2025-05-29 20:51:33 | INFO     | app.agents.ocr_normalization_agent:__init__:90 - OCR & Normalization Agent initialized with Tesseract OCR support
2025-05-29 20:51:34 | INFO     | app.agents.nlu_extraction_agent:__init__:30 - Loaded spaCy model: en_core_web_sm
2025-05-29 20:51:34 | INFO     | app.agents.embedding_agent:__init__:37 - Embedding Agent initialized successfully
2025-05-29 20:51:34 | INFO     | app.agents.rag_agent:_get_connection:128 - Attempting to connect to database postgres as user postgres...
2025-05-29 20:51:34 | INFO     | app.agents.rag_agent:_get_connection:142 - Database connection successful with PG_* parameters
2025-05-29 20:51:34 | INFO     | app.agents.rag_agent:__init__:67 - Vector extension already exists
2025-05-29 20:51:34 | INFO     | app.agents.rag_agent:__init__:100 - Successfully created or confirmed table public.real_estate_documents
2025-05-29 20:51:34 | INFO     | app.agents.rag_agent:__init__:110 - RAG Agent initialized with full vector search capabilities
2025-05-29 20:51:34 | INFO     | app.services.risk_scoring_service:_load_config:28 - Loaded risk scoring configuration for 17 fields
2025-05-29 20:51:34 | INFO     | app.services.field_validation_service:_load_config:25 - Loaded critical fields: ['parcel_id', 'tax_value', 'property_address', 'MLS_number']
2025-05-29 20:51:34 | INFO     | main:startup_event:1474 - Starting PanoramaScore API
2025-05-29 20:51:34 | INFO     | main:startup_event:1475 - Configuration: Upload folder=./uploads, Max file size=10MB
2025-05-29 20:51:34 | INFO     | main:startup_event:1492 - Starting PanoramaScore API
2025-05-29 20:51:34 | INFO     | main:startup_event:1493 - Configuration: Upload folder=./uploads, Max file size=10MB
2025-05-29 20:52:23 | INFO     | app.utils.file_utils:create_upload_directory:11 - Ensured upload directory exists: ./uploads
2025-05-29 20:52:23 | INFO     | app.utils.document_validator:_load_config:50 - Loaded document patterns: ['CRS_Property_Report_*', 'Zoning_*', 'MLS_*', 'Property_Tax_*', 'Flood_Map_*', 'Title_Search_*', 'Appraisal_*']
2025-05-29 20:52:23 | ERROR    | app.utils.document_validator:_load_existing_checksums:93 - Error loading existing checksums: connection to server at "localhost" (::1), port 5432 failed: FATAL:  password authentication failed for user "postgres"

2025-05-29 20:52:23 | INFO     | app.agents.ocr_normalization_agent:__init__:62 - Found Tesseract at: C:\Program Files\Tesseract-OCR\tesseract.exe
2025-05-29 20:52:23 | INFO     | app.agents.ocr_normalization_agent:__init__:90 - OCR & Normalization Agent initialized with Tesseract OCR support
2025-05-29 20:52:23 | INFO     | app.agents.ocr_normalization_agent:__init__:62 - Found Tesseract at: C:\Program Files\Tesseract-OCR\tesseract.exe
2025-05-29 20:52:23 | INFO     | app.agents.ocr_normalization_agent:__init__:90 - OCR & Normalization Agent initialized with Tesseract OCR support
2025-05-29 20:52:24 | INFO     | app.agents.nlu_extraction_agent:__init__:30 - Loaded spaCy model: en_core_web_sm
2025-05-29 20:52:24 | INFO     | app.agents.embedding_agent:__init__:37 - Embedding Agent initialized successfully
2025-05-29 20:52:24 | INFO     | app.agents.rag_agent:_get_connection:128 - Attempting to connect to database postgres as user postgres...
2025-05-29 20:52:24 | INFO     | app.agents.rag_agent:_get_connection:142 - Database connection successful with PG_* parameters
2025-05-29 20:52:24 | INFO     | app.agents.rag_agent:__init__:67 - Vector extension already exists
2025-05-29 20:52:24 | INFO     | app.agents.rag_agent:__init__:100 - Successfully created or confirmed table public.real_estate_documents
2025-05-29 20:52:24 | INFO     | app.agents.rag_agent:__init__:110 - RAG Agent initialized with full vector search capabilities
2025-05-29 20:52:24 | INFO     | app.services.risk_scoring_service:_load_config:28 - Loaded risk scoring configuration for 17 fields
2025-05-29 20:52:24 | INFO     | app.services.field_validation_service:_load_config:25 - Loaded critical fields: ['parcel_id', 'tax_value', 'property_address', 'MLS_number']
2025-05-29 20:52:24 | INFO     | main:startup_event:1474 - Starting PanoramaScore API
2025-05-29 20:52:24 | INFO     | main:startup_event:1475 - Configuration: Upload folder=./uploads, Max file size=10MB
2025-05-29 20:52:24 | INFO     | main:startup_event:1492 - Starting PanoramaScore API
2025-05-29 20:52:24 | INFO     | main:startup_event:1493 - Configuration: Upload folder=./uploads, Max file size=10MB
2025-05-29 20:55:01 | WARNING  | app.agents.document_ingest_agent:ingest_document:82 - File does not match standard naming patterns: WhatsApp Image 2025-05-29 at 4.47.27 PM.jpeg
2025-05-29 20:55:01 | INFO     | app.agents.document_ingest_agent:ingest_document:110 - File saved: ./uploads\f4ec4eaa-8f76-46b1-8868-4c823aa3d4b4.jpeg
2025-05-29 20:55:01 | WARNING  | app.utils.document_validator:validate_file_integrity:226 - File does not match standard naming patterns: WhatsApp Image 2025-05-29 at 4.47.27 PM.jpeg
2025-05-29 20:55:01 | INFO     | app.agents.document_ingest_agent:ingest_document:152 - Document type detected: Image Document, needs OCR: True, rotation: 0°
2025-05-29 20:55:01 | INFO     | app.agents.ocr_normalization_agent:process_document:105 - Starting enhanced extraction process for ./uploads\f4ec4eaa-8f76-46b1-8868-4c823aa3d4b4.jpeg
2025-05-29 20:55:02 | INFO     | app.utils.extract_fields_util:extract_full_document_text:497 - Detected MLS Property Information Form from content, using specialized extraction
2025-05-29 20:55:07 | INFO     | app.agents.ocr_normalization_agent:process_document:119 - Processing document: Image Document, OCR Needed: True
2025-05-29 20:55:07 | INFO     | app.agents.ocr_normalization_agent:process_document:130 - Extraction complete: 2221 chars
2025-05-29 20:55:07 | INFO     | app.agents.ocr_normalization_agent:process_document:131 - Method: specialized_mls_form_ocr, Confidence: 90.00
2025-05-29 20:55:07 | INFO     | app.agents.ocr_normalization_agent:process_document:151 - Successfully extracted text from f4ec4eaa-8f76-46b1-8868-4c823aa3d4b4.jpeg
2025-05-29 20:55:07 | INFO     | app.agents.metadata_hashing_agent:process_document:38 - Generated metadata for WhatsApp Image 2025-05-29 at 4.47.27 PM.jpeg
2025-05-29 20:55:07 | INFO     | app.agents.ocr_normalization_agent:process_document:105 - Starting enhanced extraction process for ./uploads\f4ec4eaa-8f76-46b1-8868-4c823aa3d4b4.jpeg
2025-05-29 20:55:08 | INFO     | app.utils.extract_fields_util:extract_full_document_text:497 - Detected MLS Property Information Form from content, using specialized extraction
2025-05-29 20:55:13 | INFO     | app.agents.ocr_normalization_agent:process_document:119 - Processing document: Image Document, OCR Needed: True
2025-05-29 20:55:13 | INFO     | app.agents.ocr_normalization_agent:process_document:130 - Extraction complete: 2221 chars
2025-05-29 20:55:13 | INFO     | app.agents.ocr_normalization_agent:process_document:131 - Method: specialized_mls_form_ocr, Confidence: 90.00
2025-05-29 20:55:13 | INFO     | app.agents.ocr_normalization_agent:process_document:151 - Successfully extracted text from f4ec4eaa-8f76-46b1-8868-4c823aa3d4b4.jpeg
2025-05-29 20:55:13 | INFO     | app.utils.extract_fields_util:extract_fields_from_text:558 - Processing document text (2221 chars)
2025-05-29 20:55:14 | INFO     | app.agents.nlu_extraction_agent:__init__:30 - Loaded spaCy model: en_core_web_sm
2025-05-29 20:55:22 | INFO     | app.agents.nlu_extraction_agent:extract_fields_sync:300 - Extracted 20 fields from document: document_type, mls_listing, property_address, bathrooms, build_year, land_use_code, flood_risk_score, climate_score, infrastructure_opacity, outdated_tax_delta, regional_data_variation, zoning_record, name, date, amount, price, tax_value, bedrooms, text, extracted_text
2025-05-29 20:55:22 | INFO     | app.agents.nlu_extraction_agent:extract_fields_sync:301 - Successfully extracted 18 field values: {'document_type': 'MLS Property Information Form', 'mls_listing': 'Listing', 'property_address': 'Not Found Price: Not Found Bedrooms: 4 Bathrooms: 3 Property Age: 62 years', 'bathrooms': '3', 'build_year': '1963', 'land_use_code': 'R1', 'flood_risk_score': 'Low Climate Score', 'climate_score': '85 Infrastructure Opacity', 'infrastructure_opacity': 'Low Outdated Tax Delta', 'outdated_tax_delta': '3 Regional Data Variation', 'regional_data_variation': 'Low  ADDITIONAL FIELDS  Property Address', 'zoning_record': 'Residential Flood Risk Score', 'name': 'R1 Zoning Record', 'date': '1963-05-29', 'amount': '$1963.00', 'price': '$1963.00', 'tax_value': '$1963.00', 'bedrooms': '4'}
2025-05-29 20:55:22 | INFO     | app.agents.nlu_extraction_agent:extract_fields:375 - Extracted 21 fields from document: extracted_text, text, document_type, mls_listing, property_address, bathrooms, build_year, land_use_code, flood_risk_score, climate_score, infrastructure_opacity, outdated_tax_delta, regional_data_variation, zoning_record, name, date, amount, price, tax_value, bedrooms, parcel_id
2025-05-29 20:55:22 | INFO     | app.agents.nlu_extraction_agent:extract_fields:379 - Successfully extracted 18 field values: {'document_type': 'MLS Property Information Form', 'mls_listing': 'Listing', 'property_address': 'Not Found Price: Not Found Bedrooms: 4 Bathrooms: 3 Property Age: 62 years', 'bathrooms': '3', 'build_year': '1963', 'land_use_code': 'R1', 'flood_risk_score': 'Low Climate Score', 'climate_score': '85 Infrastructure Opacity', 'infrastructure_opacity': 'Low Outdated Tax Delta', 'outdated_tax_delta': '3 Regional Data Variation', 'regional_data_variation': 'Low  ADDITIONAL FIELDS  Property Address', 'zoning_record': 'Residential Flood Risk Score', 'name': 'R1 Zoning Record', 'date': '1963-05-29', 'amount': '$1963.00', 'price': '$1963.00', 'tax_value': '$1963.00', 'bedrooms': '4'}
2025-05-29 20:55:22 | INFO     | main:process_document:498 - Calculated risk score: 32 based on extracted fields
2025-05-29 20:55:25 | INFO     | app.agents.embedding_agent:generate_embedding:109 - Successfully generated embedding of dimension 1536
2025-05-29 20:55:25 | INFO     | app.agents.embedding_agent:process_document:140 - Successfully processed document and generated embedding
2025-05-29 20:55:25 | INFO     | app.agents.rag_agent:_get_connection:128 - Attempting to connect to database postgres as user postgres...
2025-05-29 20:55:25 | INFO     | app.agents.rag_agent:_get_connection:142 - Database connection successful with PG_* parameters
2025-05-29 20:55:25 | INFO     | app.agents.rag_agent:_get_connection:128 - Attempting to connect to database postgres as user postgres...
2025-05-29 20:55:26 | INFO     | app.agents.rag_agent:_get_connection:142 - Database connection successful with PG_* parameters
2025-05-29 20:55:26 | INFO     | app.agents.rag_agent:_get_connection:128 - Attempting to connect to database postgres as user postgres...
2025-05-29 20:55:26 | INFO     | app.agents.rag_agent:_get_connection:142 - Database connection successful with PG_* parameters
2025-05-29 20:55:26 | INFO     | app.agents.rag_agent:_get_connection:128 - Attempting to connect to database postgres as user postgres...
2025-05-29 20:55:26 | INFO     | app.agents.rag_agent:_get_connection:142 - Database connection successful with PG_* parameters
2025-05-29 20:55:26 | INFO     | app.agents.rag_agent:store_embedding:346 - Successfully stored embedding with ID: a43ca16d-2eb2-42f8-8c4e-cf0bbd2db33b
2025-05-29 20:55:26 | INFO     | app.agents.rag_agent:_get_connection:128 - Attempting to connect to database postgres as user postgres...
2025-05-29 20:55:26 | INFO     | app.agents.rag_agent:_get_connection:142 - Database connection successful with PG_* parameters
2025-05-29 20:55:26 | INFO     | app.agents.rag_agent:_get_connection:128 - Attempting to connect to database postgres as user postgres...
2025-05-29 20:55:26 | INFO     | app.agents.rag_agent:_get_connection:142 - Database connection successful with PG_* parameters
2025-05-29 20:55:26 | INFO     | app.agents.rag_agent:find_similar_documents:444 - Found 1 similar documents
2025-05-29 20:55:26 | INFO     | app.agents.rag_agent:process_document:555 - Successfully processed document through RAG pipeline
2025-05-29 20:55:26 | INFO     | main:process_document:560 - Successfully processed document: WhatsApp Image 2025-05-29 at 4.47.27 PM.jpeg
2025-05-29 20:55:26 | INFO     | main:process_document:1062 - Generated structured text with all required fields displayed
2025-05-29 20:56:47 | WARNING  | app.agents.document_ingest_agent:ingest_document:82 - File does not match standard naming patterns: PROPERTY REPORT 2.pdf
2025-05-29 20:56:47 | INFO     | app.agents.document_ingest_agent:ingest_document:110 - File saved: ./uploads\54ca6b96-b22b-470d-a815-f5f663398664.pdf
2025-05-29 20:56:47 | WARNING  | app.utils.document_validator:validate_file_integrity:226 - File does not match standard naming patterns: PROPERTY REPORT 2.pdf
2025-05-29 20:56:47 | INFO     | app.agents.document_ingest_agent:ingest_document:152 - Document type detected: PDF Document, needs OCR: True, rotation: 0°
2025-05-29 20:56:47 | INFO     | app.agents.ocr_normalization_agent:process_document:105 - Starting enhanced extraction process for ./uploads\54ca6b96-b22b-470d-a815-f5f663398664.pdf
2025-05-29 20:56:47 | INFO     | app.agents.ocr_normalization_agent:process_document:119 - Processing document: PDF Document, OCR Needed: True
2025-05-29 20:56:47 | INFO     | app.agents.ocr_normalization_agent:process_document:130 - Extraction complete: 715 chars
2025-05-29 20:56:47 | INFO     | app.agents.ocr_normalization_agent:process_document:131 - Method: direct_extraction, Confidence: 90.00
2025-05-29 20:56:47 | INFO     | app.agents.ocr_normalization_agent:process_document:151 - Successfully extracted text from 54ca6b96-b22b-470d-a815-f5f663398664.pdf
2025-05-29 20:56:47 | INFO     | app.agents.metadata_hashing_agent:process_document:38 - Generated metadata for PROPERTY REPORT 2.pdf
2025-05-29 20:56:47 | INFO     | app.agents.ocr_normalization_agent:process_document:105 - Starting enhanced extraction process for ./uploads\54ca6b96-b22b-470d-a815-f5f663398664.pdf
2025-05-29 20:56:47 | INFO     | app.agents.ocr_normalization_agent:process_document:119 - Processing document: PDF Document, OCR Needed: True
2025-05-29 20:56:47 | INFO     | app.agents.ocr_normalization_agent:process_document:130 - Extraction complete: 715 chars
2025-05-29 20:56:47 | INFO     | app.agents.ocr_normalization_agent:process_document:131 - Method: direct_extraction, Confidence: 90.00
2025-05-29 20:56:47 | INFO     | app.agents.ocr_normalization_agent:process_document:151 - Successfully extracted text from 54ca6b96-b22b-470d-a815-f5f663398664.pdf
2025-05-29 20:56:47 | INFO     | app.utils.extract_fields_util:extract_fields_from_text:558 - Processing document text (715 chars)
2025-05-29 20:56:49 | INFO     | app.agents.nlu_extraction_agent:__init__:30 - Loaded spaCy model: en_core_web_sm
2025-05-29 20:56:49 | INFO     | app.agents.nlu_extraction_agent:extract_fields_sync:300 - Extracted 21 fields from document: document_type, mls_listing, property_address, bedrooms, land_use_code, flood_risk_score, climate_score, infrastructure_opacity, outdated_tax_delta, regional_data_variation, zoning_record, name, date, amount, price, parcel_id, tax_value, build_year, bathrooms, text, extracted_text
2025-05-29 20:56:49 | INFO     | app.agents.nlu_extraction_agent:extract_fields_sync:301 - Successfully extracted 19 field values: {'document_type': 'MLS Property Information Form', 'mls_listing': 'Listing', 'property_address': '1542 Oakwood Drive, Denver, CO 80220 Parcel ID: 08-35-2147 Owner: Samantha Lee Tax Year: 2024 Building Characteristics:', 'bedrooms': '3', 'land_use_code': '0189', 'flood_risk_score': '12', 'climate_score': '81 Property Address', 'infrastructure_opacity': 'Medium Regional Data Variation', 'outdated_tax_delta': '2. 8 Infrastructure Opacity', 'regional_data_variation': 'Low Climate Score', 'zoning_record': 'R-3 Residential High Density Zone Outdated Tax Delta', 'name': 'Samantha Lee Tax Year', 'date': '2024-05-29', 'amount': '$2245789.00', 'price': '$2245789.00', 'parcel_id': 'ID', 'tax_value': '$2245789.00', 'build_year': '2010', 'bathrooms': '2.'}
2025-05-29 20:56:49 | INFO     | app.agents.nlu_extraction_agent:extract_fields:375 - Extracted 21 fields from document: extracted_text, text, document_type, mls_listing, property_address, bedrooms, land_use_code, flood_risk_score, climate_score, infrastructure_opacity, outdated_tax_delta, regional_data_variation, zoning_record, name, date, amount, price, parcel_id, tax_value, build_year, bathrooms
2025-05-29 20:56:49 | INFO     | app.agents.nlu_extraction_agent:extract_fields:379 - Successfully extracted 19 field values: {'document_type': 'MLS Property Information Form', 'mls_listing': 'Listing', 'property_address': '1542 Oakwood Drive, Denver, CO 80220 Parcel ID: 08-35-2147 Owner: Samantha Lee Tax Year: 2024 Building Characteristics:', 'bedrooms': '3', 'land_use_code': '0189', 'flood_risk_score': '12', 'climate_score': '81 Property Address', 'infrastructure_opacity': 'Medium Regional Data Variation', 'outdated_tax_delta': '2. 8 Infrastructure Opacity', 'regional_data_variation': 'Low Climate Score', 'zoning_record': 'R-3 Residential High Density Zone Outdated Tax Delta', 'name': 'Samantha Lee Tax Year', 'date': '2024-05-29', 'amount': '$2245789.00', 'price': '$2245789.00', 'parcel_id': 'ID', 'tax_value': '$2245789.00', 'build_year': '2010', 'bathrooms': '2.'}
2025-05-29 20:56:49 | INFO     | main:process_document:498 - Calculated risk score: 35 based on extracted fields
2025-05-29 20:56:50 | INFO     | app.agents.embedding_agent:generate_embedding:109 - Successfully generated embedding of dimension 1536
2025-05-29 20:56:50 | INFO     | app.agents.embedding_agent:process_document:140 - Successfully processed document and generated embedding
2025-05-29 20:56:50 | INFO     | app.agents.rag_agent:_get_connection:128 - Attempting to connect to database postgres as user postgres...
2025-05-29 20:56:50 | INFO     | app.agents.rag_agent:_get_connection:142 - Database connection successful with PG_* parameters
2025-05-29 20:56:50 | INFO     | app.agents.rag_agent:_get_connection:128 - Attempting to connect to database postgres as user postgres...
2025-05-29 20:56:50 | INFO     | app.agents.rag_agent:_get_connection:142 - Database connection successful with PG_* parameters
2025-05-29 20:56:50 | INFO     | app.agents.rag_agent:_get_connection:128 - Attempting to connect to database postgres as user postgres...
2025-05-29 20:56:50 | INFO     | app.agents.rag_agent:_get_connection:142 - Database connection successful with PG_* parameters
2025-05-29 20:56:50 | INFO     | app.agents.rag_agent:_get_connection:128 - Attempting to connect to database postgres as user postgres...
2025-05-29 20:56:51 | INFO     | app.agents.rag_agent:_get_connection:142 - Database connection successful with PG_* parameters
2025-05-29 20:56:51 | INFO     | app.agents.rag_agent:store_embedding:346 - Successfully stored embedding with ID: 51cba61d-428e-45b0-b2f5-95e837fb4da7
2025-05-29 20:56:51 | INFO     | app.agents.rag_agent:_get_connection:128 - Attempting to connect to database postgres as user postgres...
2025-05-29 20:56:51 | INFO     | app.agents.rag_agent:_get_connection:142 - Database connection successful with PG_* parameters
2025-05-29 20:56:51 | INFO     | app.agents.rag_agent:_get_connection:128 - Attempting to connect to database postgres as user postgres...
2025-05-29 20:56:51 | INFO     | app.agents.rag_agent:_get_connection:142 - Database connection successful with PG_* parameters
2025-05-29 20:56:51 | INFO     | app.agents.rag_agent:find_similar_documents:444 - Found 2 similar documents
2025-05-29 20:56:51 | INFO     | app.agents.rag_agent:process_document:555 - Successfully processed document through RAG pipeline
2025-05-29 20:56:51 | INFO     | main:process_document:560 - Successfully processed document: PROPERTY REPORT 2.pdf
2025-05-29 20:56:51 | INFO     | main:process_document:1062 - Generated structured text with all required fields displayed
